dataset,signature_id,iteration,pseudo_mean_delta_z,exact_bin_match_fraction,status
GSE106878,SIG001,1,-0.1895454033327177,1,SUCCESS
GSE106878,SIG001,2,-0.6199471658559561,1,SUCCESS
GSE106878,SIG001,3,-0.1491735968672503,1,SUCCESS
GSE106878,SIG001,4,-0.2065115800780451,1,SUCCESS
GSE106878,SIG001,5,-0.9417527283290832,1,SUCCESS
GSE106878,SIG001,6,-0.3148288151389625,1,SUCCESS
GSE106878,SIG001,7,-0.1321679123497419,1,SUCCESS
GSE106878,SIG001,8,0.2240450132896852,1,SUCCESS
GSE106878,SIG001,9,-0.4387245538461923,1,SUCCESS
GSE106878,SIG001,10,0.3042206164525763,1,SUCCESS
GSE106878,SIG001,11,0.1106377096185734,1,SUCCESS
GSE106878,SIG001,12,-0.247154111518136,1,SUCCESS
GSE106878,SIG001,13,-0.0339057538866267,1,SUCCESS
GSE106878,SIG001,14,-0.4373720466756722,1,SUCCESS
GSE106878,SIG001,15,-0.041716299362347,1,SUCCESS
GSE106878,SIG001,16,0.2667552170784077,1,SUCCESS
GSE106878,SIG001,17,-0.3057513430060581,1,SUCCESS
GSE106878,SIG001,18,-0.9713050392225296,1,SUCCESS
GSE106878,SIG001,19,0.3650253767478079,1,SUCCESS
GSE106878,SIG001,20,0.1211295424636945,1,SUCCESS
GSE106878,SIG001,21,0.141828136530678,1,SUCCESS
GSE106878,SIG001,22,-0.2587294520993823,1,SUCCESS
GSE106878,SIG001,23,-0.4121270792305878,1,SUCCESS
GSE106878,SIG001,24,-0.1639302500509951,1,SUCCESS
GSE106878,SIG001,25,-0.2514346169678793,1,SUCCESS
GSE106878,SIG001,26,0.5258742634796836,1,SUCCESS
GSE106878,SIG001,27,0.7235941311747718,1,SUCCESS
GSE106878,SIG001,28,0.3186912444897304,1,SUCCESS
GSE106878,SIG001,29,-0.4286830821918994,1,SUCCESS
GSE106878,SIG001,30,-0.4790519262319257,1,SUCCESS
GSE106878,SIG001,31,0.5002318143782746,1,SUCCESS
GSE106878,SIG001,32,-0.250482767079887,1,SUCCESS
GSE106878,SIG001,33,-0.4794792527431155,1,SUCCESS
GSE106878,SIG001,34,0.3290595860012157,1,SUCCESS
GSE106878,SIG001,35,0.0935179358645378,1,SUCCESS
GSE106878,SIG001,36,-0.335470184292122,1,SUCCESS
GSE106878,SIG001,37,-0.5737352447262525,1,SUCCESS
GSE106878,SIG001,38,0.0982161794717347,1,SUCCESS
GSE106878,SIG001,39,-0.4732714050843998,1,SUCCESS
GSE106878,SIG001,40,-0.0569715693411598,1,SUCCESS
GSE106878,SIG001,41,0.1230063815144844,1,SUCCESS
GSE106878,SIG001,42,0.140866645376483,1,SUCCESS
GSE106878,SIG001,43,0.1735251426459066,1,SUCCESS
GSE106878,SIG001,44,-0.4995568008385144,1,SUCCESS
GSE106878,SIG001,45,-0.3137870875692765,1,SUCCESS
GSE106878,SIG001,46,-0.0241624340166031,1,SUCCESS
GSE106878,SIG001,47,0.5996964024196361,1,SUCCESS
GSE106878,SIG001,48,-0.151704604485344,1,SUCCESS
GSE106878,SIG001,49,-0.0201496028579958,1,SUCCESS
GSE106878,SIG001,50,-0.4129127495212616,1,SUCCESS
GSE106878,SIG001,51,-0.0663336796414516,1,SUCCESS
GSE106878,SIG001,52,-0.6932994181525169,1,SUCCESS
GSE106878,SIG001,53,-0.3771087586686096,1,SUCCESS
GSE106878,SIG001,54,0.0104779451445857,1,SUCCESS
GSE106878,SIG001,55,0.2497744818175076,1,SUCCESS
GSE106878,SIG001,56,-0.2314331340110166,1,SUCCESS
GSE106878,SIG001,57,-0.2965869293923142,1,SUCCESS
GSE106878,SIG001,58,-0.1658276876588787,1,SUCCESS
GSE106878,SIG001,59,0.1204737625349264,1,SUCCESS
GSE106878,SIG001,60,-1.02517724192104,1,SUCCESS
GSE106878,SIG001,61,-0.1230177412263594,1,SUCCESS
GSE106878,SIG001,62,0.2942889649135893,1,SUCCESS
GSE106878,SIG001,63,0.161605597684826,1,SUCCESS
GSE106878,SIG001,64,-0.245087591416211,1,SUCCESS
GSE106878,SIG001,65,-0.2799134746209502,1,SUCCESS
GSE106878,SIG001,66,-0.0851279499613709,1,SUCCESS
GSE106878,SIG001,67,0.4226740708471264,1,SUCCESS
GSE106878,SIG001,68,0.4135177678794493,1,SUCCESS
GSE106878,SIG001,69,0.3092227745680267,1,SUCCESS
GSE106878,SIG001,70,-0.4431414613386164,1,SUCCESS
GSE106878,SIG001,71,-0.3761192099589282,1,SUCCESS
GSE106878,SIG001,72,0.1213811779314258,1,SUCCESS
GSE106878,SIG001,73,0.237285858276892,1,SUCCESS
GSE106878,SIG001,74,-0.0621632821369652,1,SUCCESS
GSE106878,SIG001,75,-1.111685490910226,1,SUCCESS
GSE106878,SIG001,76,0.8132217981018461,1,SUCCESS
GSE106878,SIG001,77,0.3732907383435171,1,SUCCESS
GSE106878,SIG001,78,0.4273236362535195,1,SUCCESS
GSE106878,SIG001,79,0.0002910715320226,1,SUCCESS
GSE106878,SIG001,80,-0.342489894792227,1,SUCCESS
GSE106878,SIG001,81,0.1564141749442744,1,SUCCESS
GSE106878,SIG001,82,-0.5384777865096185,1,SUCCESS
GSE106878,SIG001,83,-0.1465705730966996,1,SUCCESS
GSE106878,SIG001,84,0.1250242559714767,1,SUCCESS
GSE106878,SIG001,85,0.3853239562998297,1,SUCCESS
GSE106878,SIG001,86,-0.285338003674521,1,SUCCESS
GSE106878,SIG001,87,0.6536283023227837,1,SUCCESS
GSE106878,SIG001,88,-0.094722669253892,1,SUCCESS
GSE106878,SIG001,89,0.4754081476849625,1,SUCCESS
GSE106878,SIG001,90,-0.401220987457389,1,SUCCESS
GSE106878,SIG001,91,-0.0351098058081817,1,SUCCESS
GSE106878,SIG001,92,0.0024963348056856,1,SUCCESS
GSE106878,SIG001,93,-0.5539120727362756,1,SUCCESS
GSE106878,SIG001,94,-0.5532238203999229,1,SUCCESS
GSE106878,SIG001,95,0.059519341304369,1,SUCCESS
GSE106878,SIG001,96,0.2848684778087776,1,SUCCESS
GSE106878,SIG001,97,-0.1452839641745643,1,SUCCESS
GSE106878,SIG001,98,0.3203843732508253,1,SUCCESS
GSE106878,SIG001,99,-0.1917797262264821,1,SUCCESS
GSE106878,SIG001,100,0.3500254120952834,1,SUCCESS
GSE106878,SIG001,101,-0.1099435953153205,1,SUCCESS
GSE106878,SIG001,102,-0.8559562603810862,1,SUCCESS
GSE106878,SIG001,103,0.3441389352739739,1,SUCCESS
GSE106878,SIG001,104,-0.450909700194944,1,SUCCESS
GSE106878,SIG001,105,0.3964978287608935,1,SUCCESS
GSE106878,SIG001,106,-0.0542446008891308,1,SUCCESS
GSE106878,SIG001,107,-0.3745611012354914,1,SUCCESS
GSE106878,SIG001,108,0.2621696061639489,1,SUCCESS
GSE106878,SIG001,109,0.6604951275836101,1,SUCCESS
GSE106878,SIG001,110,-0.0522531718763894,1,SUCCESS
GSE106878,SIG001,111,0.581516257277137,1,SUCCESS
GSE106878,SIG001,112,0.0369481885438813,1,SUCCESS
GSE106878,SIG001,113,0.3844719593299052,1,SUCCESS
GSE106878,SIG001,114,0.1885267191839239,1,SUCCESS
GSE106878,SIG001,115,-0.756682939067181,1,SUCCESS
GSE106878,SIG001,116,0.2389964718616238,1,SUCCESS
GSE106878,SIG001,117,-0.3496558590308095,1,SUCCESS
GSE106878,SIG001,118,-0.5801056713898384,1,SUCCESS
GSE106878,SIG001,119,0.7708514520399072,1,SUCCESS
GSE106878,SIG001,120,0.3328389900369923,1,SUCCESS
GSE106878,SIG001,121,0.0322919906572237,1,SUCCESS
GSE106878,SIG001,122,0.042952566341308,1,SUCCESS
GSE106878,SIG001,123,-0.0992726836973527,1,SUCCESS
GSE106878,SIG001,124,-0.3985662101993931,1,SUCCESS
GSE106878,SIG001,125,0.5976707543694906,1,SUCCESS
GSE106878,SIG001,126,-0.6810262658956832,1,SUCCESS
GSE106878,SIG001,127,-0.2689487007427114,1,SUCCESS
GSE106878,SIG001,128,-0.0133987685309141,1,SUCCESS
GSE106878,SIG001,129,-0.2213734958636795,1,SUCCESS
GSE106878,SIG001,130,-0.4571530720281079,1,SUCCESS
GSE106878,SIG001,131,-0.4255342194466844,1,SUCCESS
GSE106878,SIG001,132,0.1497868848244608,1,SUCCESS
GSE106878,SIG001,133,-0.4948599809622017,1,SUCCESS
GSE106878,SIG001,134,-0.5318082410198257,1,SUCCESS
GSE106878,SIG001,135,0.2137316022126241,1,SUCCESS
GSE106878,SIG001,136,-0.5946592991930237,1,SUCCESS
GSE106878,SIG001,137,-0.1736293634024253,1,SUCCESS
GSE106878,SIG001,138,0.336229346534218,1,SUCCESS
GSE106878,SIG001,139,0.3562545238265263,1,SUCCESS
GSE106878,SIG001,140,0.3409768126564829,1,SUCCESS
GSE106878,SIG001,141,-0.2880263971991619,1,SUCCESS
GSE106878,SIG001,142,-0.3347970859686294,1,SUCCESS
GSE106878,SIG001,143,0.0297522509628634,1,SUCCESS
GSE106878,SIG001,144,0.312960051797563,1,SUCCESS
GSE106878,SIG001,145,-0.0242278865574916,1,SUCCESS
GSE106878,SIG001,146,0.0049420434440275,1,SUCCESS
GSE106878,SIG001,147,0.1008645575729913,1,SUCCESS
GSE106878,SIG001,148,-0.5669402199083117,1,SUCCESS
GSE106878,SIG001,149,-0.2182846595963435,1,SUCCESS
GSE106878,SIG001,150,-0.163278798072841,1,SUCCESS
GSE106878,SIG001,151,-1.07123081422814,1,SUCCESS
GSE106878,SIG001,152,-0.0097410664865781,1,SUCCESS
GSE106878,SIG001,153,-0.0098960844296316,1,SUCCESS
GSE106878,SIG001,154,-0.4580484358288545,1,SUCCESS
GSE106878,SIG001,155,0.3628450714636545,1,SUCCESS
GSE106878,SIG001,156,-0.1393383195742377,1,SUCCESS
GSE106878,SIG001,157,0.0439009344725558,1,SUCCESS
GSE106878,SIG001,158,0.3537939199384254,1,SUCCESS
GSE106878,SIG001,159,0.0651525609810901,1,SUCCESS
GSE106878,SIG001,160,-0.0484586537551437,1,SUCCESS
GSE106878,SIG001,161,-0.7914561884233949,1,SUCCESS
GSE106878,SIG001,162,-0.6115325975263753,1,SUCCESS
GSE106878,SIG001,163,-0.426207263003148,1,SUCCESS
GSE106878,SIG001,164,-0.1472285031454886,1,SUCCESS
GSE106878,SIG001,165,0.6377509117963668,1,SUCCESS
GSE106878,SIG001,166,0.1124316651926535,1,SUCCESS
GSE106878,SIG001,167,-0.3635052810618272,1,SUCCESS
GSE106878,SIG001,168,0.3000187924218166,1,SUCCESS
GSE106878,SIG001,169,-0.246802106272705,1,SUCCESS
GSE106878,SIG001,170,-0.0268912105087465,1,SUCCESS
GSE106878,SIG001,171,0.5812849719340794,1,SUCCESS
GSE106878,SIG001,172,-0.1855373715352589,1,SUCCESS
GSE106878,SIG001,173,-0.7492114334189185,1,SUCCESS
GSE106878,SIG001,174,-0.1352759346873,1,SUCCESS
GSE106878,SIG001,175,-0.0327430820167052,1,SUCCESS
GSE106878,SIG001,176,-0.1625030732431089,1,SUCCESS
GSE106878,SIG001,177,-1.0291781451967636,1,SUCCESS
GSE106878,SIG001,178,-0.1512626692781063,1,SUCCESS
GSE106878,SIG001,179,-0.5094828746011568,1,SUCCESS
GSE106878,SIG001,180,-0.1604208094913078,1,SUCCESS
GSE106878,SIG001,181,0.0805452052755823,1,SUCCESS
GSE106878,SIG001,182,-0.5454668309145083,1,SUCCESS
GSE106878,SIG001,183,0.4464028273008553,1,SUCCESS
GSE106878,SIG001,184,-0.3776077127659626,1,SUCCESS
GSE106878,SIG001,185,0.3858316608134087,1,SUCCESS
GSE106878,SIG001,186,-0.0085491569916171,1,SUCCESS
GSE106878,SIG001,187,-0.0285902765976626,1,SUCCESS
GSE106878,SIG001,188,0.2579723260141787,1,SUCCESS
GSE106878,SIG001,189,-0.2080764426219309,1,SUCCESS
GSE106878,SIG001,190,-0.3920440928919777,1,SUCCESS
GSE106878,SIG001,191,0.101073935430176,1,SUCCESS
GSE106878,SIG001,192,-1.0357332633094594,1,SUCCESS
GSE106878,SIG001,193,-0.4490378246741307,1,SUCCESS
GSE106878,SIG001,194,0.3585827430376126,1,SUCCESS
GSE106878,SIG001,195,-0.3829731145973146,1,SUCCESS
GSE106878,SIG001,196,-0.1421538465626366,1,SUCCESS
GSE106878,SIG001,197,0.0400483212121936,1,SUCCESS
GSE106878,SIG001,198,0.0153821536753244,1,SUCCESS
GSE106878,SIG001,199,-0.0028048671232912,1,SUCCESS
GSE106878,SIG001,200,0.5887003663883545,1,SUCCESS
GSE106878,SIG001,201,-0.1512334365168737,1,SUCCESS
GSE106878,SIG001,202,0.0334171219656966,1,SUCCESS
GSE106878,SIG001,203,-0.9154811893126942,1,SUCCESS
GSE106878,SIG001,204,0.0789250447307823,1,SUCCESS
GSE106878,SIG001,205,-0.2711866006695113,1,SUCCESS
GSE106878,SIG001,206,-0.4758538802050718,1,SUCCESS
GSE106878,SIG001,207,-0.4832136956514616,1,SUCCESS
GSE106878,SIG001,208,-0.2923318048785941,1,SUCCESS
GSE106878,SIG001,209,-0.2461045001516362,1,SUCCESS
GSE106878,SIG001,210,-0.3814421505145189,1,SUCCESS
GSE106878,SIG001,211,-0.506372314597793,1,SUCCESS
GSE106878,SIG001,212,0.0375493217264329,1,SUCCESS
GSE106878,SIG001,213,-0.061545939476614,1,SUCCESS
GSE106878,SIG001,214,-0.0654768441297545,1,SUCCESS
GSE106878,SIG001,215,-0.0700510575671969,1,SUCCESS
GSE106878,SIG001,216,-0.1659344192785917,1,SUCCESS
GSE106878,SIG001,217,-0.3640460563228312,1,SUCCESS
GSE106878,SIG001,218,-0.421108827193497,1,SUCCESS
GSE106878,SIG001,219,0.0105460802169225,1,SUCCESS
GSE106878,SIG001,220,0.2897935162665747,1,SUCCESS
GSE106878,SIG001,221,0.1048001813444853,1,SUCCESS
GSE106878,SIG001,222,0.1259710456838988,1,SUCCESS
GSE106878,SIG001,223,-0.4426705676646816,1,SUCCESS
GSE106878,SIG001,224,-0.4225217525645117,1,SUCCESS
GSE106878,SIG001,225,-0.148127646232179,1,SUCCESS
GSE106878,SIG001,226,-0.1338558678830496,1,SUCCESS
GSE106878,SIG001,227,-0.2047333889837189,1,SUCCESS
GSE106878,SIG001,228,-0.2537665707099734,1,SUCCESS
GSE106878,SIG001,229,-0.3012968193907116,1,SUCCESS
GSE106878,SIG001,230,-0.2950398174119425,1,SUCCESS
GSE106878,SIG001,231,0.2321433596301073,1,SUCCESS
GSE106878,SIG001,232,0.2776734783882743,1,SUCCESS
GSE106878,SIG001,233,-0.2440414162131498,1,SUCCESS
GSE106878,SIG001,234,-0.2300546729817938,1,SUCCESS
GSE106878,SIG001,235,-0.3966456559650668,1,SUCCESS
GSE106878,SIG001,236,0.0476160362853074,1,SUCCESS
GSE106878,SIG001,237,0.511535994478112,1,SUCCESS
GSE106878,SIG001,238,-0.2927504040260012,1,SUCCESS
GSE106878,SIG001,239,-0.1112573437120129,1,SUCCESS
GSE106878,SIG001,240,0.4503132798530683,1,SUCCESS
GSE106878,SIG001,241,-0.0424374183297385,1,SUCCESS
GSE106878,SIG001,242,-0.537003919431614,1,SUCCESS
GSE106878,SIG001,243,0.4510407639105905,1,SUCCESS
GSE106878,SIG001,244,0.0547523978902793,1,SUCCESS
GSE106878,SIG001,245,-0.5202218618404961,1,SUCCESS
GSE106878,SIG001,246,-0.2131479788186105,1,SUCCESS
GSE106878,SIG001,247,-0.6044997140510523,1,SUCCESS
GSE106878,SIG001,248,0.0963075488102345,1,SUCCESS
GSE106878,SIG001,249,0.1134830713754741,1,SUCCESS
GSE106878,SIG001,250,0.3014799210765344,1,SUCCESS
GSE106878,SIG001,251,0.1881086793275565,1,SUCCESS
GSE106878,SIG001,252,-0.2054241804965207,1,SUCCESS
GSE106878,SIG001,253,-0.1011579795287576,1,SUCCESS
GSE106878,SIG001,254,0.2817131430955849,1,SUCCESS
GSE106878,SIG001,255,-0.1428840573395056,1,SUCCESS
GSE106878,SIG001,256,-0.1491416602737472,1,SUCCESS
GSE106878,SIG001,257,0.1616663373500398,1,SUCCESS
GSE106878,SIG001,258,-0.4600815563798924,1,SUCCESS
GSE106878,SIG001,259,-0.0395516173423294,1,SUCCESS
GSE106878,SIG001,260,0.0256489362179128,1,SUCCESS
GSE106878,SIG001,261,-0.5029986119488731,1,SUCCESS
GSE106878,SIG001,262,-0.3123647542250121,1,SUCCESS
GSE106878,SIG001,263,0.1142320135866674,1,SUCCESS
GSE106878,SIG001,264,-0.8067379211171862,1,SUCCESS
GSE106878,SIG001,265,0.3016915930956873,1,SUCCESS
GSE106878,SIG001,266,-0.6315254457152568,1,SUCCESS
GSE106878,SIG001,267,-0.6992247748523623,1,SUCCESS
GSE106878,SIG001,268,-0.7368555427589393,1,SUCCESS
GSE106878,SIG001,269,-0.5411958012695604,1,SUCCESS
GSE106878,SIG001,270,-0.2907200191004777,1,SUCCESS
GSE106878,SIG001,271,-0.3663751207144461,1,SUCCESS
GSE106878,SIG001,272,-0.3900760209142855,1,SUCCESS
GSE106878,SIG001,273,-0.0639540261831528,1,SUCCESS
GSE106878,SIG001,274,-0.17637597242539,1,SUCCESS
GSE106878,SIG001,275,-0.4793430046909654,1,SUCCESS
GSE106878,SIG001,276,-0.6840127692480532,1,SUCCESS
GSE106878,SIG001,277,-0.1826255860358187,1,SUCCESS
GSE106878,SIG001,278,-1.1915616176938255,1,SUCCESS
GSE106878,SIG001,279,-1.345113358440685,1,SUCCESS
GSE106878,SIG001,280,0.1633345970224847,1,SUCCESS
GSE106878,SIG001,281,-0.0971700227670588,1,SUCCESS
GSE106878,SIG001,282,0.0667658371894043,1,SUCCESS
GSE106878,SIG001,283,0.4478032130857511,1,SUCCESS
GSE106878,SIG001,284,-0.2915886080769261,1,SUCCESS
GSE106878,SIG001,285,-0.0445513479474349,1,SUCCESS
GSE106878,SIG001,286,-0.2992837621880241,1,SUCCESS
GSE106878,SIG001,287,0.0977756551843542,1,SUCCESS
GSE106878,SIG001,288,-0.3193313090089892,1,SUCCESS
GSE106878,SIG001,289,-0.1360498401027388,1,SUCCESS
GSE106878,SIG001,290,-0.3666485212345687,1,SUCCESS
GSE106878,SIG001,291,-0.4227141771972229,1,SUCCESS
GSE106878,SIG001,292,0.126189911931914,1,SUCCESS
GSE106878,SIG001,293,-0.3668890574793716,1,SUCCESS
GSE106878,SIG001,294,0.2000908255157907,1,SUCCESS
GSE106878,SIG001,295,0.2053362080856168,1,SUCCESS
GSE106878,SIG001,296,-0.5062406626527153,1,SUCCESS
GSE106878,SIG001,297,-0.2650276347720747,1,SUCCESS
GSE106878,SIG001,298,-0.2887293074730021,1,SUCCESS
GSE106878,SIG001,299,0.011411582504691,1,SUCCESS
GSE106878,SIG001,300,-0.1688165458774664,1,SUCCESS
GSE106878,SIG001,301,0.2955645424972956,1,SUCCESS
GSE106878,SIG001,302,0.0171853311150497,1,SUCCESS
GSE106878,SIG001,303,0.1659036874677845,1,SUCCESS
GSE106878,SIG001,304,-0.4655030780622577,1,SUCCESS
GSE106878,SIG001,305,-0.1735610622797555,1,SUCCESS
GSE106878,SIG001,306,-0.0508279344143327,1,SUCCESS
GSE106878,SIG001,307,0.414570181041948,1,SUCCESS
GSE106878,SIG001,308,-0.4007162286281392,1,SUCCESS
GSE106878,SIG001,309,-0.4737372687369313,1,SUCCESS
GSE106878,SIG001,310,-0.4046101704958204,1,SUCCESS
GSE106878,SIG001,311,0.4286400693263711,1,SUCCESS
GSE106878,SIG001,312,-0.2559457997973592,1,SUCCESS
GSE106878,SIG001,313,-0.1844402901542054,1,SUCCESS
GSE106878,SIG001,314,-0.0157260204677414,1,SUCCESS
GSE106878,SIG001,315,-0.3606464187681475,1,SUCCESS
GSE106878,SIG001,316,-0.1159378647642661,1,SUCCESS
GSE106878,SIG001,317,0.0535956620287337,1,SUCCESS
GSE106878,SIG001,318,-0.008271108962183,1,SUCCESS
GSE106878,SIG001,319,-0.1374957652954606,1,SUCCESS
GSE106878,SIG001,320,-0.344495244199594,1,SUCCESS
GSE106878,SIG001,321,-0.564042488935124,1,SUCCESS
GSE106878,SIG001,322,0.4344174244816382,1,SUCCESS
GSE106878,SIG001,323,-0.4951464755104647,1,SUCCESS
GSE106878,SIG001,324,0.0411123202589362,1,SUCCESS
GSE106878,SIG001,325,0.1128669686512923,1,SUCCESS
GSE106878,SIG001,326,0.0980113570241515,1,SUCCESS
GSE106878,SIG001,327,0.066035054681577,1,SUCCESS
GSE106878,SIG001,328,-0.3458674501792009,1,SUCCESS
GSE106878,SIG001,329,-0.5127793375255507,1,SUCCESS
GSE106878,SIG001,330,0.0702443266847537,1,SUCCESS
GSE106878,SIG001,331,-0.4594625524863634,1,SUCCESS
GSE106878,SIG001,332,-0.3865385107666736,1,SUCCESS
GSE106878,SIG001,333,0.0058969459463534,1,SUCCESS
GSE106878,SIG001,334,-0.5282507056212759,1,SUCCESS
GSE106878,SIG001,335,-0.0745852787944097,1,SUCCESS
GSE106878,SIG001,336,0.3913741351466674,1,SUCCESS
GSE106878,SIG001,337,0.2488615737910313,1,SUCCESS
GSE106878,SIG001,338,-0.2469868118103174,1,SUCCESS
GSE106878,SIG001,339,-0.0230009716363324,1,SUCCESS
GSE106878,SIG001,340,0.5955662174505293,1,SUCCESS
GSE106878,SIG001,341,-0.2730824147836375,1,SUCCESS
GSE106878,SIG001,342,0.3798599673934607,1,SUCCESS
GSE106878,SIG001,343,-0.2483593236163869,1,SUCCESS
GSE106878,SIG001,344,0.1339778049115113,1,SUCCESS
GSE106878,SIG001,345,0.0970990168656941,1,SUCCESS
GSE106878,SIG001,346,0.3433926464572497,1,SUCCESS
GSE106878,SIG001,347,-0.1221082972835028,1,SUCCESS
GSE106878,SIG001,348,0.2011392559488659,1,SUCCESS
GSE106878,SIG001,349,-0.5122170703277167,1,SUCCESS
GSE106878,SIG001,350,-0.2651994567179498,1,SUCCESS
GSE106878,SIG001,351,0.544631834975333,1,SUCCESS
GSE106878,SIG001,352,-0.211812784391783,1,SUCCESS
GSE106878,SIG001,353,0.5878717571182734,1,SUCCESS
GSE106878,SIG001,354,0.002474405691278,1,SUCCESS
GSE106878,SIG001,355,-0.1820316041120515,1,SUCCESS
GSE106878,SIG001,356,-0.5149256848537295,1,SUCCESS
GSE106878,SIG001,357,-0.5828597260541579,1,SUCCESS
GSE106878,SIG001,358,-0.3312184880815272,1,SUCCESS
GSE106878,SIG001,359,-0.4532082661397998,1,SUCCESS
GSE106878,SIG001,360,-0.4203621462526702,1,SUCCESS
GSE106878,SIG001,361,-0.5989237169292324,1,SUCCESS
GSE106878,SIG001,362,0.574985699360969,1,SUCCESS
GSE106878,SIG001,363,-0.5665861021965539,1,SUCCESS
GSE106878,SIG001,364,0.0332663690828415,1,SUCCESS
GSE106878,SIG001,365,0.443868851058799,1,SUCCESS
GSE106878,SIG001,366,-0.6385610357108117,1,SUCCESS
GSE106878,SIG001,367,-0.3663155136402152,1,SUCCESS
GSE106878,SIG001,368,-0.6521676005106897,1,SUCCESS
GSE106878,SIG001,369,-0.0922157927799842,1,SUCCESS
GSE106878,SIG001,370,0.2283923924186783,1,SUCCESS
GSE106878,SIG001,371,-0.5167749819637181,1,SUCCESS
GSE106878,SIG001,372,0.2491378658213266,1,SUCCESS
GSE106878,SIG001,373,0.0402149312136878,1,SUCCESS
GSE106878,SIG001,374,-0.1471494467443207,1,SUCCESS
GSE106878,SIG001,375,-0.1377724151490189,1,SUCCESS
GSE106878,SIG001,376,-0.5156731057042557,1,SUCCESS
GSE106878,SIG001,377,-0.9988328994794284,1,SUCCESS
GSE106878,SIG001,378,0.187107977602212,1,SUCCESS
GSE106878,SIG001,379,-0.1787518085749161,1,SUCCESS
GSE106878,SIG001,380,0.3138417329796195,1,SUCCESS
GSE106878,SIG001,381,-0.2398562499921892,1,SUCCESS
GSE106878,SIG001,382,-0.7442374811088202,1,SUCCESS
GSE106878,SIG001,383,0.1615188604315215,1,SUCCESS
GSE106878,SIG001,384,-0.3570564369133888,1,SUCCESS
GSE106878,SIG001,385,-0.1762634301501127,1,SUCCESS
GSE106878,SIG001,386,0.0623240867820923,1,SUCCESS
GSE106878,SIG001,387,-0.3629019145590907,1,SUCCESS
GSE106878,SIG001,388,0.5541845526460908,1,SUCCESS
GSE106878,SIG001,389,-0.5383051696386835,1,SUCCESS
GSE106878,SIG001,390,0.1280484945319337,1,SUCCESS
GSE106878,SIG001,391,-0.2286626462587104,1,SUCCESS
GSE106878,SIG001,392,-0.5213854711499215,1,SUCCESS
GSE106878,SIG001,393,-0.72306458586592,1,SUCCESS
GSE106878,SIG001,394,0.4535906516925794,1,SUCCESS
GSE106878,SIG001,395,0.0922793051398781,1,SUCCESS
GSE106878,SIG001,396,0.1711161395972649,1,SUCCESS
GSE106878,SIG001,397,-0.5138140932328946,1,SUCCESS
GSE106878,SIG001,398,-0.3576788410150182,1,SUCCESS
GSE106878,SIG001,399,0.0671175525959182,1,SUCCESS
GSE106878,SIG001,400,-0.2941850196163514,1,SUCCESS
GSE106878,SIG001,401,-0.3015075219970815,1,SUCCESS
GSE106878,SIG001,402,-0.7637119805677309,1,SUCCESS
GSE106878,SIG001,403,-0.0195247393143892,1,SUCCESS
GSE106878,SIG001,404,-0.0951701882876537,1,SUCCESS
GSE106878,SIG001,405,0.0468499233994517,1,SUCCESS
GSE106878,SIG001,406,0.4771847090366439,1,SUCCESS
GSE106878,SIG001,407,-0.2875528191670553,1,SUCCESS
GSE106878,SIG001,408,0.223938863210287,1,SUCCESS
GSE106878,SIG001,409,-0.8915375511424347,1,SUCCESS
GSE106878,SIG001,410,-0.1974453907170015,1,SUCCESS
GSE106878,SIG001,411,0.226409686353744,1,SUCCESS
GSE106878,SIG001,412,-0.6023997176489543,1,SUCCESS
GSE106878,SIG001,413,-0.0628782583254441,1,SUCCESS
GSE106878,SIG001,414,-0.4348256529024025,1,SUCCESS
GSE106878,SIG001,415,0.0344110524467126,1,SUCCESS
GSE106878,SIG001,416,-0.8189487978937944,1,SUCCESS
GSE106878,SIG001,417,-0.4089424612048664,1,SUCCESS
GSE106878,SIG001,418,-0.4192341102698113,1,SUCCESS
GSE106878,SIG001,419,0.1615526772937606,1,SUCCESS
GSE106878,SIG001,420,0.1657863278137533,1,SUCCESS
GSE106878,SIG001,421,-0.3950637547071443,1,SUCCESS
GSE106878,SIG001,422,0.4429095428624398,1,SUCCESS
GSE106878,SIG001,423,-0.2349175052796818,1,SUCCESS
GSE106878,SIG001,424,-0.2917256137801005,1,SUCCESS
GSE106878,SIG001,425,-0.4724183779210798,1,SUCCESS
GSE106878,SIG001,426,-0.326062046612954,1,SUCCESS
GSE106878,SIG001,427,-0.192973356790946,1,SUCCESS
GSE106878,SIG001,428,-0.0878393735051363,1,SUCCESS
GSE106878,SIG001,429,-0.4627053844563142,1,SUCCESS
GSE106878,SIG001,430,-0.3892720908789748,1,SUCCESS
GSE106878,SIG001,431,0.126182702051436,1,SUCCESS
GSE106878,SIG001,432,-0.0616821674983668,1,SUCCESS
GSE106878,SIG001,433,0.0098888103007571,1,SUCCESS
GSE106878,SIG001,434,-0.5899529103563622,1,SUCCESS
GSE106878,SIG001,435,0.3983840551669253,1,SUCCESS
GSE106878,SIG001,436,-0.4628255976135411,1,SUCCESS
GSE106878,SIG001,437,-0.3662347972264846,1,SUCCESS
GSE106878,SIG001,438,0.3809686948379024,1,SUCCESS
GSE106878,SIG001,439,-0.4391427970067524,1,SUCCESS
GSE106878,SIG001,440,-0.3619889461431615,1,SUCCESS
GSE106878,SIG001,441,-0.479566717449431,1,SUCCESS
GSE106878,SIG001,442,0.3973937877374054,1,SUCCESS
GSE106878,SIG001,443,0.2817128458678851,1,SUCCESS
GSE106878,SIG001,444,-0.1197612442968804,1,SUCCESS
GSE106878,SIG001,445,-0.4976528981242446,1,SUCCESS
GSE106878,SIG001,446,-0.2054331444058341,1,SUCCESS
GSE106878,SIG001,447,-0.4731523646833578,1,SUCCESS
GSE106878,SIG001,448,-0.2237565407902948,1,SUCCESS
GSE106878,SIG001,449,0.091957656444102,1,SUCCESS
GSE106878,SIG001,450,-0.4516291094241972,1,SUCCESS
GSE106878,SIG001,451,-0.3301812625103732,1,SUCCESS
GSE106878,SIG001,452,-0.1877502717648544,1,SUCCESS
GSE106878,SIG001,453,-0.1269266022574271,1,SUCCESS
GSE106878,SIG001,454,-0.5173240958803309,1,SUCCESS
GSE106878,SIG001,455,-0.6316099338696234,1,SUCCESS
GSE106878,SIG001,456,-0.2097626703630912,1,SUCCESS
GSE106878,SIG001,457,0.0382642026652403,1,SUCCESS
GSE106878,SIG001,458,-0.0834764838973929,1,SUCCESS
GSE106878,SIG001,459,-0.3574238034100969,1,SUCCESS
GSE106878,SIG001,460,-0.3484236047864245,1,SUCCESS
GSE106878,SIG001,461,-0.3346260783919714,1,SUCCESS
GSE106878,SIG001,462,-0.4141045425576413,1,SUCCESS
GSE106878,SIG001,463,-0.1697327327078991,1,SUCCESS
GSE106878,SIG001,464,0.4511852810555363,1,SUCCESS
GSE106878,SIG001,465,0.4482053473918909,1,SUCCESS
GSE106878,SIG001,466,-0.0963613160101843,1,SUCCESS
GSE106878,SIG001,467,0.3776687340730089,1,SUCCESS
GSE106878,SIG001,468,0.6134403862631852,1,SUCCESS
GSE106878,SIG001,469,0.3191067612348519,1,SUCCESS
GSE106878,SIG001,470,-0.080703229415271,1,SUCCESS
GSE106878,SIG001,471,0.1063431880720389,1,SUCCESS
GSE106878,SIG001,472,-0.2468966304483356,1,SUCCESS
GSE106878,SIG001,473,-0.0837535055757962,1,SUCCESS
GSE106878,SIG001,474,-0.6625749684263407,1,SUCCESS
GSE106878,SIG001,475,-0.455578123480769,1,SUCCESS
GSE106878,SIG001,476,-0.169835853896541,1,SUCCESS
GSE106878,SIG001,477,-0.0014118243429978,1,SUCCESS
GSE106878,SIG001,478,0.5941968218671991,1,SUCCESS
GSE106878,SIG001,479,-0.3798232171592927,1,SUCCESS
GSE106878,SIG001,480,-0.598259260220081,1,SUCCESS
GSE106878,SIG001,481,-0.0936446707168998,1,SUCCESS
GSE106878,SIG001,482,-0.9870511917291028,1,SUCCESS
GSE106878,SIG001,483,-0.2141605536473818,1,SUCCESS
GSE106878,SIG001,484,-0.0551806288053324,1,SUCCESS
GSE106878,SIG001,485,0.3593583390008623,1,SUCCESS
GSE106878,SIG001,486,-0.6680671548116055,1,SUCCESS
GSE106878,SIG001,487,0.2907791694961876,1,SUCCESS
GSE106878,SIG001,488,-0.0449185061349399,1,SUCCESS
GSE106878,SIG001,489,0.1165686334723068,1,SUCCESS
GSE106878,SIG001,490,-0.6892165971400742,1,SUCCESS
GSE106878,SIG001,491,-1.150303238996264,1,SUCCESS
GSE106878,SIG001,492,-0.4815449016364537,1,SUCCESS
GSE106878,SIG001,493,-0.4473721916443818,1,SUCCESS
GSE106878,SIG001,494,0.329630819643364,1,SUCCESS
GSE106878,SIG001,495,0.3393546010601064,1,SUCCESS
GSE106878,SIG001,496,-0.5277285115744046,1,SUCCESS
GSE106878,SIG001,497,0.0562590596815517,1,SUCCESS
GSE106878,SIG001,498,0.6936206822581401,1,SUCCESS
GSE106878,SIG001,499,-0.1842986326746012,1,SUCCESS
GSE106878,SIG001,500,0.1144686108219865,1,SUCCESS
GSE106878,SIG001,501,0.3442559046132957,1,SUCCESS
GSE106878,SIG001,502,-0.6866021860032414,1,SUCCESS
GSE106878,SIG001,503,0.1353325196247946,1,SUCCESS
GSE106878,SIG001,504,-0.2925241611026253,1,SUCCESS
GSE106878,SIG001,505,-1.0436372254142998,1,SUCCESS
GSE106878,SIG001,506,0.0407188261033302,1,SUCCESS
GSE106878,SIG001,507,-0.5830016334761142,1,SUCCESS
GSE106878,SIG001,508,-0.1273231565506059,1,SUCCESS
GSE106878,SIG001,509,0.0101559216311017,1,SUCCESS
GSE106878,SIG001,510,-0.5578119772600418,1,SUCCESS
GSE106878,SIG001,511,-0.4844501521518687,1,SUCCESS
GSE106878,SIG001,512,-0.4181370834054078,1,SUCCESS
GSE106878,SIG001,513,0.4456100049792058,1,SUCCESS
GSE106878,SIG001,514,0.4969518161388445,1,SUCCESS
GSE106878,SIG001,515,0.1891637963905863,1,SUCCESS
GSE106878,SIG001,516,-0.6416917639662256,1,SUCCESS
GSE106878,SIG001,517,0.2019544352856672,1,SUCCESS
GSE106878,SIG001,518,-0.3889383771134678,1,SUCCESS
GSE106878,SIG001,519,-0.0508943846526608,1,SUCCESS
GSE106878,SIG001,520,-0.2838822199563287,1,SUCCESS
GSE106878,SIG001,521,0.0934748794244261,1,SUCCESS
GSE106878,SIG001,522,-0.5326055533618262,1,SUCCESS
GSE106878,SIG001,523,-0.1122664205246005,1,SUCCESS
GSE106878,SIG001,524,0.5602654542150816,1,SUCCESS
GSE106878,SIG001,525,0.1218240486133957,1,SUCCESS
GSE106878,SIG001,526,0.0153184244865459,1,SUCCESS
GSE106878,SIG001,527,-0.6189995238327392,1,SUCCESS
GSE106878,SIG001,528,-0.2646435143433349,1,SUCCESS
GSE106878,SIG001,529,-0.1766489039458366,1,SUCCESS
GSE106878,SIG001,530,0.1546400305168191,1,SUCCESS
GSE106878,SIG001,531,-0.700398948253785,1,SUCCESS
GSE106878,SIG001,532,-0.2744602835399373,1,SUCCESS
GSE106878,SIG001,533,-0.0865998072066858,1,SUCCESS
GSE106878,SIG001,534,-0.0481612136099501,1,SUCCESS
GSE106878,SIG001,535,-0.899130992660019,1,SUCCESS
GSE106878,SIG001,536,-0.2539647429861648,1,SUCCESS
GSE106878,SIG001,537,-0.0698486513489395,1,SUCCESS
GSE106878,SIG001,538,0.1117032752088861,1,SUCCESS
GSE106878,SIG001,539,0.0522731947399817,1,SUCCESS
GSE106878,SIG001,540,-0.3147145286179614,1,SUCCESS
GSE106878,SIG001,541,-0.1446509217653377,1,SUCCESS
GSE106878,SIG001,542,0.060037176145697,1,SUCCESS
GSE106878,SIG001,543,-0.188729556431909,1,SUCCESS
GSE106878,SIG001,544,-0.6712594128324855,1,SUCCESS
GSE106878,SIG001,545,-0.2978579784387133,1,SUCCESS
GSE106878,SIG001,546,0.0344425498372945,1,SUCCESS
GSE106878,SIG001,547,-0.3538868724258188,1,SUCCESS
GSE106878,SIG001,548,-0.0931800808596695,1,SUCCESS
GSE106878,SIG001,549,0.23651193350796,1,SUCCESS
GSE106878,SIG001,550,0.0677214590351351,1,SUCCESS
GSE106878,SIG001,551,-0.455069731212033,1,SUCCESS
GSE106878,SIG001,552,-0.3879104531298498,1,SUCCESS
GSE106878,SIG001,553,0.3933285989785088,1,SUCCESS
GSE106878,SIG001,554,-0.4758394317828443,1,SUCCESS
GSE106878,SIG001,555,0.2015586877901306,1,SUCCESS
GSE106878,SIG001,556,-0.9984153952348072,1,SUCCESS
GSE106878,SIG001,557,-0.389441819761146,1,SUCCESS
GSE106878,SIG001,558,-0.518065956241385,1,SUCCESS
GSE106878,SIG001,559,-0.1253681635454347,1,SUCCESS
GSE106878,SIG001,560,0.0931805504392843,1,SUCCESS
GSE106878,SIG001,561,-0.4043468074919674,1,SUCCESS
GSE106878,SIG001,562,-0.0812513691090842,1,SUCCESS
GSE106878,SIG001,563,-0.0566741601488714,1,SUCCESS
GSE106878,SIG001,564,-0.4265533644242423,1,SUCCESS
GSE106878,SIG001,565,0.7232410106775994,1,SUCCESS
GSE106878,SIG001,566,0.2288059138804684,1,SUCCESS
GSE106878,SIG001,567,0.5719079498660891,1,SUCCESS
GSE106878,SIG001,568,-0.0354328654209427,1,SUCCESS
GSE106878,SIG001,569,-0.856936319564657,1,SUCCESS
GSE106878,SIG001,570,-0.6041458768021154,1,SUCCESS
GSE106878,SIG001,571,-0.7627366647459265,1,SUCCESS
GSE106878,SIG001,572,-0.351722385252834,1,SUCCESS
GSE106878,SIG001,573,0.5698569518134469,1,SUCCESS
GSE106878,SIG001,574,-0.3841235199242804,1,SUCCESS
GSE106878,SIG001,575,-0.2099131363899231,1,SUCCESS
GSE106878,SIG001,576,0.2601145205321729,1,SUCCESS
GSE106878,SIG001,577,-0.6097510401161241,1,SUCCESS
GSE106878,SIG001,578,0.7913172825228548,1,SUCCESS
GSE106878,SIG001,579,0.3750619855617227,1,SUCCESS
GSE106878,SIG001,580,-0.1435200085626768,1,SUCCESS
GSE106878,SIG001,581,-0.7230539947766353,1,SUCCESS
GSE106878,SIG001,582,-0.2556519855497818,1,SUCCESS
GSE106878,SIG001,583,0.2332121549651125,1,SUCCESS
GSE106878,SIG001,584,0.5293284998770217,1,SUCCESS
GSE106878,SIG001,585,0.402260542027293,1,SUCCESS
GSE106878,SIG001,586,-0.119339221067352,1,SUCCESS
GSE106878,SIG001,587,-0.8557981820336956,1,SUCCESS
GSE106878,SIG001,588,-0.1234414737198908,1,SUCCESS
GSE106878,SIG001,589,0.3776484011544229,1,SUCCESS
GSE106878,SIG001,590,0.0986719807176014,1,SUCCESS
GSE106878,SIG001,591,0.3098339038988334,1,SUCCESS
GSE106878,SIG001,592,-0.4576156194556666,1,SUCCESS
GSE106878,SIG001,593,0.2921019629024719,1,SUCCESS
GSE106878,SIG001,594,-0.8043316571347399,1,SUCCESS
GSE106878,SIG001,595,-0.0285613393856659,1,SUCCESS
GSE106878,SIG001,596,-0.0329977228580523,1,SUCCESS
GSE106878,SIG001,597,-0.3420227055702496,1,SUCCESS
GSE106878,SIG001,598,-0.4486576349669388,1,SUCCESS
GSE106878,SIG001,599,-0.1806593359891976,1,SUCCESS
GSE106878,SIG001,600,-0.2181886034890903,1,SUCCESS
GSE106878,SIG001,601,-0.6137965729798907,1,SUCCESS
GSE106878,SIG001,602,-0.2465059404043697,1,SUCCESS
GSE106878,SIG001,603,-0.6202246189884034,1,SUCCESS
GSE106878,SIG001,604,-0.1909778268302114,1,SUCCESS
GSE106878,SIG001,605,0.7270443722338957,1,SUCCESS
GSE106878,SIG001,606,-0.396468207933723,1,SUCCESS
GSE106878,SIG001,607,0.6508817724325,1,SUCCESS
GSE106878,SIG001,608,0.3568532746471436,1,SUCCESS
GSE106878,SIG001,609,-0.1391364850152887,1,SUCCESS
GSE106878,SIG001,610,0.039877818168667,1,SUCCESS
GSE106878,SIG001,611,-0.5557296463413655,1,SUCCESS
GSE106878,SIG001,612,-0.3344669219619,1,SUCCESS
GSE106878,SIG001,613,-0.6667119420875783,1,SUCCESS
GSE106878,SIG001,614,0.1622885944684669,1,SUCCESS
GSE106878,SIG001,615,-0.5002090559977449,1,SUCCESS
GSE106878,SIG001,616,-0.6892604615832729,1,SUCCESS
GSE106878,SIG001,617,0.0376336759628399,1,SUCCESS
GSE106878,SIG001,618,-0.1534150776161867,1,SUCCESS
GSE106878,SIG001,619,-0.381207862239568,1,SUCCESS
GSE106878,SIG001,620,-0.3997423297582163,1,SUCCESS
GSE106878,SIG001,621,0.1060790933400492,1,SUCCESS
GSE106878,SIG001,622,0.1044933312679311,1,SUCCESS
GSE106878,SIG001,623,-0.0466573621625057,1,SUCCESS
GSE106878,SIG001,624,-0.3044257380760119,1,SUCCESS
GSE106878,SIG001,625,-0.1841887513479042,1,SUCCESS
GSE106878,SIG001,626,-0.6510003528531575,1,SUCCESS
GSE106878,SIG001,627,-0.7485274900397405,1,SUCCESS
GSE106878,SIG001,628,-0.6412085520773112,1,SUCCESS
GSE106878,SIG001,629,-0.3020529427076592,1,SUCCESS
GSE106878,SIG001,630,-0.1645019965047592,1,SUCCESS
GSE106878,SIG001,631,-0.1743085910271928,1,SUCCESS
GSE106878,SIG001,632,0.3592728084725826,1,SUCCESS
GSE106878,SIG001,633,-0.3767663023789718,1,SUCCESS
GSE106878,SIG001,634,0.1773949894714037,1,SUCCESS
GSE106878,SIG001,635,-0.4546857924978345,1,SUCCESS
GSE106878,SIG001,636,-0.1284394225124923,1,SUCCESS
GSE106878,SIG001,637,-0.6952821794242251,1,SUCCESS
GSE106878,SIG001,638,-0.5312032851538854,1,SUCCESS
GSE106878,SIG001,639,-0.3274655431335038,1,SUCCESS
GSE106878,SIG001,640,-0.3534662442719935,1,SUCCESS
GSE106878,SIG001,641,0.1336130324284251,1,SUCCESS
GSE106878,SIG001,642,-0.1379079888099433,1,SUCCESS
GSE106878,SIG001,643,0.2748311281662691,1,SUCCESS
GSE106878,SIG001,644,-0.1319690388364452,1,SUCCESS
GSE106878,SIG001,645,-0.3671838516425759,1,SUCCESS
GSE106878,SIG001,646,0.2542682499848319,1,SUCCESS
GSE106878,SIG001,647,-0.3590358116561302,1,SUCCESS
GSE106878,SIG001,648,-0.6361604950658006,1,SUCCESS
GSE106878,SIG001,649,0.1828098032025447,1,SUCCESS
GSE106878,SIG001,650,0.1966616632549411,1,SUCCESS
GSE106878,SIG001,651,-0.2288618646862353,1,SUCCESS
GSE106878,SIG001,652,0.3183261810605497,1,SUCCESS
GSE106878,SIG001,653,0.1338267618105051,1,SUCCESS
GSE106878,SIG001,654,-0.3003122030054511,1,SUCCESS
GSE106878,SIG001,655,-0.2214797697916634,1,SUCCESS
GSE106878,SIG001,656,-0.4619722385117089,1,SUCCESS
GSE106878,SIG001,657,0.2543671484139894,1,SUCCESS
GSE106878,SIG001,658,-0.4323033150358535,1,SUCCESS
GSE106878,SIG001,659,0.2641202768584401,1,SUCCESS
GSE106878,SIG001,660,-1.1924476667621104,1,SUCCESS
GSE106878,SIG001,661,-0.511347114538802,1,SUCCESS
GSE106878,SIG001,662,-0.2439908063001763,1,SUCCESS
GSE106878,SIG001,663,0.0397285965264757,1,SUCCESS
GSE106878,SIG001,664,0.2601122650486606,1,SUCCESS
GSE106878,SIG001,665,0.0072974010335436,1,SUCCESS
GSE106878,SIG001,666,-0.5291357912836674,1,SUCCESS
GSE106878,SIG001,667,0.1750902750039915,1,SUCCESS
GSE106878,SIG001,668,0.1550928452419662,1,SUCCESS
GSE106878,SIG001,669,0.403380211203772,1,SUCCESS
GSE106878,SIG001,670,-0.3329508257468006,1,SUCCESS
GSE106878,SIG001,671,-0.1247401776117738,1,SUCCESS
GSE106878,SIG001,672,0.2497097035037422,1,SUCCESS
GSE106878,SIG001,673,-0.3125428476378196,1,SUCCESS
GSE106878,SIG001,674,-0.2054076940676762,1,SUCCESS
GSE106878,SIG001,675,0.8248918996894293,1,SUCCESS
GSE106878,SIG001,676,0.0187088176602976,1,SUCCESS
GSE106878,SIG001,677,-0.0478138951770021,1,SUCCESS
GSE106878,SIG001,678,-0.2034028270644479,1,SUCCESS
GSE106878,SIG001,679,-0.5334342235021842,1,SUCCESS
GSE106878,SIG001,680,-0.0143854330557716,1,SUCCESS
GSE106878,SIG001,681,0.3715129985857711,1,SUCCESS
GSE106878,SIG001,682,-0.147161256062641,1,SUCCESS
GSE106878,SIG001,683,-0.4239880181076018,1,SUCCESS
GSE106878,SIG001,684,-0.5335134262613507,1,SUCCESS
GSE106878,SIG001,685,0.1266900073275496,1,SUCCESS
GSE106878,SIG001,686,-0.2117175480313494,1,SUCCESS
GSE106878,SIG001,687,-0.5518631685210716,1,SUCCESS
GSE106878,SIG001,688,0.0893801278321888,1,SUCCESS
GSE106878,SIG001,689,-0.5134727239547628,1,SUCCESS
GSE106878,SIG001,690,-0.0555877336447072,1,SUCCESS
GSE106878,SIG001,691,-0.3663601709449696,1,SUCCESS
GSE106878,SIG001,692,-0.0398949982246666,1,SUCCESS
GSE106878,SIG001,693,0.4829089096009569,1,SUCCESS
GSE106878,SIG001,694,0.0030568422851758,1,SUCCESS
GSE106878,SIG001,695,-0.2042420779568177,1,SUCCESS
GSE106878,SIG001,696,0.1619527109894624,1,SUCCESS
GSE106878,SIG001,697,-0.088171265146162,1,SUCCESS
GSE106878,SIG001,698,0.4278108946180381,1,SUCCESS
GSE106878,SIG001,699,0.0649891376605246,1,SUCCESS
GSE106878,SIG001,700,-0.4070304312111409,1,SUCCESS
GSE106878,SIG001,701,-0.7420706305761976,1,SUCCESS
GSE106878,SIG001,702,0.286823087634707,1,SUCCESS
GSE106878,SIG001,703,-0.1737364711149823,1,SUCCESS
GSE106878,SIG001,704,0.6848505480266263,1,SUCCESS
GSE106878,SIG001,705,-0.5626852754682896,1,SUCCESS
GSE106878,SIG001,706,-0.405831560255496,1,SUCCESS
GSE106878,SIG001,707,-0.7933454000743619,1,SUCCESS
GSE106878,SIG001,708,0.2602116197272948,1,SUCCESS
GSE106878,SIG001,709,0.1594159776083537,1,SUCCESS
GSE106878,SIG001,710,-0.1309570973702483,1,SUCCESS
GSE106878,SIG001,711,0.7038408574517889,1,SUCCESS
GSE106878,SIG001,712,-0.5180305733367112,1,SUCCESS
GSE106878,SIG001,713,-0.0547201558787392,1,SUCCESS
GSE106878,SIG001,714,-0.4742317678940798,1,SUCCESS
GSE106878,SIG001,715,0.2817967680003167,1,SUCCESS
GSE106878,SIG001,716,-0.5040488367027909,1,SUCCESS
GSE106878,SIG001,717,0.4099814800457321,1,SUCCESS
GSE106878,SIG001,718,0.2733115851829193,1,SUCCESS
GSE106878,SIG001,719,-0.6599794387918515,1,SUCCESS
GSE106878,SIG001,720,0.0021766132808312,1,SUCCESS
GSE106878,SIG001,721,-0.6808551879625745,1,SUCCESS
GSE106878,SIG001,722,-0.0740072822450856,1,SUCCESS
GSE106878,SIG001,723,0.2180391135724629,1,SUCCESS
GSE106878,SIG001,724,-0.7690692413040953,1,SUCCESS
GSE106878,SIG001,725,0.1772027541003391,1,SUCCESS
GSE106878,SIG001,726,0.1979803768951716,1,SUCCESS
GSE106878,SIG001,727,0.447233921649506,1,SUCCESS
GSE106878,SIG001,728,-0.0318257750518273,1,SUCCESS
GSE106878,SIG001,729,-0.2998672445261376,1,SUCCESS
GSE106878,SIG001,730,-0.0581245455430632,1,SUCCESS
GSE106878,SIG001,731,-0.0814044753832988,1,SUCCESS
GSE106878,SIG001,732,-0.2213139387777054,1,SUCCESS
GSE106878,SIG001,733,-0.8671833092162297,1,SUCCESS
GSE106878,SIG001,734,-0.6746970162071209,1,SUCCESS
GSE106878,SIG001,735,-0.1731539299589964,1,SUCCESS
GSE106878,SIG001,736,-0.337464523138627,1,SUCCESS
GSE106878,SIG001,737,0.1985480464479517,1,SUCCESS
GSE106878,SIG001,738,0.4293543143960595,1,SUCCESS
GSE106878,SIG001,739,0.0528535473254206,1,SUCCESS
GSE106878,SIG001,740,-0.3452183829523078,1,SUCCESS
GSE106878,SIG001,741,-0.8071673499539538,1,SUCCESS
GSE106878,SIG001,742,-0.0982475583040913,1,SUCCESS
GSE106878,SIG001,743,0.2391532277916841,1,SUCCESS
GSE106878,SIG001,744,0.0591418056311157,1,SUCCESS
GSE106878,SIG001,745,-0.2532570597836309,1,SUCCESS
GSE106878,SIG001,746,-0.9198066161474464,1,SUCCESS
GSE106878,SIG001,747,0.4842583292419117,1,SUCCESS
GSE106878,SIG001,748,-0.1333608071367805,1,SUCCESS
GSE106878,SIG001,749,0.0806265424823886,1,SUCCESS
GSE106878,SIG001,750,0.4629585823251862,1,SUCCESS
GSE106878,SIG001,751,-0.1796129412555391,1,SUCCESS
GSE106878,SIG001,752,-0.4004208989142303,1,SUCCESS
GSE106878,SIG001,753,0.0520364771997355,1,SUCCESS
GSE106878,SIG001,754,-0.2197188969555603,1,SUCCESS
GSE106878,SIG001,755,0.7997300781881446,1,SUCCESS
GSE106878,SIG001,756,-0.1188717659964994,1,SUCCESS
GSE106878,SIG001,757,-0.1814658197627743,1,SUCCESS
GSE106878,SIG001,758,-0.2340331746698662,1,SUCCESS
GSE106878,SIG001,759,0.0425901809689478,1,SUCCESS
GSE106878,SIG001,760,0.348189795523876,1,SUCCESS
GSE106878,SIG001,761,-0.074222714328034,1,SUCCESS
GSE106878,SIG001,762,0.0292866720345219,1,SUCCESS
GSE106878,SIG001,763,-0.4863712530960804,1,SUCCESS
GSE106878,SIG001,764,-0.2585400733664914,1,SUCCESS
GSE106878,SIG001,765,0.2829408569005224,1,SUCCESS
GSE106878,SIG001,766,-0.3386270220482703,1,SUCCESS
GSE106878,SIG001,767,0.093788785853364,1,SUCCESS
GSE106878,SIG001,768,-0.8479324151795035,1,SUCCESS
GSE106878,SIG001,769,-0.1834355937958773,1,SUCCESS
GSE106878,SIG001,770,-0.6723613569504985,1,SUCCESS
GSE106878,SIG001,771,0.0898725145268998,1,SUCCESS
GSE106878,SIG001,772,-0.4021137788636205,1,SUCCESS
GSE106878,SIG001,773,0.4762213059674972,1,SUCCESS
GSE106878,SIG001,774,-0.3545562857104902,1,SUCCESS
GSE106878,SIG001,775,0.5444403941417831,1,SUCCESS
GSE106878,SIG001,776,-0.6664789919179767,1,SUCCESS
GSE106878,SIG001,777,-0.6306232252605009,1,SUCCESS
GSE106878,SIG001,778,0.2326486487576169,1,SUCCESS
GSE106878,SIG001,779,0.1988075891701887,1,SUCCESS
GSE106878,SIG001,780,-0.4149203127650152,1,SUCCESS
GSE106878,SIG001,781,-0.4273985581830509,1,SUCCESS
GSE106878,SIG001,782,0.2045427916798991,1,SUCCESS
GSE106878,SIG001,783,-0.1103624011801294,1,SUCCESS
GSE106878,SIG001,784,-0.0367314336855121,1,SUCCESS
GSE106878,SIG001,785,-0.1525431073810613,1,SUCCESS
GSE106878,SIG001,786,-0.1463334640551071,1,SUCCESS
GSE106878,SIG001,787,-0.4695914351196324,1,SUCCESS
GSE106878,SIG001,788,-0.066284311988891,1,SUCCESS
GSE106878,SIG001,789,-0.4111520218069621,1,SUCCESS
GSE106878,SIG001,790,0.1277215817236494,1,SUCCESS
GSE106878,SIG001,791,-1.1154792325705989,1,SUCCESS
GSE106878,SIG001,792,-0.2740428815074522,1,SUCCESS
GSE106878,SIG001,793,-0.0469019186326796,1,SUCCESS
GSE106878,SIG001,794,-0.0402107935375032,1,SUCCESS
GSE106878,SIG001,795,0.2124822400945006,1,SUCCESS
GSE106878,SIG001,796,-0.1457122442753498,1,SUCCESS
GSE106878,SIG001,797,-0.3148502018393137,1,SUCCESS
GSE106878,SIG001,798,-0.3493622659249005,1,SUCCESS
GSE106878,SIG001,799,0.4290016573013716,1,SUCCESS
GSE106878,SIG001,800,-0.0415062721747996,1,SUCCESS
GSE106878,SIG001,801,-0.5104983987553952,1,SUCCESS
GSE106878,SIG001,802,-0.2228314257833353,1,SUCCESS
GSE106878,SIG001,803,-0.0659594784125367,1,SUCCESS
GSE106878,SIG001,804,-0.6583895486136847,1,SUCCESS
GSE106878,SIG001,805,-0.4670060056819299,1,SUCCESS
GSE106878,SIG001,806,0.1341614118985966,1,SUCCESS
GSE106878,SIG001,807,0.2643887143142182,1,SUCCESS
GSE106878,SIG001,808,0.2261754606094754,1,SUCCESS
GSE106878,SIG001,809,-0.5407057687882306,1,SUCCESS
GSE106878,SIG001,810,0.0465762699524202,1,SUCCESS
GSE106878,SIG001,811,-0.2552368697479071,1,SUCCESS
GSE106878,SIG001,812,-0.3554880637364269,1,SUCCESS
GSE106878,SIG001,813,-0.1854495813627216,1,SUCCESS
GSE106878,SIG001,814,0.6246887519379763,1,SUCCESS
GSE106878,SIG001,815,-0.2832682435231664,1,SUCCESS
GSE106878,SIG001,816,-0.0117179921785351,1,SUCCESS
GSE106878,SIG001,817,-0.0620177255363517,1,SUCCESS
GSE106878,SIG001,818,-0.523850732555998,1,SUCCESS
GSE106878,SIG001,819,-0.1693000219380884,1,SUCCESS
GSE106878,SIG001,820,-0.3582419014691624,1,SUCCESS
GSE106878,SIG001,821,0.4430988560074481,1,SUCCESS
GSE106878,SIG001,822,-0.7543476333439598,1,SUCCESS
GSE106878,SIG001,823,-0.2927373061445106,1,SUCCESS
GSE106878,SIG001,824,0.3857856842118671,1,SUCCESS
GSE106878,SIG001,825,-0.1597405691963474,1,SUCCESS
GSE106878,SIG001,826,0.5126250314368058,1,SUCCESS
GSE106878,SIG001,827,0.0406176103443822,1,SUCCESS
GSE106878,SIG001,828,-0.263812215120237,1,SUCCESS
GSE106878,SIG001,829,0.3724896685106484,1,SUCCESS
GSE106878,SIG001,830,-0.0873132822183676,1,SUCCESS
GSE106878,SIG001,831,-0.2649944721326339,1,SUCCESS
GSE106878,SIG001,832,-0.2928609911004771,1,SUCCESS
GSE106878,SIG001,833,-0.3078471069645829,1,SUCCESS
GSE106878,SIG001,834,0.0987131283138028,1,SUCCESS
GSE106878,SIG001,835,-0.0205784389019443,1,SUCCESS
GSE106878,SIG001,836,-0.5464450426459507,1,SUCCESS
GSE106878,SIG001,837,0.0830906827621058,1,SUCCESS
GSE106878,SIG001,838,0.1654665349377986,1,SUCCESS
GSE106878,SIG001,839,-0.3486187457871206,1,SUCCESS
GSE106878,SIG001,840,0.1164474938582994,1,SUCCESS
GSE106878,SIG001,841,0.4601437228023173,1,SUCCESS
GSE106878,SIG001,842,-0.5633365157588136,1,SUCCESS
GSE106878,SIG001,843,-0.3560630402073599,1,SUCCESS
GSE106878,SIG001,844,0.0419943877662807,1,SUCCESS
GSE106878,SIG001,845,-0.8559371413135812,1,SUCCESS
GSE106878,SIG001,846,-0.5427561003559008,1,SUCCESS
GSE106878,SIG001,847,-0.3938902510335433,1,SUCCESS
GSE106878,SIG001,848,0.2748094475813344,1,SUCCESS
GSE106878,SIG001,849,-0.3483413781591208,1,SUCCESS
GSE106878,SIG001,850,-0.436257491334392,1,SUCCESS
GSE106878,SIG001,851,0.1595670214895666,1,SUCCESS
GSE106878,SIG001,852,0.233130278804084,1,SUCCESS
GSE106878,SIG001,853,0.0414455273616054,1,SUCCESS
GSE106878,SIG001,854,0.2286071756457744,1,SUCCESS
GSE106878,SIG001,855,-0.0012111022029234,1,SUCCESS
GSE106878,SIG001,856,-0.0686874938380357,1,SUCCESS
GSE106878,SIG001,857,0.7736317785744409,1,SUCCESS
GSE106878,SIG001,858,-0.4074129253124275,1,SUCCESS
GSE106878,SIG001,859,0.5778550735839473,1,SUCCESS
GSE106878,SIG001,860,0.0965357306382415,1,SUCCESS
GSE106878,SIG001,861,0.1295462470936257,1,SUCCESS
GSE106878,SIG001,862,0.3194117124379637,1,SUCCESS
GSE106878,SIG001,863,-0.6206290949726472,1,SUCCESS
GSE106878,SIG001,864,0.0059137389050454,1,SUCCESS
GSE106878,SIG001,865,0.3220695683544028,1,SUCCESS
GSE106878,SIG001,866,-0.0417876700263652,1,SUCCESS
GSE106878,SIG001,867,0.1147805736873938,1,SUCCESS
GSE106878,SIG001,868,0.2250587400927166,1,SUCCESS
GSE106878,SIG001,869,-0.011744564358549,1,SUCCESS
GSE106878,SIG001,870,0.4142339094479904,1,SUCCESS
GSE106878,SIG001,871,-0.1087330914613859,1,SUCCESS
GSE106878,SIG001,872,-0.1106712773651464,1,SUCCESS
GSE106878,SIG001,873,0.0541156993226185,1,SUCCESS
GSE106878,SIG001,874,0.1503420566076555,1,SUCCESS
GSE106878,SIG001,875,-0.0640690589944247,1,SUCCESS
GSE106878,SIG001,876,0.6589167314721894,1,SUCCESS
GSE106878,SIG001,877,-0.1367961445618447,1,SUCCESS
GSE106878,SIG001,878,-0.6469038843147084,1,SUCCESS
GSE106878,SIG001,879,0.3140117070582826,1,SUCCESS
GSE106878,SIG001,880,0.4989261785977475,1,SUCCESS
GSE106878,SIG001,881,-0.6851481352413983,1,SUCCESS
GSE106878,SIG001,882,0.0906853124609685,1,SUCCESS
GSE106878,SIG001,883,-0.2417276647046538,1,SUCCESS
GSE106878,SIG001,884,-0.4758517659834132,1,SUCCESS
GSE106878,SIG001,885,-0.1509406410068662,1,SUCCESS
GSE106878,SIG001,886,-0.1375292301776424,1,SUCCESS
GSE106878,SIG001,887,-0.4527063897620067,1,SUCCESS
GSE106878,SIG001,888,0.3207511362160524,1,SUCCESS
GSE106878,SIG001,889,-0.5148685037183314,1,SUCCESS
GSE106878,SIG001,890,-0.3217899910394874,1,SUCCESS
GSE106878,SIG001,891,-0.3920301265879065,1,SUCCESS
GSE106878,SIG001,892,-0.1604109464777288,1,SUCCESS
GSE106878,SIG001,893,-0.8301654314971785,1,SUCCESS
GSE106878,SIG001,894,-0.7476289860630283,1,SUCCESS
GSE106878,SIG001,895,0.0073617514648309,1,SUCCESS
GSE106878,SIG001,896,-0.0352785457690496,1,SUCCESS
GSE106878,SIG001,897,-0.4691493350047943,1,SUCCESS
GSE106878,SIG001,898,-0.1590557647856541,1,SUCCESS
GSE106878,SIG001,899,0.3339596983431102,1,SUCCESS
GSE106878,SIG001,900,-0.2221430355287117,1,SUCCESS
GSE106878,SIG001,901,-0.0164950032009974,1,SUCCESS
GSE106878,SIG001,902,0.4569191527496318,1,SUCCESS
GSE106878,SIG001,903,0.2414251179539598,1,SUCCESS
GSE106878,SIG001,904,0.2750412791531449,1,SUCCESS
GSE106878,SIG001,905,0.1375182434091942,1,SUCCESS
GSE106878,SIG001,906,-0.4791878019750093,1,SUCCESS
GSE106878,SIG001,907,-0.638534636764014,1,SUCCESS
GSE106878,SIG001,908,-0.310853925204663,1,SUCCESS
GSE106878,SIG001,909,-1.1450962963168942,1,SUCCESS
GSE106878,SIG001,910,0.1982027870781524,1,SUCCESS
GSE106878,SIG001,911,0.1365051937621825,1,SUCCESS
GSE106878,SIG001,912,0.0332934344550653,1,SUCCESS
GSE106878,SIG001,913,0.1056158994454616,1,SUCCESS
GSE106878,SIG001,914,-0.4955178636196633,1,SUCCESS
GSE106878,SIG001,915,-0.2130174704275419,1,SUCCESS
GSE106878,SIG001,916,0.1247872246511518,1,SUCCESS
GSE106878,SIG001,917,-0.1125532619936454,1,SUCCESS
GSE106878,SIG001,918,-0.2419419796645194,1,SUCCESS
GSE106878,SIG001,919,-0.5557191067407274,1,SUCCESS
GSE106878,SIG001,920,-0.3284428681881117,1,SUCCESS
GSE106878,SIG001,921,-0.5451341307312394,1,SUCCESS
GSE106878,SIG001,922,-0.6105565701777969,1,SUCCESS
GSE106878,SIG001,923,-0.0836769016889372,1,SUCCESS
GSE106878,SIG001,924,-0.2231661784512512,1,SUCCESS
GSE106878,SIG001,925,-0.0419408471830986,1,SUCCESS
GSE106878,SIG001,926,0.733968731821519,1,SUCCESS
GSE106878,SIG001,927,-0.3425708412317971,1,SUCCESS
GSE106878,SIG001,928,-0.3217781031618018,1,SUCCESS
GSE106878,SIG001,929,-0.3126840397062833,1,SUCCESS
GSE106878,SIG001,930,0.0722919241466181,1,SUCCESS
GSE106878,SIG001,931,0.2053877630130754,1,SUCCESS
GSE106878,SIG001,932,-0.18075739125016,1,SUCCESS
GSE106878,SIG001,933,-0.7612945008246023,1,SUCCESS
GSE106878,SIG001,934,-0.3652908970476304,1,SUCCESS
GSE106878,SIG001,935,-0.0840029883720217,1,SUCCESS
GSE106878,SIG001,936,0.6324238460052317,1,SUCCESS
GSE106878,SIG001,937,-0.7521698923365425,1,SUCCESS
GSE106878,SIG001,938,0.5944998470907422,1,SUCCESS
GSE106878,SIG001,939,0.1303961584616828,1,SUCCESS
GSE106878,SIG001,940,-0.1835011496667969,1,SUCCESS
GSE106878,SIG001,941,0.3543382157781719,1,SUCCESS
GSE106878,SIG001,942,0.4373167560793772,1,SUCCESS
GSE106878,SIG001,943,-0.5213332831903605,1,SUCCESS
GSE106878,SIG001,944,-0.5623176075568754,1,SUCCESS
GSE106878,SIG001,945,-0.3248470105765406,1,SUCCESS
GSE106878,SIG001,946,-0.0844154798172326,1,SUCCESS
GSE106878,SIG001,947,0.2094617914519193,1,SUCCESS
GSE106878,SIG001,948,-0.7448524612997875,1,SUCCESS
GSE106878,SIG001,949,-0.3834979806017264,1,SUCCESS
GSE106878,SIG001,950,0.727355768019101,1,SUCCESS
GSE106878,SIG001,951,0.1905642552365149,1,SUCCESS
GSE106878,SIG001,952,0.3957227889136556,1,SUCCESS
GSE106878,SIG001,953,-0.7759250930854074,1,SUCCESS
GSE106878,SIG001,954,0.2206863557309424,1,SUCCESS
GSE106878,SIG001,955,-0.0555474100163979,1,SUCCESS
GSE106878,SIG001,956,0.4007446948981287,1,SUCCESS
GSE106878,SIG001,957,-0.4213388595114684,1,SUCCESS
GSE106878,SIG001,958,-0.2449304466481786,1,SUCCESS
GSE106878,SIG001,959,-0.178362346857843,1,SUCCESS
GSE106878,SIG001,960,0.3344315094126475,1,SUCCESS
GSE106878,SIG001,961,-0.4036647823270295,1,SUCCESS
GSE106878,SIG001,962,-0.4918417879204884,1,SUCCESS
GSE106878,SIG001,963,-0.1037787438862219,1,SUCCESS
GSE106878,SIG001,964,0.4189997346316806,1,SUCCESS
GSE106878,SIG001,965,-0.2869296799130824,1,SUCCESS
GSE106878,SIG001,966,-0.2921269846542615,1,SUCCESS
GSE106878,SIG001,967,-0.1572306208973118,1,SUCCESS
GSE106878,SIG001,968,0.6287286294350964,1,SUCCESS
GSE106878,SIG001,969,0.0706931125708676,1,SUCCESS
GSE106878,SIG001,970,-0.675903541653009,1,SUCCESS
GSE106878,SIG001,971,0.2740206926733964,1,SUCCESS
GSE106878,SIG001,972,0.2104517497835357,1,SUCCESS
GSE106878,SIG001,973,0.0046009847696397,1,SUCCESS
GSE106878,SIG001,974,-0.0240845375436322,1,SUCCESS
GSE106878,SIG001,975,0.0508168237123918,1,SUCCESS
GSE106878,SIG001,976,0.2187603061892446,1,SUCCESS
GSE106878,SIG001,977,-0.4979557067792229,1,SUCCESS
GSE106878,SIG001,978,-0.4589867997755947,1,SUCCESS
GSE106878,SIG001,979,-0.4529563259996975,1,SUCCESS
GSE106878,SIG001,980,-0.036917602644872,1,SUCCESS
GSE106878,SIG001,981,0.0709573809620074,1,SUCCESS
GSE106878,SIG001,982,0.0239350766613994,1,SUCCESS
GSE106878,SIG001,983,-0.4834650808358675,1,SUCCESS
GSE106878,SIG001,984,-0.4216253457896688,1,SUCCESS
GSE106878,SIG001,985,-0.0139573899398058,1,SUCCESS
GSE106878,SIG001,986,0.3374630638126699,1,SUCCESS
GSE106878,SIG001,987,-0.2614720293801646,1,SUCCESS
GSE106878,SIG001,988,0.2075528870957006,1,SUCCESS
GSE106878,SIG001,989,-0.4756393075744971,1,SUCCESS
GSE106878,SIG001,990,0.3256928316232474,1,SUCCESS
GSE106878,SIG001,991,-0.5547968614913212,1,SUCCESS
GSE106878,SIG001,992,-0.3734729289129411,1,SUCCESS
GSE106878,SIG001,993,0.1071070198165033,1,SUCCESS
GSE106878,SIG001,994,0.2621360274146902,1,SUCCESS
GSE106878,SIG001,995,0.1502812916351693,1,SUCCESS
GSE106878,SIG001,996,-0.4987041352251244,1,SUCCESS
GSE106878,SIG001,997,0.0060764802212268,1,SUCCESS
GSE106878,SIG001,998,0.4369169460365653,1,SUCCESS
GSE106878,SIG001,999,0.0597108716298248,1,SUCCESS
GSE106878,SIG001,1000,0.1355090079079218,1,SUCCESS
GSE106878,SIG002,1,-0.4277878052869869,1,SUCCESS
GSE106878,SIG002,2,0.0499493039480915,1,SUCCESS
GSE106878,SIG002,3,0.4479027723076145,1,SUCCESS
GSE106878,SIG002,4,-0.6561754013762768,1,SUCCESS
GSE106878,SIG002,5,0.2934265746410807,1,SUCCESS
GSE106878,SIG002,6,0.3532919055769919,1,SUCCESS
GSE106878,SIG002,7,0.1197079232839531,1,SUCCESS
GSE106878,SIG002,8,0.0274357003641116,1,SUCCESS
GSE106878,SIG002,9,-0.2137045591382891,1,SUCCESS
GSE106878,SIG002,10,-0.0113009018939719,1,SUCCESS
GSE106878,SIG002,11,0.4536887884334302,1,SUCCESS
GSE106878,SIG002,12,-0.2240187720445404,1,SUCCESS
GSE106878,SIG002,13,0.279741093086287,1,SUCCESS
GSE106878,SIG002,14,0.6297037023824791,1,SUCCESS
GSE106878,SIG002,15,-0.4129269813383071,1,SUCCESS
GSE106878,SIG002,16,0.6684795882019144,1,SUCCESS
GSE106878,SIG002,17,-0.2174113328600992,1,SUCCESS
GSE106878,SIG002,18,-0.6747236600056229,1,SUCCESS
GSE106878,SIG002,19,-0.0803437029791433,1,SUCCESS
GSE106878,SIG002,20,-0.2425500536158978,1,SUCCESS
GSE106878,SIG002,21,-0.4435753190305116,1,SUCCESS
GSE106878,SIG002,22,0.1675466373271688,1,SUCCESS
GSE106878,SIG002,23,-0.0280368200173658,1,SUCCESS
GSE106878,SIG002,24,0.280422262265785,1,SUCCESS
GSE106878,SIG002,25,-0.3111332446516076,1,SUCCESS
GSE106878,SIG002,26,-0.5125526094097189,1,SUCCESS
GSE106878,SIG002,27,-0.52476674937842,1,SUCCESS
GSE106878,SIG002,28,0.2983583623076488,1,SUCCESS
GSE106878,SIG002,29,-0.0532815393066058,1,SUCCESS
GSE106878,SIG002,30,0.1858635573979808,1,SUCCESS
GSE106878,SIG002,31,-0.4346650940799566,1,SUCCESS
GSE106878,SIG002,32,-0.4540768085032661,1,SUCCESS
GSE106878,SIG002,33,-0.1258692626984595,1,SUCCESS
GSE106878,SIG002,34,0.5970001373051748,1,SUCCESS
GSE106878,SIG002,35,0.4133075440371995,1,SUCCESS
GSE106878,SIG002,36,0.0815994961475541,1,SUCCESS
GSE106878,SIG002,37,0.1267293602081114,1,SUCCESS
GSE106878,SIG002,38,0.3098170220624748,1,SUCCESS
GSE106878,SIG002,39,-0.088578779749211,1,SUCCESS
GSE106878,SIG002,40,0.6476229237431024,1,SUCCESS
GSE106878,SIG002,41,0.1021265500952856,1,SUCCESS
GSE106878,SIG002,42,-0.7303177512470637,1,SUCCESS
GSE106878,SIG002,43,-0.1933283793764444,1,SUCCESS
GSE106878,SIG002,44,-0.2526559871296247,1,SUCCESS
GSE106878,SIG002,45,0.2323538343237628,1,SUCCESS
GSE106878,SIG002,46,0.3181459491866711,1,SUCCESS
GSE106878,SIG002,47,0.1492558911344433,1,SUCCESS
GSE106878,SIG002,48,0.187405633751382,1,SUCCESS
GSE106878,SIG002,49,-0.1747335913792657,1,SUCCESS
GSE106878,SIG002,50,0.5366463997401983,1,SUCCESS
GSE106878,SIG002,51,-0.4037719775490197,1,SUCCESS
GSE106878,SIG002,52,-1.4547537643379738,1,SUCCESS
GSE106878,SIG002,53,-0.1582437191423025,1,SUCCESS
GSE106878,SIG002,54,-0.3819484528217797,1,SUCCESS
GSE106878,SIG002,55,0.0649634963145096,1,SUCCESS
GSE106878,SIG002,56,-0.0813350543574151,1,SUCCESS
GSE106878,SIG002,57,0.0904761961733529,1,SUCCESS
GSE106878,SIG002,58,-0.5907174962482534,1,SUCCESS
GSE106878,SIG002,59,-0.0493377174757163,1,SUCCESS
GSE106878,SIG002,60,0.4996005789753294,1,SUCCESS
GSE106878,SIG002,61,-0.0068017387790032,1,SUCCESS
GSE106878,SIG002,62,-0.111356075965428,1,SUCCESS
GSE106878,SIG002,63,-0.2390759341215973,1,SUCCESS
GSE106878,SIG002,64,-0.1528232687699588,1,SUCCESS
GSE106878,SIG002,65,0.1869820237178937,1,SUCCESS
GSE106878,SIG002,66,-0.1197835781265503,1,SUCCESS
GSE106878,SIG002,67,-0.1290638910076038,1,SUCCESS
GSE106878,SIG002,68,0.7599968657839448,1,SUCCESS
GSE106878,SIG002,69,-0.4208658607373208,1,SUCCESS
GSE106878,SIG002,70,0.1386815014307076,1,SUCCESS
GSE106878,SIG002,71,-0.2408203054636778,1,SUCCESS
GSE106878,SIG002,72,0.0492843536773013,1,SUCCESS
GSE106878,SIG002,73,0.3161513400274625,1,SUCCESS
GSE106878,SIG002,74,0.0536657682454211,1,SUCCESS
GSE106878,SIG002,75,0.3384749292633074,1,SUCCESS
GSE106878,SIG002,76,0.1217265960027981,1,SUCCESS
GSE106878,SIG002,77,-0.1134234785197607,1,SUCCESS
GSE106878,SIG002,78,-0.7494028780641842,1,SUCCESS
GSE106878,SIG002,79,0.4666282329522228,1,SUCCESS
GSE106878,SIG002,80,0.1746673297910276,1,SUCCESS
GSE106878,SIG002,81,-0.2716524500849973,1,SUCCESS
GSE106878,SIG002,82,-0.4849872679026555,1,SUCCESS
GSE106878,SIG002,83,-0.038765924828132,1,SUCCESS
GSE106878,SIG002,84,-0.9704214874919114,1,SUCCESS
GSE106878,SIG002,85,0.5930328780178817,1,SUCCESS
GSE106878,SIG002,86,0.1909442718633313,1,SUCCESS
GSE106878,SIG002,87,-0.3221521935499908,1,SUCCESS
GSE106878,SIG002,88,0.2562788943749716,1,SUCCESS
GSE106878,SIG002,89,-0.123370691245054,1,SUCCESS
GSE106878,SIG002,90,-0.0170668400876783,1,SUCCESS
GSE106878,SIG002,91,-0.0021230430638362,1,SUCCESS
GSE106878,SIG002,92,-0.5748487662236371,1,SUCCESS
GSE106878,SIG002,93,-0.215803546723163,1,SUCCESS
GSE106878,SIG002,94,0.0466019454917025,1,SUCCESS
GSE106878,SIG002,95,-0.1904900445709221,1,SUCCESS
GSE106878,SIG002,96,0.3479563078281508,1,SUCCESS
GSE106878,SIG002,97,-0.1857566791618007,1,SUCCESS
GSE106878,SIG002,98,-0.4359511344515028,1,SUCCESS
GSE106878,SIG002,99,-0.3054362535361103,1,SUCCESS
GSE106878,SIG002,100,-0.1071021057962374,1,SUCCESS
GSE106878,SIG002,101,-0.4761137310583974,1,SUCCESS
GSE106878,SIG002,102,0.3815100724951967,1,SUCCESS
GSE106878,SIG002,103,-0.2744718842179381,1,SUCCESS
GSE106878,SIG002,104,0.5281451906999534,1,SUCCESS
GSE106878,SIG002,105,-0.4135736060719461,1,SUCCESS
GSE106878,SIG002,106,0.0244770801580615,1,SUCCESS
GSE106878,SIG002,107,-0.1833642087408457,1,SUCCESS
GSE106878,SIG002,108,0.8179838478145816,1,SUCCESS
GSE106878,SIG002,109,-0.0541260984678021,1,SUCCESS
GSE106878,SIG002,110,0.514367213459281,1,SUCCESS
GSE106878,SIG002,111,-0.0084897721262988,1,SUCCESS
GSE106878,SIG002,112,0.151767013361286,1,SUCCESS
GSE106878,SIG002,113,0.111658779606475,1,SUCCESS
GSE106878,SIG002,114,0.362385062590773,1,SUCCESS
GSE106878,SIG002,115,0.6646297017880124,1,SUCCESS
GSE106878,SIG002,116,-0.2712962819747234,1,SUCCESS
GSE106878,SIG002,117,0.473799990233255,1,SUCCESS
GSE106878,SIG002,118,0.2891787503243297,1,SUCCESS
GSE106878,SIG002,119,-0.1739798580115746,1,SUCCESS
GSE106878,SIG002,120,0.0886401978527367,1,SUCCESS
GSE106878,SIG002,121,-0.1277524812793382,1,SUCCESS
GSE106878,SIG002,122,-0.4609748238817858,1,SUCCESS
GSE106878,SIG002,123,-0.084263440896316,1,SUCCESS
GSE106878,SIG002,124,0.4623050757667494,1,SUCCESS
GSE106878,SIG002,125,0.0654265241538209,1,SUCCESS
GSE106878,SIG002,126,0.214784547124794,1,SUCCESS
GSE106878,SIG002,127,-0.0739708323187262,1,SUCCESS
GSE106878,SIG002,128,0.1645480806058367,1,SUCCESS
GSE106878,SIG002,129,-0.1424789483506809,1,SUCCESS
GSE106878,SIG002,130,0.3176402888475114,1,SUCCESS
GSE106878,SIG002,131,-0.1080895120236621,1,SUCCESS
GSE106878,SIG002,132,0.5248098510711847,1,SUCCESS
GSE106878,SIG002,133,0.1024279435280651,1,SUCCESS
GSE106878,SIG002,134,-0.1368542241568731,1,SUCCESS
GSE106878,SIG002,135,-0.6479613698094334,1,SUCCESS
GSE106878,SIG002,136,-0.1597181300751556,1,SUCCESS
GSE106878,SIG002,137,-0.0235047870087163,1,SUCCESS
GSE106878,SIG002,138,-0.4181094158660129,1,SUCCESS
GSE106878,SIG002,139,0.0308689810890456,1,SUCCESS
GSE106878,SIG002,140,0.4831877872034677,1,SUCCESS
GSE106878,SIG002,141,0.3571156119991002,1,SUCCESS
GSE106878,SIG002,142,-0.6579806030237365,1,SUCCESS
GSE106878,SIG002,143,-0.2912881073469763,1,SUCCESS
GSE106878,SIG002,144,-0.2404785693440777,1,SUCCESS
GSE106878,SIG002,145,0.1618556695118675,1,SUCCESS
GSE106878,SIG002,146,-0.5975097457946426,1,SUCCESS
GSE106878,SIG002,147,-0.3494403181591118,1,SUCCESS
GSE106878,SIG002,148,-0.2174729668123985,1,SUCCESS
GSE106878,SIG002,149,0.2012090797091835,1,SUCCESS
GSE106878,SIG002,150,-0.5658225141804437,1,SUCCESS
GSE106878,SIG002,151,-0.2324787209055939,1,SUCCESS
GSE106878,SIG002,152,-0.1772321409982608,1,SUCCESS
GSE106878,SIG002,153,-0.3364633585622132,1,SUCCESS
GSE106878,SIG002,154,0.0574932159634246,1,SUCCESS
GSE106878,SIG002,155,-0.2173912176297565,1,SUCCESS
GSE106878,SIG002,156,-0.4736678173420855,1,SUCCESS
GSE106878,SIG002,157,-0.569430505493808,1,SUCCESS
GSE106878,SIG002,158,0.3486119873228332,1,SUCCESS
GSE106878,SIG002,159,0.1469185804750934,1,SUCCESS
GSE106878,SIG002,160,-0.0682057661196222,1,SUCCESS
GSE106878,SIG002,161,0.0071171852811265,1,SUCCESS
GSE106878,SIG002,162,-0.4500915741802023,1,SUCCESS
GSE106878,SIG002,163,-0.3258577381305146,1,SUCCESS
GSE106878,SIG002,164,0.4317806101470884,1,SUCCESS
GSE106878,SIG002,165,0.1388792711444657,1,SUCCESS
GSE106878,SIG002,166,-0.0320656777197376,1,SUCCESS
GSE106878,SIG002,167,0.2809515199422447,1,SUCCESS
GSE106878,SIG002,168,0.3608387495171618,1,SUCCESS
GSE106878,SIG002,169,-0.9068014839229486,1,SUCCESS
GSE106878,SIG002,170,-0.0530897828836147,1,SUCCESS
GSE106878,SIG002,171,0.366420878553198,1,SUCCESS
GSE106878,SIG002,172,0.0155631854041167,1,SUCCESS
GSE106878,SIG002,173,-0.742249468537656,1,SUCCESS
GSE106878,SIG002,174,-0.2124503089100261,1,SUCCESS
GSE106878,SIG002,175,-0.0626112317712698,1,SUCCESS
GSE106878,SIG002,176,0.2912702351774946,1,SUCCESS
GSE106878,SIG002,177,-0.8072135485014519,1,SUCCESS
GSE106878,SIG002,178,0.0846346513994718,1,SUCCESS
GSE106878,SIG002,179,0.0318836919952478,1,SUCCESS
GSE106878,SIG002,180,0.5774606993032397,1,SUCCESS
GSE106878,SIG002,181,0.3918180310096956,1,SUCCESS
GSE106878,SIG002,182,0.4566493393065581,1,SUCCESS
GSE106878,SIG002,183,-0.1543354928117461,1,SUCCESS
GSE106878,SIG002,184,0.4023101043405691,1,SUCCESS
GSE106878,SIG002,185,-0.1016830997056184,1,SUCCESS
GSE106878,SIG002,186,0.3598092183807461,1,SUCCESS
GSE106878,SIG002,187,-0.22033759253008,1,SUCCESS
GSE106878,SIG002,188,0.1265052045805116,1,SUCCESS
GSE106878,SIG002,189,0.4816197921087582,1,SUCCESS
GSE106878,SIG002,190,0.0816918843956492,1,SUCCESS
GSE106878,SIG002,191,-0.2541529321748565,1,SUCCESS
GSE106878,SIG002,192,0.0824811562188082,1,SUCCESS
GSE106878,SIG002,193,0.2862800435426662,1,SUCCESS
GSE106878,SIG002,194,-0.155399261148507,1,SUCCESS
GSE106878,SIG002,195,-0.1373487132569031,1,SUCCESS
GSE106878,SIG002,196,0.0175341657074084,1,SUCCESS
GSE106878,SIG002,197,-0.3986157951542866,1,SUCCESS
GSE106878,SIG002,198,0.4851716138620998,1,SUCCESS
GSE106878,SIG002,199,0.6679139025079606,1,SUCCESS
GSE106878,SIG002,200,-0.2902522332847871,1,SUCCESS
GSE106878,SIG002,201,0.0986124106561073,1,SUCCESS
GSE106878,SIG002,202,-0.4238582150524229,1,SUCCESS
GSE106878,SIG002,203,0.3301734424389989,1,SUCCESS
GSE106878,SIG002,204,-0.2284542042925819,1,SUCCESS
GSE106878,SIG002,205,0.5889131666269936,1,SUCCESS
GSE106878,SIG002,206,0.1375675181397989,1,SUCCESS
GSE106878,SIG002,207,-0.0701492389874,1,SUCCESS
GSE106878,SIG002,208,-0.5236465858858255,1,SUCCESS
GSE106878,SIG002,209,-0.0888389977688588,1,SUCCESS
GSE106878,SIG002,210,0.4582363716389359,1,SUCCESS
GSE106878,SIG002,211,-0.9310543726960688,1,SUCCESS
GSE106878,SIG002,212,0.0449417151767707,1,SUCCESS
GSE106878,SIG002,213,-0.4314636974591228,1,SUCCESS
GSE106878,SIG002,214,0.2060261130904512,1,SUCCESS
GSE106878,SIG002,215,-0.5210465282863725,1,SUCCESS
GSE106878,SIG002,216,0.6486428110912538,1,SUCCESS
GSE106878,SIG002,217,0.0402235113016884,1,SUCCESS
GSE106878,SIG002,218,0.149702207271937,1,SUCCESS
GSE106878,SIG002,219,0.3535981770563571,1,SUCCESS
GSE106878,SIG002,220,0.5643064740928442,1,SUCCESS
GSE106878,SIG002,221,-0.1135376790264359,1,SUCCESS
GSE106878,SIG002,222,-0.7259315381740555,1,SUCCESS
GSE106878,SIG002,223,-0.0699266671441862,1,SUCCESS
GSE106878,SIG002,224,-0.298686553098368,1,SUCCESS
GSE106878,SIG002,225,-0.4049129720908321,1,SUCCESS
GSE106878,SIG002,226,-1.1043146600987253,1,SUCCESS
GSE106878,SIG002,227,0.2767119217289723,1,SUCCESS
GSE106878,SIG002,228,-0.0194055029617928,1,SUCCESS
GSE106878,SIG002,229,-0.6463963394857083,1,SUCCESS
GSE106878,SIG002,230,-0.2453376278354163,1,SUCCESS
GSE106878,SIG002,231,0.6262269937905021,1,SUCCESS
GSE106878,SIG002,232,-0.5225334320330334,1,SUCCESS
GSE106878,SIG002,233,-0.0077983272071678,1,SUCCESS
GSE106878,SIG002,234,-0.4599779447184344,1,SUCCESS
GSE106878,SIG002,235,-0.2545418947066227,1,SUCCESS
GSE106878,SIG002,236,-0.1212803397969977,1,SUCCESS
GSE106878,SIG002,237,-0.1602484771225986,1,SUCCESS
GSE106878,SIG002,238,0.2291860119214071,1,SUCCESS
GSE106878,SIG002,239,-0.1132078301337676,1,SUCCESS
GSE106878,SIG002,240,-0.0376218284651085,1,SUCCESS
GSE106878,SIG002,241,0.0171560130284223,1,SUCCESS
GSE106878,SIG002,242,-0.0771395331545458,1,SUCCESS
GSE106878,SIG002,243,0.4487906040659718,1,SUCCESS
GSE106878,SIG002,244,-0.7259855544692879,1,SUCCESS
GSE106878,SIG002,245,0.4838786002561427,1,SUCCESS
GSE106878,SIG002,246,-0.0067943483244075,1,SUCCESS
GSE106878,SIG002,247,0.3196112158156062,1,SUCCESS
GSE106878,SIG002,248,0.2724989214654105,1,SUCCESS
GSE106878,SIG002,249,-0.593838931909293,1,SUCCESS
GSE106878,SIG002,250,0.2466557422390697,1,SUCCESS
GSE106878,SIG002,251,0.1096730961990837,1,SUCCESS
GSE106878,SIG002,252,-0.1304330123311238,1,SUCCESS
GSE106878,SIG002,253,0.3850157789829182,1,SUCCESS
GSE106878,SIG002,254,0.2143253672914871,1,SUCCESS
GSE106878,SIG002,255,-0.1692123162322653,1,SUCCESS
GSE106878,SIG002,256,0.5074894892377289,1,SUCCESS
GSE106878,SIG002,257,-0.1045212193980346,1,SUCCESS
GSE106878,SIG002,258,0.1861536051605363,1,SUCCESS
GSE106878,SIG002,259,0.1016917468687619,1,SUCCESS
GSE106878,SIG002,260,0.4831013989422332,1,SUCCESS
GSE106878,SIG002,261,-0.1103670262170244,1,SUCCESS
GSE106878,SIG002,262,-0.2678689472591904,1,SUCCESS
GSE106878,SIG002,263,0.2738173647677716,1,SUCCESS
GSE106878,SIG002,264,-0.1534217399898671,1,SUCCESS
GSE106878,SIG002,265,0.131452480915766,1,SUCCESS
GSE106878,SIG002,266,-0.3545445606342909,1,SUCCESS
GSE106878,SIG002,267,-0.7267845657178995,1,SUCCESS
GSE106878,SIG002,268,-0.5981004003771994,1,SUCCESS
GSE106878,SIG002,269,0.1939279423576723,1,SUCCESS
GSE106878,SIG002,270,-0.0513882686885488,1,SUCCESS
GSE106878,SIG002,271,-0.0280483213929877,1,SUCCESS
GSE106878,SIG002,272,0.5304117051688824,1,SUCCESS
GSE106878,SIG002,273,0.5688548144190799,1,SUCCESS
GSE106878,SIG002,274,0.3005315240123846,1,SUCCESS
GSE106878,SIG002,275,-0.1634050887583815,1,SUCCESS
GSE106878,SIG002,276,-0.1318568633789968,1,SUCCESS
GSE106878,SIG002,277,-0.2371303587198733,1,SUCCESS
GSE106878,SIG002,278,0.1921304045535172,1,SUCCESS
GSE106878,SIG002,279,-0.5801625679487752,1,SUCCESS
GSE106878,SIG002,280,-0.0689758863142991,1,SUCCESS
GSE106878,SIG002,281,0.268092371422251,1,SUCCESS
GSE106878,SIG002,282,0.176973951065615,1,SUCCESS
GSE106878,SIG002,283,0.3858582814365408,1,SUCCESS
GSE106878,SIG002,284,-0.570162560378002,1,SUCCESS
GSE106878,SIG002,285,-0.0223527170610202,1,SUCCESS
GSE106878,SIG002,286,0.5468838083996909,1,SUCCESS
GSE106878,SIG002,287,0.6980429933449289,1,SUCCESS
GSE106878,SIG002,288,0.3045469716051424,1,SUCCESS
GSE106878,SIG002,289,-0.0998443708838502,1,SUCCESS
GSE106878,SIG002,290,-0.8131578356082982,1,SUCCESS
GSE106878,SIG002,291,0.1420288591691572,1,SUCCESS
GSE106878,SIG002,292,-0.0305296109431443,1,SUCCESS
GSE106878,SIG002,293,-0.468820591664398,1,SUCCESS
GSE106878,SIG002,294,-0.3933330585746516,1,SUCCESS
GSE106878,SIG002,295,0.2504725583886883,1,SUCCESS
GSE106878,SIG002,296,-0.2326938668595021,1,SUCCESS
GSE106878,SIG002,297,0.1538269664565786,1,SUCCESS
GSE106878,SIG002,298,-0.3624922996709877,1,SUCCESS
GSE106878,SIG002,299,-0.0528083636119258,1,SUCCESS
GSE106878,SIG002,300,0.1959893938224013,1,SUCCESS
GSE106878,SIG002,301,0.4188820722625818,1,SUCCESS
GSE106878,SIG002,302,-0.5283199587584848,1,SUCCESS
GSE106878,SIG002,303,0.1043604295320689,1,SUCCESS
GSE106878,SIG002,304,0.1210849690841335,1,SUCCESS
GSE106878,SIG002,305,0.834969964441749,1,SUCCESS
GSE106878,SIG002,306,0.4710487735266769,1,SUCCESS
GSE106878,SIG002,307,-0.09700909470388,1,SUCCESS
GSE106878,SIG002,308,-0.1469444132329176,1,SUCCESS
GSE106878,SIG002,309,-0.0552898850540415,1,SUCCESS
GSE106878,SIG002,310,-0.2236276516896141,1,SUCCESS
GSE106878,SIG002,311,-1.32290473984175,1,SUCCESS
GSE106878,SIG002,312,0.3263880667464995,1,SUCCESS
GSE106878,SIG002,313,0.3928351761280493,1,SUCCESS
GSE106878,SIG002,314,0.2664101767117885,1,SUCCESS
GSE106878,SIG002,315,-0.5074130754801756,1,SUCCESS
GSE106878,SIG002,316,0.1867113268809458,1,SUCCESS
GSE106878,SIG002,317,0.4503511089339677,1,SUCCESS
GSE106878,SIG002,318,-0.1192970653499289,1,SUCCESS
GSE106878,SIG002,319,-0.183564022128605,1,SUCCESS
GSE106878,SIG002,320,-0.3005527939489525,1,SUCCESS
GSE106878,SIG002,321,0.5186683449562828,1,SUCCESS
GSE106878,SIG002,322,0.9311373352663812,1,SUCCESS
GSE106878,SIG002,323,0.736508119171399,1,SUCCESS
GSE106878,SIG002,324,-0.2535036129963424,1,SUCCESS
GSE106878,SIG002,325,-0.1676431090116344,1,SUCCESS
GSE106878,SIG002,326,-0.2949312381970051,1,SUCCESS
GSE106878,SIG002,327,0.0708248422533399,1,SUCCESS
GSE106878,SIG002,328,-0.1157772266563748,1,SUCCESS
GSE106878,SIG002,329,0.2176850852072991,1,SUCCESS
GSE106878,SIG002,330,0.0848105488022523,1,SUCCESS
GSE106878,SIG002,331,0.4066781178668065,1,SUCCESS
GSE106878,SIG002,332,-0.0355001982168472,1,SUCCESS
GSE106878,SIG002,333,-0.4400645944056064,1,SUCCESS
GSE106878,SIG002,334,-0.1597933409139576,1,SUCCESS
GSE106878,SIG002,335,-0.9924766889282152,1,SUCCESS
GSE106878,SIG002,336,0.0119164028760456,1,SUCCESS
GSE106878,SIG002,337,-0.1925441885057952,1,SUCCESS
GSE106878,SIG002,338,0.5042473981048379,1,SUCCESS
GSE106878,SIG002,339,0.0839491356750676,1,SUCCESS
GSE106878,SIG002,340,-0.6381725971370259,1,SUCCESS
GSE106878,SIG002,341,0.3589248687795367,1,SUCCESS
GSE106878,SIG002,342,-0.1132904743761357,1,SUCCESS
GSE106878,SIG002,343,-0.55074866792511,1,SUCCESS
GSE106878,SIG002,344,-0.3563739650645308,1,SUCCESS
GSE106878,SIG002,345,-0.5332360891325708,1,SUCCESS
GSE106878,SIG002,346,-0.2608954993786248,1,SUCCESS
GSE106878,SIG002,347,0.0185752372166423,1,SUCCESS
GSE106878,SIG002,348,-0.2514159785788207,1,SUCCESS
GSE106878,SIG002,349,0.2526000873111569,1,SUCCESS
GSE106878,SIG002,350,-0.0693682014268357,1,SUCCESS
GSE106878,SIG002,351,0.2775115941933169,1,SUCCESS
GSE106878,SIG002,352,-0.2905779248647923,1,SUCCESS
GSE106878,SIG002,353,0.0786701389920968,1,SUCCESS
GSE106878,SIG002,354,0.1721043808757556,1,SUCCESS
GSE106878,SIG002,355,0.1247258349493473,1,SUCCESS
GSE106878,SIG002,356,-0.3006975430453958,1,SUCCESS
GSE106878,SIG002,357,0.1552044517228281,1,SUCCESS
GSE106878,SIG002,358,0.02615781650666,1,SUCCESS
GSE106878,SIG002,359,-0.372393685444115,1,SUCCESS
GSE106878,SIG002,360,-0.2964260433153565,1,SUCCESS
GSE106878,SIG002,361,0.3576283561778183,1,SUCCESS
GSE106878,SIG002,362,-0.6583559335702945,1,SUCCESS
GSE106878,SIG002,363,-0.1411923869248461,1,SUCCESS
GSE106878,SIG002,364,-0.0897581132523051,1,SUCCESS
GSE106878,SIG002,365,0.6919574832553241,1,SUCCESS
GSE106878,SIG002,366,0.4609153969294472,1,SUCCESS
GSE106878,SIG002,367,-0.4669617402300694,1,SUCCESS
GSE106878,SIG002,368,0.2818039051664069,1,SUCCESS
GSE106878,SIG002,369,0.4888333425923232,1,SUCCESS
GSE106878,SIG002,370,0.0264123371331393,1,SUCCESS
GSE106878,SIG002,371,0.0560547969271987,1,SUCCESS
GSE106878,SIG002,372,0.0586753405031398,1,SUCCESS
GSE106878,SIG002,373,0.0374348934139247,1,SUCCESS
GSE106878,SIG002,374,-0.2711774632626023,1,SUCCESS
GSE106878,SIG002,375,0.3952469361805364,1,SUCCESS
GSE106878,SIG002,376,0.0513953785886837,1,SUCCESS
GSE106878,SIG002,377,0.1652539553704036,1,SUCCESS
GSE106878,SIG002,378,-0.0794870792003803,1,SUCCESS
GSE106878,SIG002,379,-0.3250043382435386,1,SUCCESS
GSE106878,SIG002,380,-0.3927911863732869,1,SUCCESS
GSE106878,SIG002,381,-0.0248443999864868,1,SUCCESS
GSE106878,SIG002,382,-0.5044634077745579,1,SUCCESS
GSE106878,SIG002,383,0.1477778696407328,1,SUCCESS
GSE106878,SIG002,384,0.2895355939061228,1,SUCCESS
GSE106878,SIG002,385,-0.0945486379503129,1,SUCCESS
GSE106878,SIG002,386,0.4832164623327579,1,SUCCESS
GSE106878,SIG002,387,0.0601633870719157,1,SUCCESS
GSE106878,SIG002,388,-0.668638821772305,1,SUCCESS
GSE106878,SIG002,389,-0.3839494580557478,1,SUCCESS
GSE106878,SIG002,390,0.1614127272261867,1,SUCCESS
GSE106878,SIG002,391,-0.032637872518571,1,SUCCESS
GSE106878,SIG002,392,-0.122998989374722,1,SUCCESS
GSE106878,SIG002,393,0.3136194625080616,1,SUCCESS
GSE106878,SIG002,394,-0.2855023354738592,1,SUCCESS
GSE106878,SIG002,395,-0.1937920104107243,1,SUCCESS
GSE106878,SIG002,396,-0.1331308149062397,1,SUCCESS
GSE106878,SIG002,397,0.2952505880857599,1,SUCCESS
GSE106878,SIG002,398,0.2390018687303211,1,SUCCESS
GSE106878,SIG002,399,-0.104068221936982,1,SUCCESS
GSE106878,SIG002,400,0.0535427697756215,1,SUCCESS
GSE106878,SIG002,401,-0.4604548857583763,1,SUCCESS
GSE106878,SIG002,402,0.1430184539533255,1,SUCCESS
GSE106878,SIG002,403,-0.2987404088786189,1,SUCCESS
GSE106878,SIG002,404,-0.6248675235154095,1,SUCCESS
GSE106878,SIG002,405,-0.0078051120894139,1,SUCCESS
GSE106878,SIG002,406,0.1552425669956456,1,SUCCESS
GSE106878,SIG002,407,0.2937619178563601,1,SUCCESS
GSE106878,SIG002,408,-0.2361870350533373,1,SUCCESS
GSE106878,SIG002,409,-0.4609866877136701,1,SUCCESS
GSE106878,SIG002,410,-0.2363944645645871,1,SUCCESS
GSE106878,SIG002,411,-0.5979147905840287,1,SUCCESS
GSE106878,SIG002,412,-0.3594658955089038,1,SUCCESS
GSE106878,SIG002,413,0.70173089992638,1,SUCCESS
GSE106878,SIG002,414,0.4735437554891719,1,SUCCESS
GSE106878,SIG002,415,0.5775917337901704,1,SUCCESS
GSE106878,SIG002,416,-0.4765084617087219,1,SUCCESS
GSE106878,SIG002,417,0.3371314973106777,1,SUCCESS
GSE106878,SIG002,418,0.0235947547755148,1,SUCCESS
GSE106878,SIG002,419,0.5867355137796052,1,SUCCESS
GSE106878,SIG002,420,-0.1166676273320064,1,SUCCESS
GSE106878,SIG002,421,-0.4818042309659154,1,SUCCESS
GSE106878,SIG002,422,-0.1612453525595874,1,SUCCESS
GSE106878,SIG002,423,-0.3361280599488768,1,SUCCESS
GSE106878,SIG002,424,0.2962333602334329,1,SUCCESS
GSE106878,SIG002,425,-0.087802645051311,1,SUCCESS
GSE106878,SIG002,426,-0.4598307556547409,1,SUCCESS
GSE106878,SIG002,427,0.2970514930754745,1,SUCCESS
GSE106878,SIG002,428,0.242311836871839,1,SUCCESS
GSE106878,SIG002,429,-0.3413438709615964,1,SUCCESS
GSE106878,SIG002,430,0.133961928850243,1,SUCCESS
GSE106878,SIG002,431,-0.1988607018688719,1,SUCCESS
GSE106878,SIG002,432,-0.334092652546279,1,SUCCESS
GSE106878,SIG002,433,-0.2206593133800114,1,SUCCESS
GSE106878,SIG002,434,-0.2930018804638011,1,SUCCESS
GSE106878,SIG002,435,0.3850241294747032,1,SUCCESS
GSE106878,SIG002,436,-0.3298505701194567,1,SUCCESS
GSE106878,SIG002,437,0.7062054400629451,1,SUCCESS
GSE106878,SIG002,438,0.1764063213745049,1,SUCCESS
GSE106878,SIG002,439,-0.3873690342266098,1,SUCCESS
GSE106878,SIG002,440,0.4694960556416718,1,SUCCESS
GSE106878,SIG002,441,-0.1434105466870915,1,SUCCESS
GSE106878,SIG002,442,-0.0570087452050046,1,SUCCESS
GSE106878,SIG002,443,0.6223059790136984,1,SUCCESS
GSE106878,SIG002,444,0.2285492673247749,1,SUCCESS
GSE106878,SIG002,445,-0.0972805347735518,1,SUCCESS
GSE106878,SIG002,446,-0.0929390970373696,1,SUCCESS
GSE106878,SIG002,447,-0.1440215354773569,1,SUCCESS
GSE106878,SIG002,448,-0.2593296071271567,1,SUCCESS
GSE106878,SIG002,449,0.6519219162737941,1,SUCCESS
GSE106878,SIG002,450,-0.4892432448229643,1,SUCCESS
GSE106878,SIG002,451,-0.017364891445524,1,SUCCESS
GSE106878,SIG002,452,0.3169678234744988,1,SUCCESS
GSE106878,SIG002,453,0.0809506896171124,1,SUCCESS
GSE106878,SIG002,454,0.1482851753477871,1,SUCCESS
GSE106878,SIG002,455,-0.0219272099365359,1,SUCCESS
GSE106878,SIG002,456,0.1036462490509442,1,SUCCESS
GSE106878,SIG002,457,0.2606242758694808,1,SUCCESS
GSE106878,SIG002,458,-0.0327261140536105,1,SUCCESS
GSE106878,SIG002,459,0.2656800521623462,1,SUCCESS
GSE106878,SIG002,460,-0.0681481680456812,1,SUCCESS
GSE106878,SIG002,461,-0.0992152785343526,1,SUCCESS
GSE106878,SIG002,462,0.4847878413997883,1,SUCCESS
GSE106878,SIG002,463,0.2699236266070673,1,SUCCESS
GSE106878,SIG002,464,-0.2607602529342146,1,SUCCESS
GSE106878,SIG002,465,0.2903329751628851,1,SUCCESS
GSE106878,SIG002,466,-0.0921742668448864,1,SUCCESS
GSE106878,SIG002,467,-0.3333622509642541,1,SUCCESS
GSE106878,SIG002,468,-0.1630157802819314,1,SUCCESS
GSE106878,SIG002,469,-0.0894586535923649,1,SUCCESS
GSE106878,SIG002,470,-0.4474525711892586,1,SUCCESS
GSE106878,SIG002,471,-0.5319551277280475,1,SUCCESS
GSE106878,SIG002,472,-0.263213184940227,1,SUCCESS
GSE106878,SIG002,473,0.4407235804583381,1,SUCCESS
GSE106878,SIG002,474,-0.0514375070040837,1,SUCCESS
GSE106878,SIG002,475,-0.2666186484170033,1,SUCCESS
GSE106878,SIG002,476,-0.3590299977843502,1,SUCCESS
GSE106878,SIG002,477,0.4950827132011184,1,SUCCESS
GSE106878,SIG002,478,-0.4286778878006095,1,SUCCESS
GSE106878,SIG002,479,-0.2571617380983474,1,SUCCESS
GSE106878,SIG002,480,-0.0544466187619533,1,SUCCESS
GSE106878,SIG002,481,-0.3889593983730025,1,SUCCESS
GSE106878,SIG002,482,0.4699650286611336,1,SUCCESS
GSE106878,SIG002,483,-0.232008995240645,1,SUCCESS
GSE106878,SIG002,484,-0.0376088575535395,1,SUCCESS
GSE106878,SIG002,485,-0.5879586784778273,1,SUCCESS
GSE106878,SIG002,486,-0.2653915436124823,1,SUCCESS
GSE106878,SIG002,487,-0.1889369998652424,1,SUCCESS
GSE106878,SIG002,488,0.3099587419064397,1,SUCCESS
GSE106878,SIG002,489,0.4304985171508483,1,SUCCESS
GSE106878,SIG002,490,-0.386718969765778,1,SUCCESS
GSE106878,SIG002,491,-0.003363782824629,1,SUCCESS
GSE106878,SIG002,492,-0.7436901112217205,1,SUCCESS
GSE106878,SIG002,493,-0.2171050422349992,1,SUCCESS
GSE106878,SIG002,494,0.482849825105973,1,SUCCESS
GSE106878,SIG002,495,-0.2122073566158631,1,SUCCESS
GSE106878,SIG002,496,-0.3940346123472418,1,SUCCESS
GSE106878,SIG002,497,-0.5311076870421693,1,SUCCESS
GSE106878,SIG002,498,-0.6186082454678462,1,SUCCESS
GSE106878,SIG002,499,-0.4262497464386906,1,SUCCESS
GSE106878,SIG002,500,0.0939373254292376,1,SUCCESS
GSE106878,SIG002,501,0.9094331696615956,1,SUCCESS
GSE106878,SIG002,502,0.0715042105741307,1,SUCCESS
GSE106878,SIG002,503,0.4507934137950359,1,SUCCESS
GSE106878,SIG002,504,-0.0987041504076634,1,SUCCESS
GSE106878,SIG002,505,0.2979013961825159,1,SUCCESS
GSE106878,SIG002,506,0.342650499494695,1,SUCCESS
GSE106878,SIG002,507,-0.4800593075548622,1,SUCCESS
GSE106878,SIG002,508,-0.4954750713503541,1,SUCCESS
GSE106878,SIG002,509,-0.2581407713739578,1,SUCCESS
GSE106878,SIG002,510,-0.5194742931604184,1,SUCCESS
GSE106878,SIG002,511,0.5888075695406522,1,SUCCESS
GSE106878,SIG002,512,-0.2033208473580611,1,SUCCESS
GSE106878,SIG002,513,-0.3492564951068082,1,SUCCESS
GSE106878,SIG002,514,-0.363110495764582,1,SUCCESS
GSE106878,SIG002,515,0.0551902363781093,1,SUCCESS
GSE106878,SIG002,516,-0.1188283116507378,1,SUCCESS
GSE106878,SIG002,517,0.0707235160586626,1,SUCCESS
GSE106878,SIG002,518,-0.4078902102454134,1,SUCCESS
GSE106878,SIG002,519,-0.2237132354291863,1,SUCCESS
GSE106878,SIG002,520,-0.4083753819227175,1,SUCCESS
GSE106878,SIG002,521,-0.331319712188051,1,SUCCESS
GSE106878,SIG002,522,-0.4345688098762685,1,SUCCESS
GSE106878,SIG002,523,0.0250021628080106,1,SUCCESS
GSE106878,SIG002,524,-0.2548553647091091,1,SUCCESS
GSE106878,SIG002,525,-0.1513551914451505,1,SUCCESS
GSE106878,SIG002,526,-0.4950387012692842,1,SUCCESS
GSE106878,SIG002,527,0.2753907245129854,1,SUCCESS
GSE106878,SIG002,528,0.101774018487735,1,SUCCESS
GSE106878,SIG002,529,0.1326431788657276,1,SUCCESS
GSE106878,SIG002,530,-0.1666157713480427,1,SUCCESS
GSE106878,SIG002,531,-0.1536743513692657,1,SUCCESS
GSE106878,SIG002,532,-0.535785252170733,1,SUCCESS
GSE106878,SIG002,533,-0.1793548109720742,1,SUCCESS
GSE106878,SIG002,534,-0.3319193107030153,1,SUCCESS
GSE106878,SIG002,535,0.5181067547915984,1,SUCCESS
GSE106878,SIG002,536,0.2609810717009593,1,SUCCESS
GSE106878,SIG002,537,0.3026111223164333,1,SUCCESS
GSE106878,SIG002,538,0.6106507985209714,1,SUCCESS
GSE106878,SIG002,539,0.0160935425199147,1,SUCCESS
GSE106878,SIG002,540,0.3359202756385312,1,SUCCESS
GSE106878,SIG002,541,0.2519736097854385,1,SUCCESS
GSE106878,SIG002,542,0.3564836326184269,1,SUCCESS
GSE106878,SIG002,543,-0.0162867009782257,1,SUCCESS
GSE106878,SIG002,544,-0.343017244552367,1,SUCCESS
GSE106878,SIG002,545,0.2406531096380476,1,SUCCESS
GSE106878,SIG002,546,0.3558660935744386,1,SUCCESS
GSE106878,SIG002,547,0.2985506140488606,1,SUCCESS
GSE106878,SIG002,548,0.0842222656586074,1,SUCCESS
GSE106878,SIG002,549,0.432808639123116,1,SUCCESS
GSE106878,SIG002,550,-0.5472571068979092,1,SUCCESS
GSE106878,SIG002,551,0.3640205259687541,1,SUCCESS
GSE106878,SIG002,552,0.3814407997308947,1,SUCCESS
GSE106878,SIG002,553,-0.3622234988606475,1,SUCCESS
GSE106878,SIG002,554,0.3388289494676173,1,SUCCESS
GSE106878,SIG002,555,0.3323246923413522,1,SUCCESS
GSE106878,SIG002,556,0.6584968345362641,1,SUCCESS
GSE106878,SIG002,557,0.08950883527159,1,SUCCESS
GSE106878,SIG002,558,0.2318709801155104,1,SUCCESS
GSE106878,SIG002,559,-0.3099858545842672,1,SUCCESS
GSE106878,SIG002,560,-0.3259975357061028,1,SUCCESS
GSE106878,SIG002,561,-0.6997813570066259,1,SUCCESS
GSE106878,SIG002,562,-0.2081820027274199,1,SUCCESS
GSE106878,SIG002,563,0.0542975468308917,1,SUCCESS
GSE106878,SIG002,564,0.1838466076123965,1,SUCCESS
GSE106878,SIG002,565,0.5230721590569519,1,SUCCESS
GSE106878,SIG002,566,0.1170374272972149,1,SUCCESS
GSE106878,SIG002,567,-0.2001050377542936,1,SUCCESS
GSE106878,SIG002,568,-0.9411760309999057,1,SUCCESS
GSE106878,SIG002,569,-0.1387710625728412,1,SUCCESS
GSE106878,SIG002,570,-0.4568835873160117,1,SUCCESS
GSE106878,SIG002,571,0.4673528356696835,1,SUCCESS
GSE106878,SIG002,572,-0.0869799856952807,1,SUCCESS
GSE106878,SIG002,573,-0.0639544355945446,1,SUCCESS
GSE106878,SIG002,574,-0.1987821203660719,1,SUCCESS
GSE106878,SIG002,575,0.1826547389556511,1,SUCCESS
GSE106878,SIG002,576,0.3217445209075978,1,SUCCESS
GSE106878,SIG002,577,0.5356821407894509,1,SUCCESS
GSE106878,SIG002,578,0.5350421061033777,1,SUCCESS
GSE106878,SIG002,579,0.650862928166417,1,SUCCESS
GSE106878,SIG002,580,-0.2437087980521019,1,SUCCESS
GSE106878,SIG002,581,0.2567334225473894,1,SUCCESS
GSE106878,SIG002,582,-0.0886743386801396,1,SUCCESS
GSE106878,SIG002,583,-0.8487997440587829,1,SUCCESS
GSE106878,SIG002,584,0.3332610245091666,1,SUCCESS
GSE106878,SIG002,585,0.2724976554565938,1,SUCCESS
GSE106878,SIG002,586,-0.2028301105524903,1,SUCCESS
GSE106878,SIG002,587,-0.1494045077348523,1,SUCCESS
GSE106878,SIG002,588,0.34722073478492,1,SUCCESS
GSE106878,SIG002,589,0.1283993578082569,1,SUCCESS
GSE106878,SIG002,590,-0.4723054416724213,1,SUCCESS
GSE106878,SIG002,591,0.2144208531626231,1,SUCCESS
GSE106878,SIG002,592,0.7696746946832526,1,SUCCESS
GSE106878,SIG002,593,-0.4295654664843075,1,SUCCESS
GSE106878,SIG002,594,0.0581801921235708,1,SUCCESS
GSE106878,SIG002,595,-0.2320427841169079,1,SUCCESS
GSE106878,SIG002,596,-0.2485970280708383,1,SUCCESS
GSE106878,SIG002,597,0.9664420496288508,1,SUCCESS
GSE106878,SIG002,598,-0.675568482425176,1,SUCCESS
GSE106878,SIG002,599,0.0502084860741326,1,SUCCESS
GSE106878,SIG002,600,-0.107865619093473,1,SUCCESS
GSE106878,SIG002,601,-0.4198395287797618,1,SUCCESS
GSE106878,SIG002,602,0.5334030830256854,1,SUCCESS
GSE106878,SIG002,603,0.4101316124992083,1,SUCCESS
GSE106878,SIG002,604,-0.378781995327105,1,SUCCESS
GSE106878,SIG002,605,0.5243567149851168,1,SUCCESS
GSE106878,SIG002,606,-0.2258352106932152,1,SUCCESS
GSE106878,SIG002,607,-0.1138526256710552,1,SUCCESS
GSE106878,SIG002,608,-0.0062040054321266,1,SUCCESS
GSE106878,SIG002,609,0.1535885466972968,1,SUCCESS
GSE106878,SIG002,610,0.6473115990546249,1,SUCCESS
GSE106878,SIG002,611,0.0017622620711761,1,SUCCESS
GSE106878,SIG002,612,-0.1655201190800964,1,SUCCESS
GSE106878,SIG002,613,0.5732719371428224,1,SUCCESS
GSE106878,SIG002,614,-0.3607891551109944,1,SUCCESS
GSE106878,SIG002,615,0.4010818379933883,1,SUCCESS
GSE106878,SIG002,616,-0.4182833277005755,1,SUCCESS
GSE106878,SIG002,617,0.0889426463059958,1,SUCCESS
GSE106878,SIG002,618,-0.1413138575498258,1,SUCCESS
GSE106878,SIG002,619,-0.1947272666689349,1,SUCCESS
GSE106878,SIG002,620,0.2541247833400823,1,SUCCESS
GSE106878,SIG002,621,-0.0130931539538886,1,SUCCESS
GSE106878,SIG002,622,-0.1069775197195323,1,SUCCESS
GSE106878,SIG002,623,0.2733525589435056,1,SUCCESS
GSE106878,SIG002,624,-0.0998187929650393,1,SUCCESS
GSE106878,SIG002,625,-0.1549225624748839,1,SUCCESS
GSE106878,SIG002,626,0.0253728485155531,1,SUCCESS
GSE106878,SIG002,627,0.0649617996484061,1,SUCCESS
GSE106878,SIG002,628,-0.3664072287751999,1,SUCCESS
GSE106878,SIG002,629,0.4547864511763237,1,SUCCESS
GSE106878,SIG002,630,-0.4685383224996389,1,SUCCESS
GSE106878,SIG002,631,-0.0074134949615938,1,SUCCESS
GSE106878,SIG002,632,-0.5708577512675073,1,SUCCESS
GSE106878,SIG002,633,-0.147132593431145,1,SUCCESS
GSE106878,SIG002,634,-0.0351210200791128,1,SUCCESS
GSE106878,SIG002,635,-0.3771650195278686,1,SUCCESS
GSE106878,SIG002,636,-0.1175422093286271,1,SUCCESS
GSE106878,SIG002,637,0.1847567683587713,1,SUCCESS
GSE106878,SIG002,638,0.1046266229158351,1,SUCCESS
GSE106878,SIG002,639,0.6489569283050752,1,SUCCESS
GSE106878,SIG002,640,0.1930810822310365,1,SUCCESS
GSE106878,SIG002,641,0.5362743724818966,1,SUCCESS
GSE106878,SIG002,642,-0.2604329853373613,1,SUCCESS
GSE106878,SIG002,643,0.120443111389205,1,SUCCESS
GSE106878,SIG002,644,0.5060148755029669,1,SUCCESS
GSE106878,SIG002,645,0.1317724006302668,1,SUCCESS
GSE106878,SIG002,646,0.4104523082589102,1,SUCCESS
GSE106878,SIG002,647,0.4003515390102902,1,SUCCESS
GSE106878,SIG002,648,0.0026861976306183,1,SUCCESS
GSE106878,SIG002,649,-0.0771941876922975,1,SUCCESS
GSE106878,SIG002,650,-0.1313715830182781,1,SUCCESS
GSE106878,SIG002,651,-0.2092319650971603,1,SUCCESS
GSE106878,SIG002,652,0.2122202928371979,1,SUCCESS
GSE106878,SIG002,653,-0.0398608386395061,1,SUCCESS
GSE106878,SIG002,654,0.0173982709298737,1,SUCCESS
GSE106878,SIG002,655,0.6841771757208367,1,SUCCESS
GSE106878,SIG002,656,-0.6233315614582846,1,SUCCESS
GSE106878,SIG002,657,-0.2665167483773329,1,SUCCESS
GSE106878,SIG002,658,0.2094765953257382,1,SUCCESS
GSE106878,SIG002,659,0.2306861248015617,1,SUCCESS
GSE106878,SIG002,660,0.2872663659078868,1,SUCCESS
GSE106878,SIG002,661,-0.0028822839376147,1,SUCCESS
GSE106878,SIG002,662,0.6018870171035596,1,SUCCESS
GSE106878,SIG002,663,-0.5207963204627492,1,SUCCESS
GSE106878,SIG002,664,0.2903503778107283,1,SUCCESS
GSE106878,SIG002,665,0.5893026853283371,1,SUCCESS
GSE106878,SIG002,666,0.0847749018892191,1,SUCCESS
GSE106878,SIG002,667,0.2592924450754433,1,SUCCESS
GSE106878,SIG002,668,0.1692542922684846,1,SUCCESS
GSE106878,SIG002,669,-0.3699742008646254,1,SUCCESS
GSE106878,SIG002,670,-0.3979130273950515,1,SUCCESS
GSE106878,SIG002,671,-0.4338725968517795,1,SUCCESS
GSE106878,SIG002,672,0.3213947300989125,1,SUCCESS
GSE106878,SIG002,673,-0.3003926562176079,1,SUCCESS
GSE106878,SIG002,674,0.3613952294495277,1,SUCCESS
GSE106878,SIG002,675,-0.1029870691023926,1,SUCCESS
GSE106878,SIG002,676,0.1198660994389087,1,SUCCESS
GSE106878,SIG002,677,0.6132238217288372,1,SUCCESS
GSE106878,SIG002,678,0.0153420634620968,1,SUCCESS
GSE106878,SIG002,679,-0.1507562606607894,1,SUCCESS
GSE106878,SIG002,680,0.3436900125016262,1,SUCCESS
GSE106878,SIG002,681,0.0282457383259119,1,SUCCESS
GSE106878,SIG002,682,0.2627159539168467,1,SUCCESS
GSE106878,SIG002,683,-0.1679526268112992,1,SUCCESS
GSE106878,SIG002,684,0.1403835449161045,1,SUCCESS
GSE106878,SIG002,685,0.0726445459273833,1,SUCCESS
GSE106878,SIG002,686,0.1254388923747704,1,SUCCESS
GSE106878,SIG002,687,0.7338044032264439,1,SUCCESS
GSE106878,SIG002,688,-0.4983461656264769,1,SUCCESS
GSE106878,SIG002,689,0.0304447112103583,1,SUCCESS
GSE106878,SIG002,690,0.3266660788887904,1,SUCCESS
GSE106878,SIG002,691,0.7025568649628934,1,SUCCESS
GSE106878,SIG002,692,-0.0602752905415138,1,SUCCESS
GSE106878,SIG002,693,-0.2842214124396919,1,SUCCESS
GSE106878,SIG002,694,0.1351305910342165,1,SUCCESS
GSE106878,SIG002,695,0.4357647201653088,1,SUCCESS
GSE106878,SIG002,696,-0.3051988243743614,1,SUCCESS
GSE106878,SIG002,697,-0.4858520440759283,1,SUCCESS
GSE106878,SIG002,698,0.3905607442369241,1,SUCCESS
GSE106878,SIG002,699,0.0427758625170627,1,SUCCESS
GSE106878,SIG002,700,0.5861651937941676,1,SUCCESS
GSE106878,SIG002,701,-0.25562970258028,1,SUCCESS
GSE106878,SIG002,702,-0.1211504073835556,1,SUCCESS
GSE106878,SIG002,703,-0.1074379069961879,1,SUCCESS
GSE106878,SIG002,704,0.2639663159075535,1,SUCCESS
GSE106878,SIG002,705,-0.4229902538033858,1,SUCCESS
GSE106878,SIG002,706,0.4611902433110736,1,SUCCESS
GSE106878,SIG002,707,-0.6131895226220857,1,SUCCESS
GSE106878,SIG002,708,0.2664059585919828,1,SUCCESS
GSE106878,SIG002,709,0.1194897630537735,1,SUCCESS
GSE106878,SIG002,710,0.1005490647713378,1,SUCCESS
GSE106878,SIG002,711,0.4542867582342972,1,SUCCESS
GSE106878,SIG002,712,0.2783107487523328,1,SUCCESS
GSE106878,SIG002,713,-0.132340045752633,1,SUCCESS
GSE106878,SIG002,714,-0.7380133363796905,1,SUCCESS
GSE106878,SIG002,715,0.1940549929334052,1,SUCCESS
GSE106878,SIG002,716,0.4998917538539404,1,SUCCESS
GSE106878,SIG002,717,-0.0171069028042917,1,SUCCESS
GSE106878,SIG002,718,0.1198735981196572,1,SUCCESS
GSE106878,SIG002,719,-0.0787191860687243,1,SUCCESS
GSE106878,SIG002,720,-0.4556562490452109,1,SUCCESS
GSE106878,SIG002,721,0.0509978052138049,1,SUCCESS
GSE106878,SIG002,722,-0.2932747710958516,1,SUCCESS
GSE106878,SIG002,723,0.0770915425400827,1,SUCCESS
GSE106878,SIG002,724,0.1261975355673514,1,SUCCESS
GSE106878,SIG002,725,-0.0733108930515344,1,SUCCESS
GSE106878,SIG002,726,-0.4427702953287807,1,SUCCESS
GSE106878,SIG002,727,-0.1011127516211281,1,SUCCESS
GSE106878,SIG002,728,-0.0596431500603301,1,SUCCESS
GSE106878,SIG002,729,0.7757341198361316,1,SUCCESS
GSE106878,SIG002,730,0.0244121235935462,1,SUCCESS
GSE106878,SIG002,731,-0.3061257064707077,1,SUCCESS
GSE106878,SIG002,732,0.3248266493383857,1,SUCCESS
GSE106878,SIG002,733,-0.2208449769974715,1,SUCCESS
GSE106878,SIG002,734,-0.7879222511581033,1,SUCCESS
GSE106878,SIG002,735,-0.3131469171225942,1,SUCCESS
GSE106878,SIG002,736,-0.07342581757101,1,SUCCESS
GSE106878,SIG002,737,0.4549359872203939,1,SUCCESS
GSE106878,SIG002,738,0.1060790960736252,1,SUCCESS
GSE106878,SIG002,739,-0.0843570897148045,1,SUCCESS
GSE106878,SIG002,740,-0.3314341931116325,1,SUCCESS
GSE106878,SIG002,741,0.1226049469101437,1,SUCCESS
GSE106878,SIG002,742,0.158975218912489,1,SUCCESS
GSE106878,SIG002,743,0.5111942075246478,1,SUCCESS
GSE106878,SIG002,744,-0.2115717216176989,1,SUCCESS
GSE106878,SIG002,745,0.0478431194738454,1,SUCCESS
GSE106878,SIG002,746,-0.1385625031698049,1,SUCCESS
GSE106878,SIG002,747,0.0846692187592925,1,SUCCESS
GSE106878,SIG002,748,0.1260510584593118,1,SUCCESS
GSE106878,SIG002,749,0.1666971031467264,1,SUCCESS
GSE106878,SIG002,750,-0.1779053222724096,1,SUCCESS
GSE106878,SIG002,751,0.3042885256076145,1,SUCCESS
GSE106878,SIG002,752,-0.3576133840733547,1,SUCCESS
GSE106878,SIG002,753,0.681525957842268,1,SUCCESS
GSE106878,SIG002,754,0.3819587423307483,1,SUCCESS
GSE106878,SIG002,755,-0.0349952565812357,1,SUCCESS
GSE106878,SIG002,756,-0.289720686706833,1,SUCCESS
GSE106878,SIG002,757,0.0351346604985748,1,SUCCESS
GSE106878,SIG002,758,0.077415051104162,1,SUCCESS
GSE106878,SIG002,759,-0.30783196912539,1,SUCCESS
GSE106878,SIG002,760,0.5596203047603651,1,SUCCESS
GSE106878,SIG002,761,-0.1687441770457725,1,SUCCESS
GSE106878,SIG002,762,-0.1468173098351859,1,SUCCESS
GSE106878,SIG002,763,-0.6379151605985192,1,SUCCESS
GSE106878,SIG002,764,-0.3879799206130657,1,SUCCESS
GSE106878,SIG002,765,-0.6253910140794916,1,SUCCESS
GSE106878,SIG002,766,-0.5501487194376663,1,SUCCESS
GSE106878,SIG002,767,0.665403474575305,1,SUCCESS
GSE106878,SIG002,768,0.3971183605603577,1,SUCCESS
GSE106878,SIG002,769,0.0461069912719896,1,SUCCESS
GSE106878,SIG002,770,-0.1801815592417695,1,SUCCESS
GSE106878,SIG002,771,0.246543111186469,1,SUCCESS
GSE106878,SIG002,772,-0.1048435807864413,1,SUCCESS
GSE106878,SIG002,773,0.4190316675596274,1,SUCCESS
GSE106878,SIG002,774,-0.5727428669073036,1,SUCCESS
GSE106878,SIG002,775,-0.6021278113256235,1,SUCCESS
GSE106878,SIG002,776,0.0606276572846533,1,SUCCESS
GSE106878,SIG002,777,-0.278496200501571,1,SUCCESS
GSE106878,SIG002,778,0.3130811283312426,1,SUCCESS
GSE106878,SIG002,779,0.2037460085764532,1,SUCCESS
GSE106878,SIG002,780,-0.0250320107792842,1,SUCCESS
GSE106878,SIG002,781,-0.1900406158532246,1,SUCCESS
GSE106878,SIG002,782,0.4199029012697758,1,SUCCESS
GSE106878,SIG002,783,0.3414494207042239,1,SUCCESS
GSE106878,SIG002,784,0.2401170877203598,1,SUCCESS
GSE106878,SIG002,785,0.4261792399713893,1,SUCCESS
GSE106878,SIG002,786,0.5678444472759665,1,SUCCESS
GSE106878,SIG002,787,-0.0011630846570728,1,SUCCESS
GSE106878,SIG002,788,-0.5069187046504626,1,SUCCESS
GSE106878,SIG002,789,0.1867473955039102,1,SUCCESS
GSE106878,SIG002,790,0.2934594641464147,1,SUCCESS
GSE106878,SIG002,791,-0.2074118966752153,1,SUCCESS
GSE106878,SIG002,792,0.1078240488347526,1,SUCCESS
GSE106878,SIG002,793,-0.0690645952135307,1,SUCCESS
GSE106878,SIG002,794,0.2230264431211615,1,SUCCESS
GSE106878,SIG002,795,-0.2270593443210806,1,SUCCESS
GSE106878,SIG002,796,-0.1045141800573295,1,SUCCESS
GSE106878,SIG002,797,0.4008630349035281,1,SUCCESS
GSE106878,SIG002,798,0.4781879787848819,1,SUCCESS
GSE106878,SIG002,799,-0.2377943559954911,1,SUCCESS
GSE106878,SIG002,800,0.3248880317423203,1,SUCCESS
GSE106878,SIG002,801,-0.0048220186322502,1,SUCCESS
GSE106878,SIG002,802,0.1296358089575016,1,SUCCESS
GSE106878,SIG002,803,0.6242226834030149,1,SUCCESS
GSE106878,SIG002,804,0.1554160137395771,1,SUCCESS
GSE106878,SIG002,805,-0.4237536744729454,1,SUCCESS
GSE106878,SIG002,806,-0.4363387891939271,1,SUCCESS
GSE106878,SIG002,807,0.6342019877148077,1,SUCCESS
GSE106878,SIG002,808,-0.3294870887079683,1,SUCCESS
GSE106878,SIG002,809,-0.3623416236889419,1,SUCCESS
GSE106878,SIG002,810,0.1244120141907961,1,SUCCESS
GSE106878,SIG002,811,0.022927404044149,1,SUCCESS
GSE106878,SIG002,812,-0.5752732788065689,1,SUCCESS
GSE106878,SIG002,813,-0.293850154994074,1,SUCCESS
GSE106878,SIG002,814,-0.1994221123638792,1,SUCCESS
GSE106878,SIG002,815,-0.1560813002873193,1,SUCCESS
GSE106878,SIG002,816,-0.5418168215459535,1,SUCCESS
GSE106878,SIG002,817,-0.648395196595696,1,SUCCESS
GSE106878,SIG002,818,-0.8768941532710126,1,SUCCESS
GSE106878,SIG002,819,-0.2934046877450743,1,SUCCESS
GSE106878,SIG002,820,0.1737113404878597,1,SUCCESS
GSE106878,SIG002,821,0.0454089715792096,1,SUCCESS
GSE106878,SIG002,822,0.099625845646365,1,SUCCESS
GSE106878,SIG002,823,-1.0726523077157517,1,SUCCESS
GSE106878,SIG002,824,0.280233166992516,1,SUCCESS
GSE106878,SIG002,825,-0.2102473580830475,1,SUCCESS
GSE106878,SIG002,826,-0.6157167988456456,1,SUCCESS
GSE106878,SIG002,827,0.2005532246525454,1,SUCCESS
GSE106878,SIG002,828,0.453470829635593,1,SUCCESS
GSE106878,SIG002,829,0.0950723173200378,1,SUCCESS
GSE106878,SIG002,830,-0.0404021470413767,1,SUCCESS
GSE106878,SIG002,831,0.3872966067358679,1,SUCCESS
GSE106878,SIG002,832,-0.1800571287211545,1,SUCCESS
GSE106878,SIG002,833,0.7018640317110622,1,SUCCESS
GSE106878,SIG002,834,-0.3356774272421487,1,SUCCESS
GSE106878,SIG002,835,-0.4300787761557597,1,SUCCESS
GSE106878,SIG002,836,0.0716339360878614,1,SUCCESS
GSE106878,SIG002,837,-0.019292448476512,1,SUCCESS
GSE106878,SIG002,838,0.2093279691362988,1,SUCCESS
GSE106878,SIG002,839,-0.0376879645986611,1,SUCCESS
GSE106878,SIG002,840,0.1762346680594335,1,SUCCESS
GSE106878,SIG002,841,-0.4462591082095219,1,SUCCESS
GSE106878,SIG002,842,0.2338545148950341,1,SUCCESS
GSE106878,SIG002,843,-0.2544787836065346,1,SUCCESS
GSE106878,SIG002,844,0.0465359785463881,1,SUCCESS
GSE106878,SIG002,845,0.1232313401831877,1,SUCCESS
GSE106878,SIG002,846,-0.1699522108895944,1,SUCCESS
GSE106878,SIG002,847,0.3652991522008139,1,SUCCESS
GSE106878,SIG002,848,0.4591415930334234,1,SUCCESS
GSE106878,SIG002,849,0.1023160469194454,1,SUCCESS
GSE106878,SIG002,850,-0.910546954172706,1,SUCCESS
GSE106878,SIG002,851,0.0149358121443278,1,SUCCESS
GSE106878,SIG002,852,0.0323642891156648,1,SUCCESS
GSE106878,SIG002,853,0.0794642698004572,1,SUCCESS
GSE106878,SIG002,854,0.4585264788081679,1,SUCCESS
GSE106878,SIG002,855,-0.4740481724572086,1,SUCCESS
GSE106878,SIG002,856,0.3957891678666879,1,SUCCESS
GSE106878,SIG002,857,0.1462486637584356,1,SUCCESS
GSE106878,SIG002,858,-0.0079856347867903,1,SUCCESS
GSE106878,SIG002,859,0.4203981434950685,1,SUCCESS
GSE106878,SIG002,860,0.625622285002256,1,SUCCESS
GSE106878,SIG002,861,0.4758656220438435,1,SUCCESS
GSE106878,SIG002,862,0.2482315114322531,1,SUCCESS
GSE106878,SIG002,863,0.1307234761176613,1,SUCCESS
GSE106878,SIG002,864,-0.184378764212732,1,SUCCESS
GSE106878,SIG002,865,-0.1996269452967911,1,SUCCESS
GSE106878,SIG002,866,-0.019396707693878,1,SUCCESS
GSE106878,SIG002,867,-0.3210097358426562,1,SUCCESS
GSE106878,SIG002,868,0.0762574573076423,1,SUCCESS
GSE106878,SIG002,869,-0.0907929972632305,1,SUCCESS
GSE106878,SIG002,870,-0.0469775931856929,1,SUCCESS
GSE106878,SIG002,871,-0.0177279760748904,1,SUCCESS
GSE106878,SIG002,872,0.5064560905697608,1,SUCCESS
GSE106878,SIG002,873,0.062834043454946,1,SUCCESS
GSE106878,SIG002,874,0.2524264133140477,1,SUCCESS
GSE106878,SIG002,875,0.4833576666220813,1,SUCCESS
GSE106878,SIG002,876,0.6414189389905491,1,SUCCESS
GSE106878,SIG002,877,0.5146315815052888,1,SUCCESS
GSE106878,SIG002,878,-0.1217557236487758,1,SUCCESS
GSE106878,SIG002,879,-0.4780374887881514,1,SUCCESS
GSE106878,SIG002,880,0.6843964283746549,1,SUCCESS
GSE106878,SIG002,881,-0.2838039990418208,1,SUCCESS
GSE106878,SIG002,882,-0.0823511817308761,1,SUCCESS
GSE106878,SIG002,883,-0.1850770183288194,1,SUCCESS
GSE106878,SIG002,884,0.6109875738285084,1,SUCCESS
GSE106878,SIG002,885,-0.0105240065796844,1,SUCCESS
GSE106878,SIG002,886,0.3689661096412528,1,SUCCESS
GSE106878,SIG002,887,0.4250409871709866,1,SUCCESS
GSE106878,SIG002,888,-0.2071149363126466,1,SUCCESS
GSE106878,SIG002,889,-1.3219854338006185,1,SUCCESS
GSE106878,SIG002,890,0.6345221513603634,1,SUCCESS
GSE106878,SIG002,891,0.1074999329105686,1,SUCCESS
GSE106878,SIG002,892,-0.2380554543520505,1,SUCCESS
GSE106878,SIG002,893,-0.4155546135093927,1,SUCCESS
GSE106878,SIG002,894,-0.0874561893118465,1,SUCCESS
GSE106878,SIG002,895,0.7809579513275082,1,SUCCESS
GSE106878,SIG002,896,0.1335291825572863,1,SUCCESS
GSE106878,SIG002,897,0.3875429878675883,1,SUCCESS
GSE106878,SIG002,898,0.0670687971061995,1,SUCCESS
GSE106878,SIG002,899,0.0634532425785048,1,SUCCESS
GSE106878,SIG002,900,-0.1098204077680836,1,SUCCESS
GSE106878,SIG002,901,-0.0245968480082076,1,SUCCESS
GSE106878,SIG002,902,0.5190681928556959,1,SUCCESS
GSE106878,SIG002,903,-0.3315947527058113,1,SUCCESS
GSE106878,SIG002,904,0.0374898790949541,1,SUCCESS
GSE106878,SIG002,905,-0.117722451129987,1,SUCCESS
GSE106878,SIG002,906,0.1453719602955643,1,SUCCESS
GSE106878,SIG002,907,-0.1140473565081259,1,SUCCESS
GSE106878,SIG002,908,-0.0085545752470736,1,SUCCESS
GSE106878,SIG002,909,-0.1919825168281686,1,SUCCESS
GSE106878,SIG002,910,-0.5163672701120265,1,SUCCESS
GSE106878,SIG002,911,0.082957923583027,1,SUCCESS
GSE106878,SIG002,912,0.0637815443721283,1,SUCCESS
GSE106878,SIG002,913,0.3160352374877336,1,SUCCESS
GSE106878,SIG002,914,-0.4535098587786518,1,SUCCESS
GSE106878,SIG002,915,0.0229196153167824,1,SUCCESS
GSE106878,SIG002,916,-0.210278363392508,1,SUCCESS
GSE106878,SIG002,917,0.5082658812798887,1,SUCCESS
GSE106878,SIG002,918,-0.1253974725348286,1,SUCCESS
GSE106878,SIG002,919,-0.2274201201372486,1,SUCCESS
GSE106878,SIG002,920,0.7798733503480154,1,SUCCESS
GSE106878,SIG002,921,0.2093508514687164,1,SUCCESS
GSE106878,SIG002,922,0.5376825800694129,1,SUCCESS
GSE106878,SIG002,923,-0.0436516113031564,1,SUCCESS
GSE106878,SIG002,924,0.1687322814234852,1,SUCCESS
GSE106878,SIG002,925,0.7034226716529656,1,SUCCESS
GSE106878,SIG002,926,-0.3910487149933948,1,SUCCESS
GSE106878,SIG002,927,-0.1211321439780269,1,SUCCESS
GSE106878,SIG002,928,0.0793765888958421,1,SUCCESS
GSE106878,SIG002,929,-0.4002745056799732,1,SUCCESS
GSE106878,SIG002,930,-0.4004158451756082,1,SUCCESS
GSE106878,SIG002,931,-0.1579159329088538,1,SUCCESS
GSE106878,SIG002,932,0.0462869205829726,1,SUCCESS
GSE106878,SIG002,933,0.3402372856499765,1,SUCCESS
GSE106878,SIG002,934,-0.1448989709659048,1,SUCCESS
GSE106878,SIG002,935,0.0061323353488023,1,SUCCESS
GSE106878,SIG002,936,-0.4041984442111176,1,SUCCESS
GSE106878,SIG002,937,-0.159581348652065,1,SUCCESS
GSE106878,SIG002,938,0.0601139034787706,1,SUCCESS
GSE106878,SIG002,939,-0.1063735588452383,1,SUCCESS
GSE106878,SIG002,940,-0.0293245206225211,1,SUCCESS
GSE106878,SIG002,941,-0.6159040469996847,1,SUCCESS
GSE106878,SIG002,942,-0.3117347116653295,1,SUCCESS
GSE106878,SIG002,943,0.2645339239213306,1,SUCCESS
GSE106878,SIG002,944,-0.2442842189840322,1,SUCCESS
GSE106878,SIG002,945,-0.1028981294860321,1,SUCCESS
GSE106878,SIG002,946,-0.3388942552725843,1,SUCCESS
GSE106878,SIG002,947,-0.3093917993622253,1,SUCCESS
GSE106878,SIG002,948,0.086073772110465,1,SUCCESS
GSE106878,SIG002,949,0.4442980419336141,1,SUCCESS
GSE106878,SIG002,950,0.2091373833969302,1,SUCCESS
GSE106878,SIG002,951,0.2142080562286507,1,SUCCESS
GSE106878,SIG002,952,0.533042725560921,1,SUCCESS
GSE106878,SIG002,953,0.1805454647415386,1,SUCCESS
GSE106878,SIG002,954,0.0986910763689337,1,SUCCESS
GSE106878,SIG002,955,0.0574713438708973,1,SUCCESS
GSE106878,SIG002,956,-0.3407724067329274,1,SUCCESS
GSE106878,SIG002,957,0.338419016701131,1,SUCCESS
GSE106878,SIG002,958,0.4316987428860211,1,SUCCESS
GSE106878,SIG002,959,0.0926590982849782,1,SUCCESS
GSE106878,SIG002,960,0.4293813566885834,1,SUCCESS
GSE106878,SIG002,961,-0.0112877909282542,1,SUCCESS
GSE106878,SIG002,962,0.2200323618574377,1,SUCCESS
GSE106878,SIG002,963,-0.2377214858442374,1,SUCCESS
GSE106878,SIG002,964,0.5414780877868499,1,SUCCESS
GSE106878,SIG002,965,-0.6469441970155928,1,SUCCESS
GSE106878,SIG002,966,-0.0774941280904431,1,SUCCESS
GSE106878,SIG002,967,0.0428169170803605,1,SUCCESS
GSE106878,SIG002,968,-0.1635129253169592,1,SUCCESS
GSE106878,SIG002,969,-0.3529544945241301,1,SUCCESS
GSE106878,SIG002,970,-0.300933572862457,1,SUCCESS
GSE106878,SIG002,971,-0.367410732786011,1,SUCCESS
GSE106878,SIG002,972,0.1540189138822507,1,SUCCESS
GSE106878,SIG002,973,-0.0884431328345737,1,SUCCESS
GSE106878,SIG002,974,0.0960427339479159,1,SUCCESS
GSE106878,SIG002,975,0.2782623916525145,1,SUCCESS
GSE106878,SIG002,976,-0.211554986935599,1,SUCCESS
GSE106878,SIG002,977,0.224799893823089,1,SUCCESS
GSE106878,SIG002,978,0.0442451489452664,1,SUCCESS
GSE106878,SIG002,979,0.3250312448995914,1,SUCCESS
GSE106878,SIG002,980,-0.2875390934472522,1,SUCCESS
GSE106878,SIG002,981,-0.4684986193181295,1,SUCCESS
GSE106878,SIG002,982,0.1059861962902399,1,SUCCESS
GSE106878,SIG002,983,0.0169026413750658,1,SUCCESS
GSE106878,SIG002,984,0.422222737604559,1,SUCCESS
GSE106878,SIG002,985,-0.7478070288923003,1,SUCCESS
GSE106878,SIG002,986,-0.0505181222465744,1,SUCCESS
GSE106878,SIG002,987,0.4001579216333514,1,SUCCESS
GSE106878,SIG002,988,-0.204314781427345,1,SUCCESS
GSE106878,SIG002,989,-0.2309830137044872,1,SUCCESS
GSE106878,SIG002,990,-0.1574533058843929,1,SUCCESS
GSE106878,SIG002,991,-0.3400979068905459,1,SUCCESS
GSE106878,SIG002,992,-0.2048126637415364,1,SUCCESS
GSE106878,SIG002,993,-0.0075429460156441,1,SUCCESS
GSE106878,SIG002,994,0.0942777720186216,1,SUCCESS
GSE106878,SIG002,995,0.1215217140123578,1,SUCCESS
GSE106878,SIG002,996,-0.7198501566653359,1,SUCCESS
GSE106878,SIG002,997,-0.1566316396588377,1,SUCCESS
GSE106878,SIG002,998,-0.2247965658593682,1,SUCCESS
GSE106878,SIG002,999,0.1403005388067583,1,SUCCESS
GSE106878,SIG002,1000,0.2364479990791158,1,SUCCESS
GSE106878,SIG003,1,-0.5378440592458095,1,SUCCESS
GSE106878,SIG003,2,0.4050683199907489,1,SUCCESS
GSE106878,SIG003,3,0.105104776315049,1,SUCCESS
GSE106878,SIG003,4,-0.4963694974692552,1,SUCCESS
GSE106878,SIG003,5,0.3192232390649064,1,SUCCESS
GSE106878,SIG003,6,-0.1727172885649253,1,SUCCESS
GSE106878,SIG003,7,-0.3729824657415073,1,SUCCESS
GSE106878,SIG003,8,-0.3370888159248734,1,SUCCESS
GSE106878,SIG003,9,-0.464496893735169,1,SUCCESS
GSE106878,SIG003,10,-0.1699852185850984,1,SUCCESS
GSE106878,SIG003,11,-0.0109040126039041,1,SUCCESS
GSE106878,SIG003,12,-0.077368619246489,1,SUCCESS
GSE106878,SIG003,13,0.5660624797428953,1,SUCCESS
GSE106878,SIG003,14,0.4730315707111691,1,SUCCESS
GSE106878,SIG003,15,0.2783522228601591,1,SUCCESS
GSE106878,SIG003,16,-0.1022399748398965,1,SUCCESS
GSE106878,SIG003,17,0.4549074532206051,1,SUCCESS
GSE106878,SIG003,18,-0.3087123262406519,1,SUCCESS
GSE106878,SIG003,19,0.1179976141995732,1,SUCCESS
GSE106878,SIG003,20,0.0097125317123069,1,SUCCESS
GSE106878,SIG003,21,-0.5195069607043494,1,SUCCESS
GSE106878,SIG003,22,-0.239829453711219,1,SUCCESS
GSE106878,SIG003,23,0.2106794107904075,1,SUCCESS
GSE106878,SIG003,24,0.5277806272905318,1,SUCCESS
GSE106878,SIG003,25,-0.3980829658203506,1,SUCCESS
GSE106878,SIG003,26,0.1390567622566187,1,SUCCESS
GSE106878,SIG003,27,-0.0982883573160295,1,SUCCESS
GSE106878,SIG003,28,-0.1085797857812125,1,SUCCESS
GSE106878,SIG003,29,-0.2053021133312552,1,SUCCESS
GSE106878,SIG003,30,-0.4297044322322749,1,SUCCESS
GSE106878,SIG003,31,-0.2410763645492858,1,SUCCESS
GSE106878,SIG003,32,0.2273829507327519,1,SUCCESS
GSE106878,SIG003,33,0.1023381901650395,1,SUCCESS
GSE106878,SIG003,34,0.1103421267530957,1,SUCCESS
GSE106878,SIG003,35,-0.3721050211438768,1,SUCCESS
GSE106878,SIG003,36,-0.3818646273509103,1,SUCCESS
GSE106878,SIG003,37,0.4999090982970008,1,SUCCESS
GSE106878,SIG003,38,-0.279656160039924,1,SUCCESS
GSE106878,SIG003,39,0.3415600843535917,1,SUCCESS
GSE106878,SIG003,40,0.1219637179567745,1,SUCCESS
GSE106878,SIG003,41,0.0513169404147577,1,SUCCESS
GSE106878,SIG003,42,0.711484485230885,1,SUCCESS
GSE106878,SIG003,43,-0.0159639141459422,1,SUCCESS
GSE106878,SIG003,44,-0.529063171028143,1,SUCCESS
GSE106878,SIG003,45,0.2919789629662093,1,SUCCESS
GSE106878,SIG003,46,-0.0837803069564847,1,SUCCESS
GSE106878,SIG003,47,-0.1816689362658829,1,SUCCESS
GSE106878,SIG003,48,-0.5326679075672434,1,SUCCESS
GSE106878,SIG003,49,0.6720588811226176,1,SUCCESS
GSE106878,SIG003,50,0.6412080918852983,1,SUCCESS
GSE106878,SIG003,51,0.5559139048653732,1,SUCCESS
GSE106878,SIG003,52,-0.1335418991600327,1,SUCCESS
GSE106878,SIG003,53,0.3855394338492118,1,SUCCESS
GSE106878,SIG003,54,0.5422280044953729,1,SUCCESS
GSE106878,SIG003,55,-0.4001874291289485,1,SUCCESS
GSE106878,SIG003,56,-0.2032201113787066,1,SUCCESS
GSE106878,SIG003,57,-0.3495681765408494,1,SUCCESS
GSE106878,SIG003,58,0.2394108839548128,1,SUCCESS
GSE106878,SIG003,59,0.4160265343543534,1,SUCCESS
GSE106878,SIG003,60,-0.2826799661579257,1,SUCCESS
GSE106878,SIG003,61,0.4544913044847752,1,SUCCESS
GSE106878,SIG003,62,-0.1918478505531663,1,SUCCESS
GSE106878,SIG003,63,-0.0865982830683848,1,SUCCESS
GSE106878,SIG003,64,0.3293027856715323,1,SUCCESS
GSE106878,SIG003,65,0.5703437503803219,1,SUCCESS
GSE106878,SIG003,66,-0.1150571614356332,1,SUCCESS
GSE106878,SIG003,67,-0.5499112671766808,1,SUCCESS
GSE106878,SIG003,68,0.2663540188957909,1,SUCCESS
GSE106878,SIG003,69,-0.2278759746187601,1,SUCCESS
GSE106878,SIG003,70,0.3080976086404999,1,SUCCESS
GSE106878,SIG003,71,-0.3690935799964057,1,SUCCESS
GSE106878,SIG003,72,0.0883540534028505,1,SUCCESS
GSE106878,SIG003,73,-0.5600816342227903,1,SUCCESS
GSE106878,SIG003,74,-0.1477433760966887,1,SUCCESS
GSE106878,SIG003,75,0.3627445036521241,1,SUCCESS
GSE106878,SIG003,76,0.1704062346003147,1,SUCCESS
GSE106878,SIG003,77,-0.0479623834848733,1,SUCCESS
GSE106878,SIG003,78,-0.196468635035108,1,SUCCESS
GSE106878,SIG003,79,0.016760984270165,1,SUCCESS
GSE106878,SIG003,80,-0.7605254098707023,1,SUCCESS
GSE106878,SIG003,81,-0.0679305415499948,1,SUCCESS
GSE106878,SIG003,82,0.2587760836154404,1,SUCCESS
GSE106878,SIG003,83,0.1465074393746027,1,SUCCESS
GSE106878,SIG003,84,0.1671592940706253,1,SUCCESS
GSE106878,SIG003,85,0.1670337856700657,1,SUCCESS
GSE106878,SIG003,86,-0.3805507625679329,1,SUCCESS
GSE106878,SIG003,87,0.523674438968109,1,SUCCESS
GSE106878,SIG003,88,0.1606035937718434,1,SUCCESS
GSE106878,SIG003,89,-0.0153346134952146,1,SUCCESS
GSE106878,SIG003,90,0.3412577015264837,1,SUCCESS
GSE106878,SIG003,91,0.1488212632755655,1,SUCCESS
GSE106878,SIG003,92,0.2042355991370519,1,SUCCESS
GSE106878,SIG003,93,-0.0278745834052552,1,SUCCESS
GSE106878,SIG003,94,-0.9824391099942272,1,SUCCESS
GSE106878,SIG003,95,-0.2762880360244939,1,SUCCESS
GSE106878,SIG003,96,-0.2430104081634243,1,SUCCESS
GSE106878,SIG003,97,-0.1056218920623546,1,SUCCESS
GSE106878,SIG003,98,-0.2235121021371391,1,SUCCESS
GSE106878,SIG003,99,0.4294078948738369,1,SUCCESS
GSE106878,SIG003,100,-0.519932687087273,1,SUCCESS
GSE106878,SIG003,101,0.1279367990812556,1,SUCCESS
GSE106878,SIG003,102,-0.4039167325370119,1,SUCCESS
GSE106878,SIG003,103,0.4478854687708962,1,SUCCESS
GSE106878,SIG003,104,0.1443645227200087,1,SUCCESS
GSE106878,SIG003,105,0.1981436374984046,1,SUCCESS
GSE106878,SIG003,106,-0.0309786600285049,1,SUCCESS
GSE106878,SIG003,107,0.3027830711503355,1,SUCCESS
GSE106878,SIG003,108,0.6387304952003594,1,SUCCESS
GSE106878,SIG003,109,-0.70358976744803,1,SUCCESS
GSE106878,SIG003,110,-0.2805689624229269,1,SUCCESS
GSE106878,SIG003,111,0.1980020276283465,1,SUCCESS
GSE106878,SIG003,112,0.0677854759032405,1,SUCCESS
GSE106878,SIG003,113,-0.261106782331535,1,SUCCESS
GSE106878,SIG003,114,0.1595029144189169,1,SUCCESS
GSE106878,SIG003,115,0.3144368349445232,1,SUCCESS
GSE106878,SIG003,116,-0.3394354245460679,1,SUCCESS
GSE106878,SIG003,117,-0.1301008119705722,1,SUCCESS
GSE106878,SIG003,118,0.467586207003357,1,SUCCESS
GSE106878,SIG003,119,-0.3957156458263505,1,SUCCESS
GSE106878,SIG003,120,0.1468470873762637,1,SUCCESS
GSE106878,SIG003,121,-0.1865426067262316,1,SUCCESS
GSE106878,SIG003,122,-0.2689122811031217,1,SUCCESS
GSE106878,SIG003,123,-0.2494164237312162,1,SUCCESS
GSE106878,SIG003,124,0.6986159402176245,1,SUCCESS
GSE106878,SIG003,125,-0.3014040445342713,1,SUCCESS
GSE106878,SIG003,126,0.0801255702154735,1,SUCCESS
GSE106878,SIG003,127,-0.390204872814652,1,SUCCESS
GSE106878,SIG003,128,0.4378902538024672,1,SUCCESS
GSE106878,SIG003,129,-0.155174441161936,1,SUCCESS
GSE106878,SIG003,130,-0.0213029549041268,1,SUCCESS
GSE106878,SIG003,131,0.0404420708975732,1,SUCCESS
GSE106878,SIG003,132,0.2660507619659027,1,SUCCESS
GSE106878,SIG003,133,-0.2749985521740577,1,SUCCESS
GSE106878,SIG003,134,-0.4857097935528933,1,SUCCESS
GSE106878,SIG003,135,-0.445151756378183,1,SUCCESS
GSE106878,SIG003,136,-0.3866075513286143,1,SUCCESS
GSE106878,SIG003,137,-0.1427305317852126,1,SUCCESS
GSE106878,SIG003,138,0.3415566310280208,1,SUCCESS
GSE106878,SIG003,139,0.1689883371846433,1,SUCCESS
GSE106878,SIG003,140,0.3017839204133427,1,SUCCESS
GSE106878,SIG003,141,-0.4279610876247218,1,SUCCESS
GSE106878,SIG003,142,-0.1834413318274892,1,SUCCESS
GSE106878,SIG003,143,0.0587635227445689,1,SUCCESS
GSE106878,SIG003,144,0.1576904275766869,1,SUCCESS
GSE106878,SIG003,145,0.4360101229107775,1,SUCCESS
GSE106878,SIG003,146,0.3512259890561278,1,SUCCESS
GSE106878,SIG003,147,-0.2362418719885207,1,SUCCESS
GSE106878,SIG003,148,0.5386092267479287,1,SUCCESS
GSE106878,SIG003,149,-0.7567825102053143,1,SUCCESS
GSE106878,SIG003,150,0.025684747949833,1,SUCCESS
GSE106878,SIG003,151,0.1728860885475038,1,SUCCESS
GSE106878,SIG003,152,-0.0243917330360696,1,SUCCESS
GSE106878,SIG003,153,0.4406392354904845,1,SUCCESS
GSE106878,SIG003,154,-0.2949050709089333,1,SUCCESS
GSE106878,SIG003,155,-0.0499405952566044,1,SUCCESS
GSE106878,SIG003,156,-0.275989040746767,1,SUCCESS
GSE106878,SIG003,157,0.0490596017106192,1,SUCCESS
GSE106878,SIG003,158,0.0117613281319464,1,SUCCESS
GSE106878,SIG003,159,0.5297946228503678,1,SUCCESS
GSE106878,SIG003,160,-0.6860294646489995,1,SUCCESS
GSE106878,SIG003,161,-0.3137267207276768,1,SUCCESS
GSE106878,SIG003,162,-0.0198052436806548,1,SUCCESS
GSE106878,SIG003,163,-0.0465469440537178,1,SUCCESS
GSE106878,SIG003,164,0.1143321780505204,1,SUCCESS
GSE106878,SIG003,165,0.3292655756746279,1,SUCCESS
GSE106878,SIG003,166,0.3806922099156674,1,SUCCESS
GSE106878,SIG003,167,-0.3761446844304035,1,SUCCESS
GSE106878,SIG003,168,-0.0518655453774752,1,SUCCESS
GSE106878,SIG003,169,-0.3149862258996423,1,SUCCESS
GSE106878,SIG003,170,0.4325653648335095,1,SUCCESS
GSE106878,SIG003,171,-0.4183054037984626,1,SUCCESS
GSE106878,SIG003,172,-0.179035928508644,1,SUCCESS
GSE106878,SIG003,173,-0.4026953032162725,1,SUCCESS
GSE106878,SIG003,174,0.9294082402430732,1,SUCCESS
GSE106878,SIG003,175,-0.1070179074357986,1,SUCCESS
GSE106878,SIG003,176,0.5223182456079574,1,SUCCESS
GSE106878,SIG003,177,0.3780904507948986,1,SUCCESS
GSE106878,SIG003,178,-0.2431994958993872,1,SUCCESS
GSE106878,SIG003,179,0.2563592863531103,1,SUCCESS
GSE106878,SIG003,180,-0.2202208329439709,1,SUCCESS
GSE106878,SIG003,181,-0.0148797112072616,1,SUCCESS
GSE106878,SIG003,182,0.287053679713214,1,SUCCESS
GSE106878,SIG003,183,-0.6650214522173987,1,SUCCESS
GSE106878,SIG003,184,-0.127629252766741,1,SUCCESS
GSE106878,SIG003,185,-0.3462681138687891,1,SUCCESS
GSE106878,SIG003,186,-0.4571095696911438,1,SUCCESS
GSE106878,SIG003,187,0.0527560381230913,1,SUCCESS
GSE106878,SIG003,188,0.2987105989280621,1,SUCCESS
GSE106878,SIG003,189,0.6483036568358858,1,SUCCESS
GSE106878,SIG003,190,0.3670737260214084,1,SUCCESS
GSE106878,SIG003,191,0.0520778973367241,1,SUCCESS
GSE106878,SIG003,192,0.3405935416212497,1,SUCCESS
GSE106878,SIG003,193,0.1270563799214676,1,SUCCESS
GSE106878,SIG003,194,-0.2188950006551546,1,SUCCESS
GSE106878,SIG003,195,0.0022267918062078,1,SUCCESS
GSE106878,SIG003,196,0.5575831660937363,1,SUCCESS
GSE106878,SIG003,197,0.3631763710917029,1,SUCCESS
GSE106878,SIG003,198,-0.3931167820730451,1,SUCCESS
GSE106878,SIG003,199,-0.1121028498530072,1,SUCCESS
GSE106878,SIG003,200,-0.288887910213737,1,SUCCESS
GSE106878,SIG003,201,0.4648106692254077,1,SUCCESS
GSE106878,SIG003,202,0.3870702331153758,1,SUCCESS
GSE106878,SIG003,203,-0.4747552205592017,1,SUCCESS
GSE106878,SIG003,204,0.4997661777745595,1,SUCCESS
GSE106878,SIG003,205,0.1261262801534292,1,SUCCESS
GSE106878,SIG003,206,-0.1779632969510835,1,SUCCESS
GSE106878,SIG003,207,0.191318523298086,1,SUCCESS
GSE106878,SIG003,208,-0.2949154792216875,1,SUCCESS
GSE106878,SIG003,209,-0.1547047762471919,1,SUCCESS
GSE106878,SIG003,210,0.2025365975324195,1,SUCCESS
GSE106878,SIG003,211,0.3413253527248825,1,SUCCESS
GSE106878,SIG003,212,-0.9151994077446326,1,SUCCESS
GSE106878,SIG003,213,-0.1670853055463822,1,SUCCESS
GSE106878,SIG003,214,-0.0818689700413507,1,SUCCESS
GSE106878,SIG003,215,0.5730679703181715,1,SUCCESS
GSE106878,SIG003,216,0.5035896800179729,1,SUCCESS
GSE106878,SIG003,217,-0.2449444923461527,1,SUCCESS
GSE106878,SIG003,218,-0.1510045190539013,1,SUCCESS
GSE106878,SIG003,219,0.250726408728206,1,SUCCESS
GSE106878,SIG003,220,0.940291300374214,1,SUCCESS
GSE106878,SIG003,221,-0.1850032843556315,1,SUCCESS
GSE106878,SIG003,222,0.1945278934220668,1,SUCCESS
GSE106878,SIG003,223,-0.3661677475226455,1,SUCCESS
GSE106878,SIG003,224,0.1048448376797507,1,SUCCESS
GSE106878,SIG003,225,-0.2547688829285124,1,SUCCESS
GSE106878,SIG003,226,-0.2148647901707334,1,SUCCESS
GSE106878,SIG003,227,0.0519505584881284,1,SUCCESS
GSE106878,SIG003,228,-0.1032619654079051,1,SUCCESS
GSE106878,SIG003,229,0.1436816312671165,1,SUCCESS
GSE106878,SIG003,230,0.4563085250535061,1,SUCCESS
GSE106878,SIG003,231,-0.0944014832716121,1,SUCCESS
GSE106878,SIG003,232,-0.2226977365721638,1,SUCCESS
GSE106878,SIG003,233,0.2245005934508552,1,SUCCESS
GSE106878,SIG003,234,-0.3286904041710873,1,SUCCESS
GSE106878,SIG003,235,0.0585661410649873,1,SUCCESS
GSE106878,SIG003,236,-0.6242129833316287,1,SUCCESS
GSE106878,SIG003,237,-0.6011260348420587,1,SUCCESS
GSE106878,SIG003,238,0.7771234196288579,1,SUCCESS
GSE106878,SIG003,239,0.3155375064850745,1,SUCCESS
GSE106878,SIG003,240,-0.1944422574843901,1,SUCCESS
GSE106878,SIG003,241,-0.731497043909524,1,SUCCESS
GSE106878,SIG003,242,0.694282219573659,1,SUCCESS
GSE106878,SIG003,243,-0.0677480637789496,1,SUCCESS
GSE106878,SIG003,244,-0.4253010426041155,1,SUCCESS
GSE106878,SIG003,245,0.2981208150546194,1,SUCCESS
GSE106878,SIG003,246,-0.3950527969851241,1,SUCCESS
GSE106878,SIG003,247,-0.4084975959859968,1,SUCCESS
GSE106878,SIG003,248,0.0547346466751539,1,SUCCESS
GSE106878,SIG003,249,-0.0215653427079353,1,SUCCESS
GSE106878,SIG003,250,-0.0205326667942049,1,SUCCESS
GSE106878,SIG003,251,0.3538172392591343,1,SUCCESS
GSE106878,SIG003,252,-0.4555115821252795,1,SUCCESS
GSE106878,SIG003,253,0.4913994580635957,1,SUCCESS
GSE106878,SIG003,254,0.2059063281451029,1,SUCCESS
GSE106878,SIG003,255,0.5238560243771588,1,SUCCESS
GSE106878,SIG003,256,0.3236409809902463,1,SUCCESS
GSE106878,SIG003,257,-0.9063097005455674,1,SUCCESS
GSE106878,SIG003,258,-0.2993298259463657,1,SUCCESS
GSE106878,SIG003,259,-0.0902889451362295,1,SUCCESS
GSE106878,SIG003,260,-0.3164594917232587,1,SUCCESS
GSE106878,SIG003,261,-0.0016670042465542,1,SUCCESS
GSE106878,SIG003,262,0.389043217036709,1,SUCCESS
GSE106878,SIG003,263,-0.7590936511091337,1,SUCCESS
GSE106878,SIG003,264,-0.4686580955812147,1,SUCCESS
GSE106878,SIG003,265,-0.7092978510950444,1,SUCCESS
GSE106878,SIG003,266,0.0704507606672838,1,SUCCESS
GSE106878,SIG003,267,-0.2911400173007475,1,SUCCESS
GSE106878,SIG003,268,0.3807091671958471,1,SUCCESS
GSE106878,SIG003,269,-0.4239720772051664,1,SUCCESS
GSE106878,SIG003,270,0.1357268453463737,1,SUCCESS
GSE106878,SIG003,271,-0.3540238175621678,1,SUCCESS
GSE106878,SIG003,272,0.4833659454461968,1,SUCCESS
GSE106878,SIG003,273,-0.265505454077066,1,SUCCESS
GSE106878,SIG003,274,0.6139121665768498,1,SUCCESS
GSE106878,SIG003,275,-0.0214270296103824,1,SUCCESS
GSE106878,SIG003,276,-0.372468091638797,1,SUCCESS
GSE106878,SIG003,277,-0.1551384915867708,1,SUCCESS
GSE106878,SIG003,278,0.3646926838457089,1,SUCCESS
GSE106878,SIG003,279,-0.000319965987031,1,SUCCESS
GSE106878,SIG003,280,0.4821653960599945,1,SUCCESS
GSE106878,SIG003,281,-0.4115264209474812,1,SUCCESS
GSE106878,SIG003,282,0.2504739865944288,1,SUCCESS
GSE106878,SIG003,283,0.0584196822209311,1,SUCCESS
GSE106878,SIG003,284,0.2516932719849532,1,SUCCESS
GSE106878,SIG003,285,-0.139904577431244,1,SUCCESS
GSE106878,SIG003,286,0.1149473398298128,1,SUCCESS
GSE106878,SIG003,287,0.315006789911641,1,SUCCESS
GSE106878,SIG003,288,0.2902486407061794,1,SUCCESS
GSE106878,SIG003,289,0.1805257429769716,1,SUCCESS
GSE106878,SIG003,290,-0.1886839487106994,1,SUCCESS
GSE106878,SIG003,291,-0.4100703640680544,1,SUCCESS
GSE106878,SIG003,292,-0.1344568909113698,1,SUCCESS
GSE106878,SIG003,293,-0.542110567838029,1,SUCCESS
GSE106878,SIG003,294,0.2207298153621209,1,SUCCESS
GSE106878,SIG003,295,-0.132315015644267,1,SUCCESS
GSE106878,SIG003,296,-0.0476149268832832,1,SUCCESS
GSE106878,SIG003,297,0.3159802247300559,1,SUCCESS
GSE106878,SIG003,298,0.9585531380617264,1,SUCCESS
GSE106878,SIG003,299,0.4003420758274782,1,SUCCESS
GSE106878,SIG003,300,-0.1513611058585265,1,SUCCESS
GSE106878,SIG003,301,0.1051987237027657,1,SUCCESS
GSE106878,SIG003,302,0.5286388142650384,1,SUCCESS
GSE106878,SIG003,303,0.3101721409580607,1,SUCCESS
GSE106878,SIG003,304,-0.2259277558655306,1,SUCCESS
GSE106878,SIG003,305,0.4208109236398821,1,SUCCESS
GSE106878,SIG003,306,-0.4759454427416602,1,SUCCESS
GSE106878,SIG003,307,-0.4514132107507722,1,SUCCESS
GSE106878,SIG003,308,0.3165913620481939,1,SUCCESS
GSE106878,SIG003,309,-0.3521632642226011,1,SUCCESS
GSE106878,SIG003,310,-0.4730949904766697,1,SUCCESS
GSE106878,SIG003,311,0.004227941336644,1,SUCCESS
GSE106878,SIG003,312,-0.1444799030022729,1,SUCCESS
GSE106878,SIG003,313,0.7984596324472781,1,SUCCESS
GSE106878,SIG003,314,0.214624047554868,1,SUCCESS
GSE106878,SIG003,315,0.4481191033888396,1,SUCCESS
GSE106878,SIG003,316,0.4204057545418224,1,SUCCESS
GSE106878,SIG003,317,0.5718464471293493,1,SUCCESS
GSE106878,SIG003,318,0.0843907669574433,1,SUCCESS
GSE106878,SIG003,319,-0.4345587956413553,1,SUCCESS
GSE106878,SIG003,320,0.3277920585378782,1,SUCCESS
GSE106878,SIG003,321,-0.2610277747022697,1,SUCCESS
GSE106878,SIG003,322,-0.5310614989732645,1,SUCCESS
GSE106878,SIG003,323,0.991668443003032,1,SUCCESS
GSE106878,SIG003,324,-0.0900082238277015,1,SUCCESS
GSE106878,SIG003,325,-0.0684583669489331,1,SUCCESS
GSE106878,SIG003,326,-0.2560521749205721,1,SUCCESS
GSE106878,SIG003,327,-0.871936523432469,1,SUCCESS
GSE106878,SIG003,328,-0.3159122584387566,1,SUCCESS
GSE106878,SIG003,329,0.3685356829769373,1,SUCCESS
GSE106878,SIG003,330,0.1423324261494597,1,SUCCESS
GSE106878,SIG003,331,0.0562051897401855,1,SUCCESS
GSE106878,SIG003,332,0.2254679771299517,1,SUCCESS
GSE106878,SIG003,333,-0.2472652152482526,1,SUCCESS
GSE106878,SIG003,334,0.5108905430092716,1,SUCCESS
GSE106878,SIG003,335,0.2476784976161841,1,SUCCESS
GSE106878,SIG003,336,-0.1043303965656712,1,SUCCESS
GSE106878,SIG003,337,-0.100226063088463,1,SUCCESS
GSE106878,SIG003,338,0.5700182334840814,1,SUCCESS
GSE106878,SIG003,339,0.3186762063432871,1,SUCCESS
GSE106878,SIG003,340,-0.1909888640778724,1,SUCCESS
GSE106878,SIG003,341,-0.488593875952062,1,SUCCESS
GSE106878,SIG003,342,0.2090514731877153,1,SUCCESS
GSE106878,SIG003,343,0.2202134197610666,1,SUCCESS
GSE106878,SIG003,344,-0.1246019485014307,1,SUCCESS
GSE106878,SIG003,345,0.2790040368376662,1,SUCCESS
GSE106878,SIG003,346,-0.2341023599686985,1,SUCCESS
GSE106878,SIG003,347,-0.0513573927951733,1,SUCCESS
GSE106878,SIG003,348,0.6413739162580279,1,SUCCESS
GSE106878,SIG003,349,0.1829329589847486,1,SUCCESS
GSE106878,SIG003,350,-0.3839772787821716,1,SUCCESS
GSE106878,SIG003,351,-0.1997402148300219,1,SUCCESS
GSE106878,SIG003,352,-0.6786538700494429,1,SUCCESS
GSE106878,SIG003,353,0.2624392854170866,1,SUCCESS
GSE106878,SIG003,354,-0.0858024744803519,1,SUCCESS
GSE106878,SIG003,355,-0.0599411770792155,1,SUCCESS
GSE106878,SIG003,356,0.176739282261414,1,SUCCESS
GSE106878,SIG003,357,0.4670681911786037,1,SUCCESS
GSE106878,SIG003,358,0.8297384206687739,1,SUCCESS
GSE106878,SIG003,359,0.0096960591200107,1,SUCCESS
GSE106878,SIG003,360,-0.1067999309173431,1,SUCCESS
GSE106878,SIG003,361,-0.5298264765269294,1,SUCCESS
GSE106878,SIG003,362,0.3628245608943065,1,SUCCESS
GSE106878,SIG003,363,0.1569808357493406,1,SUCCESS
GSE106878,SIG003,364,0.0133643045477647,1,SUCCESS
GSE106878,SIG003,365,-0.3096403467438037,1,SUCCESS
GSE106878,SIG003,366,-0.2165750045979074,1,SUCCESS
GSE106878,SIG003,367,0.1920457208813155,1,SUCCESS
GSE106878,SIG003,368,0.2061864786609344,1,SUCCESS
GSE106878,SIG003,369,-0.1426359744961477,1,SUCCESS
GSE106878,SIG003,370,-0.4122977649503009,1,SUCCESS
GSE106878,SIG003,371,-0.539781139125951,1,SUCCESS
GSE106878,SIG003,372,-0.7955399526632901,1,SUCCESS
GSE106878,SIG003,373,0.1780314726982114,1,SUCCESS
GSE106878,SIG003,374,-0.0660117327489281,1,SUCCESS
GSE106878,SIG003,375,-0.4345270762281549,1,SUCCESS
GSE106878,SIG003,376,-0.0721064776707637,1,SUCCESS
GSE106878,SIG003,377,0.1014666973467398,1,SUCCESS
GSE106878,SIG003,378,-0.5330765557097183,1,SUCCESS
GSE106878,SIG003,379,-0.1345142885659736,1,SUCCESS
GSE106878,SIG003,380,-0.2757126607234337,1,SUCCESS
GSE106878,SIG003,381,-0.3221094200987191,1,SUCCESS
GSE106878,SIG003,382,-0.1501194539260274,1,SUCCESS
GSE106878,SIG003,383,0.856309634721621,1,SUCCESS
GSE106878,SIG003,384,-0.115829000601572,1,SUCCESS
GSE106878,SIG003,385,-0.2312260484617428,1,SUCCESS
GSE106878,SIG003,386,-0.014966318770488,1,SUCCESS
GSE106878,SIG003,387,-0.1901035535073493,1,SUCCESS
GSE106878,SIG003,388,-0.1708227818059647,1,SUCCESS
GSE106878,SIG003,389,0.0788533199832102,1,SUCCESS
GSE106878,SIG003,390,-0.7395572942959157,1,SUCCESS
GSE106878,SIG003,391,0.6282678521509562,1,SUCCESS
GSE106878,SIG003,392,0.0973660825250286,1,SUCCESS
GSE106878,SIG003,393,-0.116823741252642,1,SUCCESS
GSE106878,SIG003,394,-0.175023446025081,1,SUCCESS
GSE106878,SIG003,395,-0.6942116480273617,1,SUCCESS
GSE106878,SIG003,396,0.1615587497335374,1,SUCCESS
GSE106878,SIG003,397,0.7233358054369476,1,SUCCESS
GSE106878,SIG003,398,-0.4370537967647655,1,SUCCESS
GSE106878,SIG003,399,0.2390502844560491,1,SUCCESS
GSE106878,SIG003,400,-0.3730782731597155,1,SUCCESS
GSE106878,SIG003,401,0.746303439115972,1,SUCCESS
GSE106878,SIG003,402,-0.2538158322939843,1,SUCCESS
GSE106878,SIG003,403,-0.2791470219677824,1,SUCCESS
GSE106878,SIG003,404,-0.1478560722426892,1,SUCCESS
GSE106878,SIG003,405,-0.7687339688018361,1,SUCCESS
GSE106878,SIG003,406,0.398857991017025,1,SUCCESS
GSE106878,SIG003,407,-0.0085987324014254,1,SUCCESS
GSE106878,SIG003,408,0.1738620370820001,1,SUCCESS
GSE106878,SIG003,409,0.3399483402877077,1,SUCCESS
GSE106878,SIG003,410,-0.2586247766656566,1,SUCCESS
GSE106878,SIG003,411,-0.0114627191082809,1,SUCCESS
GSE106878,SIG003,412,0.3088213315827494,1,SUCCESS
GSE106878,SIG003,413,0.6396305820019798,1,SUCCESS
GSE106878,SIG003,414,0.1270985520878634,1,SUCCESS
GSE106878,SIG003,415,0.4158153563841514,1,SUCCESS
GSE106878,SIG003,416,-0.2407135154188496,1,SUCCESS
GSE106878,SIG003,417,0.3745877794792033,1,SUCCESS
GSE106878,SIG003,418,-0.1227612936252329,1,SUCCESS
GSE106878,SIG003,419,-0.0593635728748065,1,SUCCESS
GSE106878,SIG003,420,-0.1077400624762764,1,SUCCESS
GSE106878,SIG003,421,-0.3309340862810375,1,SUCCESS
GSE106878,SIG003,422,-0.0730996110118035,1,SUCCESS
GSE106878,SIG003,423,-0.2611238460442631,1,SUCCESS
GSE106878,SIG003,424,-0.0649528330991082,1,SUCCESS
GSE106878,SIG003,425,-0.1033031068845494,1,SUCCESS
GSE106878,SIG003,426,0.4043578799881987,1,SUCCESS
GSE106878,SIG003,427,0.5306828328408133,1,SUCCESS
GSE106878,SIG003,428,-0.0943856847257151,1,SUCCESS
GSE106878,SIG003,429,0.1502911302919035,1,SUCCESS
GSE106878,SIG003,430,-0.4820492161349014,1,SUCCESS
GSE106878,SIG003,431,-0.0726396198940937,1,SUCCESS
GSE106878,SIG003,432,-0.3067415540505406,1,SUCCESS
GSE106878,SIG003,433,0.068707295474828,1,SUCCESS
GSE106878,SIG003,434,0.0334489099408144,1,SUCCESS
GSE106878,SIG003,435,-0.3160187414787571,1,SUCCESS
GSE106878,SIG003,436,0.3106697950799944,1,SUCCESS
GSE106878,SIG003,437,-0.1280956882988199,1,SUCCESS
GSE106878,SIG003,438,-0.2198936364333727,1,SUCCESS
GSE106878,SIG003,439,-0.0965132379888035,1,SUCCESS
GSE106878,SIG003,440,-0.4305879400258376,1,SUCCESS
GSE106878,SIG003,441,-0.0977527282792787,1,SUCCESS
GSE106878,SIG003,442,-0.1232593578112854,1,SUCCESS
GSE106878,SIG003,443,-0.6783512629466631,1,SUCCESS
GSE106878,SIG003,444,0.2222989242414109,1,SUCCESS
GSE106878,SIG003,445,0.2329693034938109,1,SUCCESS
GSE106878,SIG003,446,0.8454303583806582,1,SUCCESS
GSE106878,SIG003,447,0.3215800046768,1,SUCCESS
GSE106878,SIG003,448,0.3380787656873562,1,SUCCESS
GSE106878,SIG003,449,-0.0461926610021083,1,SUCCESS
GSE106878,SIG003,450,0.2731339569145417,1,SUCCESS
GSE106878,SIG003,451,0.2946549547839396,1,SUCCESS
GSE106878,SIG003,452,-0.3075078979027146,1,SUCCESS
GSE106878,SIG003,453,0.028755667073762,1,SUCCESS
GSE106878,SIG003,454,0.2627210639036745,1,SUCCESS
GSE106878,SIG003,455,-0.6686200926680987,1,SUCCESS
GSE106878,SIG003,456,0.2699773854152259,1,SUCCESS
GSE106878,SIG003,457,0.5977527959393694,1,SUCCESS
GSE106878,SIG003,458,-0.1741314330757772,1,SUCCESS
GSE106878,SIG003,459,0.291808340786173,1,SUCCESS
GSE106878,SIG003,460,-0.3224984467804881,1,SUCCESS
GSE106878,SIG003,461,-0.4444767122592528,1,SUCCESS
GSE106878,SIG003,462,-0.2530274096026861,1,SUCCESS
GSE106878,SIG003,463,0.259103215281054,1,SUCCESS
GSE106878,SIG003,464,-0.4341986066807377,1,SUCCESS
GSE106878,SIG003,465,0.2627532446096614,1,SUCCESS
GSE106878,SIG003,466,-0.7236558119537255,1,SUCCESS
GSE106878,SIG003,467,0.0290267816841198,1,SUCCESS
GSE106878,SIG003,468,-0.577846351114836,1,SUCCESS
GSE106878,SIG003,469,0.4013409755063289,1,SUCCESS
GSE106878,SIG003,470,-0.0659526345740434,1,SUCCESS
GSE106878,SIG003,471,0.0910615748825766,1,SUCCESS
GSE106878,SIG003,472,0.1915155737146044,1,SUCCESS
GSE106878,SIG003,473,0.1985773385438317,1,SUCCESS
GSE106878,SIG003,474,0.0684091288419046,1,SUCCESS
GSE106878,SIG003,475,-0.0924183467645044,1,SUCCESS
GSE106878,SIG003,476,0.2931061537691595,1,SUCCESS
GSE106878,SIG003,477,-0.3751169157499856,1,SUCCESS
GSE106878,SIG003,478,0.4467264980831807,1,SUCCESS
GSE106878,SIG003,479,-0.0598394569391789,1,SUCCESS
GSE106878,SIG003,480,0.3874435746056454,1,SUCCESS
GSE106878,SIG003,481,0.4367747710232314,1,SUCCESS
GSE106878,SIG003,482,-0.5608576665088276,1,SUCCESS
GSE106878,SIG003,483,0.0035369594963427,1,SUCCESS
GSE106878,SIG003,484,-0.078344528920844,1,SUCCESS
GSE106878,SIG003,485,0.2884450996976123,1,SUCCESS
GSE106878,SIG003,486,-0.4916083266246847,1,SUCCESS
GSE106878,SIG003,487,0.0003191199393956,1,SUCCESS
GSE106878,SIG003,488,-0.2284203621391032,1,SUCCESS
GSE106878,SIG003,489,0.3226368341463075,1,SUCCESS
GSE106878,SIG003,490,0.0984432825805765,1,SUCCESS
GSE106878,SIG003,491,0.2175111337372253,1,SUCCESS
GSE106878,SIG003,492,0.017480051619334,1,SUCCESS
GSE106878,SIG003,493,-0.4440190911622517,1,SUCCESS
GSE106878,SIG003,494,-0.1098083161470269,1,SUCCESS
GSE106878,SIG003,495,-0.0117850201481386,1,SUCCESS
GSE106878,SIG003,496,0.3532258945604918,1,SUCCESS
GSE106878,SIG003,497,-0.0698793897173831,1,SUCCESS
GSE106878,SIG003,498,0.0698096995811069,1,SUCCESS
GSE106878,SIG003,499,-0.3930183793085308,1,SUCCESS
GSE106878,SIG003,500,-0.8479750053065478,1,SUCCESS
GSE106878,SIG003,501,-0.388233673152364,1,SUCCESS
GSE106878,SIG003,502,0.0038870762189381,1,SUCCESS
GSE106878,SIG003,503,0.7984682666204036,1,SUCCESS
GSE106878,SIG003,504,-0.0963300767284194,1,SUCCESS
GSE106878,SIG003,505,-0.0054329314150047,1,SUCCESS
GSE106878,SIG003,506,0.412798954320654,1,SUCCESS
GSE106878,SIG003,507,-0.1873909965694749,1,SUCCESS
GSE106878,SIG003,508,-0.4686024164855012,1,SUCCESS
GSE106878,SIG003,509,-0.0718248406349253,1,SUCCESS
GSE106878,SIG003,510,0.4331405863187754,1,SUCCESS
GSE106878,SIG003,511,-0.1624344220111096,1,SUCCESS
GSE106878,SIG003,512,-0.22649786189988,1,SUCCESS
GSE106878,SIG003,513,-0.1174029383264578,1,SUCCESS
GSE106878,SIG003,514,0.2471075605420639,1,SUCCESS
GSE106878,SIG003,515,0.0725410145802847,1,SUCCESS
GSE106878,SIG003,516,0.280479225866772,1,SUCCESS
GSE106878,SIG003,517,-0.1587598129267952,1,SUCCESS
GSE106878,SIG003,518,-0.0371378204824369,1,SUCCESS
GSE106878,SIG003,519,-0.4386989701122076,1,SUCCESS
GSE106878,SIG003,520,0.4469876727224106,1,SUCCESS
GSE106878,SIG003,521,-0.3996853107091383,1,SUCCESS
GSE106878,SIG003,522,0.2155518220919512,1,SUCCESS
GSE106878,SIG003,523,-0.2005524584443946,1,SUCCESS
GSE106878,SIG003,524,-0.20646110843879,1,SUCCESS
GSE106878,SIG003,525,-0.3977864442737128,1,SUCCESS
GSE106878,SIG003,526,-0.1525354891751429,1,SUCCESS
GSE106878,SIG003,527,-0.0298224837194259,1,SUCCESS
GSE106878,SIG003,528,-0.3922311416865355,1,SUCCESS
GSE106878,SIG003,529,0.0441838661125846,1,SUCCESS
GSE106878,SIG003,530,-0.0084166881263268,1,SUCCESS
GSE106878,SIG003,531,0.4789540616630511,1,SUCCESS
GSE106878,SIG003,532,0.1945812292769467,1,SUCCESS
GSE106878,SIG003,533,-0.3023618436112381,1,SUCCESS
GSE106878,SIG003,534,-0.1066482440107604,1,SUCCESS
GSE106878,SIG003,535,0.5774962675422487,1,SUCCESS
GSE106878,SIG003,536,0.2797270585066029,1,SUCCESS
GSE106878,SIG003,537,-0.2205958612628974,1,SUCCESS
GSE106878,SIG003,538,0.4177723348955038,1,SUCCESS
GSE106878,SIG003,539,-0.052515847483999,1,SUCCESS
GSE106878,SIG003,540,0.1643796296176088,1,SUCCESS
GSE106878,SIG003,541,-0.8587939510385835,1,SUCCESS
GSE106878,SIG003,542,0.2996637071853659,1,SUCCESS
GSE106878,SIG003,543,-0.0830520037093039,1,SUCCESS
GSE106878,SIG003,544,-0.6065316583348401,1,SUCCESS
GSE106878,SIG003,545,0.6782249988593878,1,SUCCESS
GSE106878,SIG003,546,0.271243181181734,1,SUCCESS
GSE106878,SIG003,547,0.0058149689159694,1,SUCCESS
GSE106878,SIG003,548,0.3606635176930028,1,SUCCESS
GSE106878,SIG003,549,0.4805804356461741,1,SUCCESS
GSE106878,SIG003,550,-0.4060185402552054,1,SUCCESS
GSE106878,SIG003,551,0.118787046498869,1,SUCCESS
GSE106878,SIG003,552,0.2325859168995865,1,SUCCESS
GSE106878,SIG003,553,-0.0228520355357137,1,SUCCESS
GSE106878,SIG003,554,0.0034070121743361,1,SUCCESS
GSE106878,SIG003,555,-0.2684606767058733,1,SUCCESS
GSE106878,SIG003,556,0.2221268090601064,1,SUCCESS
GSE106878,SIG003,557,-0.058414987760786,1,SUCCESS
GSE106878,SIG003,558,0.3146311222173378,1,SUCCESS
GSE106878,SIG003,559,-0.0822370908971613,1,SUCCESS
GSE106878,SIG003,560,0.1735195262758562,1,SUCCESS
GSE106878,SIG003,561,-0.3626822933445454,1,SUCCESS
GSE106878,SIG003,562,0.4472325294778707,1,SUCCESS
GSE106878,SIG003,563,-0.2237312199858842,1,SUCCESS
GSE106878,SIG003,564,0.1613036629657759,1,SUCCESS
GSE106878,SIG003,565,-0.0497457084516663,1,SUCCESS
GSE106878,SIG003,566,0.0348289560572645,1,SUCCESS
GSE106878,SIG003,567,-0.1584702146195914,1,SUCCESS
GSE106878,SIG003,568,-0.2921427378884824,1,SUCCESS
GSE106878,SIG003,569,0.7073933753834982,1,SUCCESS
GSE106878,SIG003,570,0.2507141759872056,1,SUCCESS
GSE106878,SIG003,571,0.3193417710331819,1,SUCCESS
GSE106878,SIG003,572,-0.3091697851930692,1,SUCCESS
GSE106878,SIG003,573,0.5016175042781549,1,SUCCESS
GSE106878,SIG003,574,-0.3365038226557791,1,SUCCESS
GSE106878,SIG003,575,-0.0754091136219931,1,SUCCESS
GSE106878,SIG003,576,0.3232543315064178,1,SUCCESS
GSE106878,SIG003,577,-0.0076844648576916,1,SUCCESS
GSE106878,SIG003,578,-1.0595223646399226,1,SUCCESS
GSE106878,SIG003,579,-0.215150623707925,1,SUCCESS
GSE106878,SIG003,580,0.2486760593443217,1,SUCCESS
GSE106878,SIG003,581,-0.5457815835875125,1,SUCCESS
GSE106878,SIG003,582,0.2005639991562842,1,SUCCESS
GSE106878,SIG003,583,0.4584999836070212,1,SUCCESS
GSE106878,SIG003,584,-0.2641738853245384,1,SUCCESS
GSE106878,SIG003,585,0.3271228739673978,1,SUCCESS
GSE106878,SIG003,586,0.3907127253269941,1,SUCCESS
GSE106878,SIG003,587,0.0873980966125661,1,SUCCESS
GSE106878,SIG003,588,0.2386920912617822,1,SUCCESS
GSE106878,SIG003,589,0.4876212550773863,1,SUCCESS
GSE106878,SIG003,590,-0.1326112320123202,1,SUCCESS
GSE106878,SIG003,591,-0.4333212812411,1,SUCCESS
GSE106878,SIG003,592,-0.0208900568317036,1,SUCCESS
GSE106878,SIG003,593,-0.2119406837661599,1,SUCCESS
GSE106878,SIG003,594,-0.2430689022663837,1,SUCCESS
GSE106878,SIG003,595,0.0837896314217193,1,SUCCESS
GSE106878,SIG003,596,0.1288417582751133,1,SUCCESS
GSE106878,SIG003,597,-0.7672394155903992,1,SUCCESS
GSE106878,SIG003,598,0.4067069610719386,1,SUCCESS
GSE106878,SIG003,599,0.3971176283806841,1,SUCCESS
GSE106878,SIG003,600,-0.4245333452284423,1,SUCCESS
GSE106878,SIG003,601,-0.0679980527279708,1,SUCCESS
GSE106878,SIG003,602,-0.5180428238113749,1,SUCCESS
GSE106878,SIG003,603,0.5336299835767839,1,SUCCESS
GSE106878,SIG003,604,0.4138087929759614,1,SUCCESS
GSE106878,SIG003,605,-0.3354271040453548,1,SUCCESS
GSE106878,SIG003,606,-0.2015218756927017,1,SUCCESS
GSE106878,SIG003,607,0.1977586450672775,1,SUCCESS
GSE106878,SIG003,608,0.5843385209232328,1,SUCCESS
GSE106878,SIG003,609,0.5862523819834085,1,SUCCESS
GSE106878,SIG003,610,-0.1320955142840176,1,SUCCESS
GSE106878,SIG003,611,0.3400258283090558,1,SUCCESS
GSE106878,SIG003,612,-0.4397729691695622,1,SUCCESS
GSE106878,SIG003,613,0.7127420311007856,1,SUCCESS
GSE106878,SIG003,614,0.3528270825086441,1,SUCCESS
GSE106878,SIG003,615,0.3590378227578736,1,SUCCESS
GSE106878,SIG003,616,0.0199013954817583,1,SUCCESS
GSE106878,SIG003,617,0.3351005774338094,1,SUCCESS
GSE106878,SIG003,618,0.1616998501238169,1,SUCCESS
GSE106878,SIG003,619,0.5149462803239325,1,SUCCESS
GSE106878,SIG003,620,-0.1987451173298459,1,SUCCESS
GSE106878,SIG003,621,0.5737175455907232,1,SUCCESS
GSE106878,SIG003,622,-0.250761777558347,1,SUCCESS
GSE106878,SIG003,623,-0.405866635606553,1,SUCCESS
GSE106878,SIG003,624,-0.1684315787223674,1,SUCCESS
GSE106878,SIG003,625,-0.3345825852017983,1,SUCCESS
GSE106878,SIG003,626,0.0393911714609656,1,SUCCESS
GSE106878,SIG003,627,-1.0014265205801731,1,SUCCESS
GSE106878,SIG003,628,-0.5981302782224295,1,SUCCESS
GSE106878,SIG003,629,-0.3832321065541856,1,SUCCESS
GSE106878,SIG003,630,0.4589747175286826,1,SUCCESS
GSE106878,SIG003,631,0.4757373655807072,1,SUCCESS
GSE106878,SIG003,632,-0.1847730945212862,1,SUCCESS
GSE106878,SIG003,633,0.5824133314874427,1,SUCCESS
GSE106878,SIG003,634,-0.2900792302990528,1,SUCCESS
GSE106878,SIG003,635,0.2047420905731533,1,SUCCESS
GSE106878,SIG003,636,-0.2436965503488688,1,SUCCESS
GSE106878,SIG003,637,-0.2058060687417063,1,SUCCESS
GSE106878,SIG003,638,0.1199839966223603,1,SUCCESS
GSE106878,SIG003,639,0.5020289115428539,1,SUCCESS
GSE106878,SIG003,640,0.1561548417650939,1,SUCCESS
GSE106878,SIG003,641,-0.0945851511680907,1,SUCCESS
GSE106878,SIG003,642,0.3345399062540062,1,SUCCESS
GSE106878,SIG003,643,-0.1966104315744628,1,SUCCESS
GSE106878,SIG003,644,0.2172477376753546,1,SUCCESS
GSE106878,SIG003,645,0.3269430122454281,1,SUCCESS
GSE106878,SIG003,646,0.2500142212477713,1,SUCCESS
GSE106878,SIG003,647,0.1773751278013834,1,SUCCESS
GSE106878,SIG003,648,-0.5199546169179966,1,SUCCESS
GSE106878,SIG003,649,0.214293169497675,1,SUCCESS
GSE106878,SIG003,650,0.2940855437381968,1,SUCCESS
GSE106878,SIG003,651,-0.276515160542109,1,SUCCESS
GSE106878,SIG003,652,-0.2863470434797756,1,SUCCESS
GSE106878,SIG003,653,0.4294377560414584,1,SUCCESS
GSE106878,SIG003,654,-0.2323011942690351,1,SUCCESS
GSE106878,SIG003,655,0.2525170698653833,1,SUCCESS
GSE106878,SIG003,656,-1.1554247080529565,1,SUCCESS
GSE106878,SIG003,657,0.1470097644522851,1,SUCCESS
GSE106878,SIG003,658,-0.1056499267735335,1,SUCCESS
GSE106878,SIG003,659,0.3537766711336528,1,SUCCESS
GSE106878,SIG003,660,0.3614606339599743,1,SUCCESS
GSE106878,SIG003,661,-0.4506786645419796,1,SUCCESS
GSE106878,SIG003,662,0.7030570194114022,1,SUCCESS
GSE106878,SIG003,663,0.0217155458631527,1,SUCCESS
GSE106878,SIG003,664,-0.3640016273439554,1,SUCCESS
GSE106878,SIG003,665,0.1441272364628166,1,SUCCESS
GSE106878,SIG003,666,0.2654588309784764,1,SUCCESS
GSE106878,SIG003,667,-0.1264790158770632,1,SUCCESS
GSE106878,SIG003,668,0.2740044629677006,1,SUCCESS
GSE106878,SIG003,669,0.0354351104873648,1,SUCCESS
GSE106878,SIG003,670,0.240520400536245,1,SUCCESS
GSE106878,SIG003,671,0.3837720762894596,1,SUCCESS
GSE106878,SIG003,672,0.0706809700195056,1,SUCCESS
GSE106878,SIG003,673,-0.2521681734347659,1,SUCCESS
GSE106878,SIG003,674,0.1574565094394734,1,SUCCESS
GSE106878,SIG003,675,-0.8455267435534386,1,SUCCESS
GSE106878,SIG003,676,0.1320794450629168,1,SUCCESS
GSE106878,SIG003,677,0.2331111417098262,1,SUCCESS
GSE106878,SIG003,678,0.118224663088161,1,SUCCESS
GSE106878,SIG003,679,0.4478185381390646,1,SUCCESS
GSE106878,SIG003,680,0.5910603627156449,1,SUCCESS
GSE106878,SIG003,681,0.2832516211056861,1,SUCCESS
GSE106878,SIG003,682,-0.3337143865066359,1,SUCCESS
GSE106878,SIG003,683,0.4932040483880406,1,SUCCESS
GSE106878,SIG003,684,0.0506099122287518,1,SUCCESS
GSE106878,SIG003,685,-0.216016663998715,1,SUCCESS
GSE106878,SIG003,686,-0.5991428022634312,1,SUCCESS
GSE106878,SIG003,687,0.6443572265823068,1,SUCCESS
GSE106878,SIG003,688,-0.1289059072436465,1,SUCCESS
GSE106878,SIG003,689,-0.7141881884443761,1,SUCCESS
GSE106878,SIG003,690,0.1170815784409923,1,SUCCESS
GSE106878,SIG003,691,-0.9054403187678028,1,SUCCESS
GSE106878,SIG003,692,0.1582151205630154,1,SUCCESS
GSE106878,SIG003,693,-0.0545640600213008,1,SUCCESS
GSE106878,SIG003,694,0.2429114404272782,1,SUCCESS
GSE106878,SIG003,695,0.3286333133362704,1,SUCCESS
GSE106878,SIG003,696,-0.3629356649904536,1,SUCCESS
GSE106878,SIG003,697,0.2840026948045882,1,SUCCESS
GSE106878,SIG003,698,-0.3006652310541761,1,SUCCESS
GSE106878,SIG003,699,0.3185182544993697,1,SUCCESS
GSE106878,SIG003,700,0.4992593489386271,1,SUCCESS
GSE106878,SIG003,701,0.1594295836407193,1,SUCCESS
GSE106878,SIG003,702,-0.5726569424191222,1,SUCCESS
GSE106878,SIG003,703,-0.5835978112808177,1,SUCCESS
GSE106878,SIG003,704,0.221749830703563,1,SUCCESS
GSE106878,SIG003,705,-0.0654124652524139,1,SUCCESS
GSE106878,SIG003,706,0.3033962052182251,1,SUCCESS
GSE106878,SIG003,707,0.1994312354334892,1,SUCCESS
GSE106878,SIG003,708,-0.7583016128367904,1,SUCCESS
GSE106878,SIG003,709,-0.6354040404765963,1,SUCCESS
GSE106878,SIG003,710,-0.0295365241520915,1,SUCCESS
GSE106878,SIG003,711,-0.3664747070388454,1,SUCCESS
GSE106878,SIG003,712,-0.0099072255608017,1,SUCCESS
GSE106878,SIG003,713,0.4931372558521401,1,SUCCESS
GSE106878,SIG003,714,-0.7672721833644427,1,SUCCESS
GSE106878,SIG003,715,-0.1648381037999387,1,SUCCESS
GSE106878,SIG003,716,-0.8257359234765115,1,SUCCESS
GSE106878,SIG003,717,0.268645740463461,1,SUCCESS
GSE106878,SIG003,718,-0.0477598976888291,1,SUCCESS
GSE106878,SIG003,719,-1.0149422160825945,1,SUCCESS
GSE106878,SIG003,720,0.3955581856911457,1,SUCCESS
GSE106878,SIG003,721,0.1501789621947198,1,SUCCESS
GSE106878,SIG003,722,-1.126300409844262,1,SUCCESS
GSE106878,SIG003,723,0.2611353225864141,1,SUCCESS
GSE106878,SIG003,724,-0.0342800024278024,1,SUCCESS
GSE106878,SIG003,725,-0.0476642492191631,1,SUCCESS
GSE106878,SIG003,726,-0.4922622748398144,1,SUCCESS
GSE106878,SIG003,727,-0.1202763830647329,1,SUCCESS
GSE106878,SIG003,728,-0.3192430708187495,1,SUCCESS
GSE106878,SIG003,729,-0.7949351522831143,1,SUCCESS
GSE106878,SIG003,730,0.0851201878428696,1,SUCCESS
GSE106878,SIG003,731,0.324890221028947,1,SUCCESS
GSE106878,SIG003,732,-0.535292205556432,1,SUCCESS
GSE106878,SIG003,733,-0.6739012817054684,1,SUCCESS
GSE106878,SIG003,734,-0.0539005691163144,1,SUCCESS
GSE106878,SIG003,735,0.1474624209912675,1,SUCCESS
GSE106878,SIG003,736,-0.1454390085810835,1,SUCCESS
GSE106878,SIG003,737,-0.4644842618777724,1,SUCCESS
GSE106878,SIG003,738,-0.8762513979947032,1,SUCCESS
GSE106878,SIG003,739,0.3307306556155659,1,SUCCESS
GSE106878,SIG003,740,0.3310119071727617,1,SUCCESS
GSE106878,SIG003,741,0.1810252649570331,1,SUCCESS
GSE106878,SIG003,742,0.0991339210683134,1,SUCCESS
GSE106878,SIG003,743,-0.2336466799735826,1,SUCCESS
GSE106878,SIG003,744,-0.1732814296973011,1,SUCCESS
GSE106878,SIG003,745,-0.1438283454224402,1,SUCCESS
GSE106878,SIG003,746,0.17416750155679,1,SUCCESS
GSE106878,SIG003,747,0.0639418506558134,1,SUCCESS
GSE106878,SIG003,748,-0.1402146559365564,1,SUCCESS
GSE106878,SIG003,749,-0.3218243746508252,1,SUCCESS
GSE106878,SIG003,750,-0.148999439390626,1,SUCCESS
GSE106878,SIG003,751,-0.4366953104126341,1,SUCCESS
GSE106878,SIG003,752,0.4657532821461409,1,SUCCESS
GSE106878,SIG003,753,0.0601514801271747,1,SUCCESS
GSE106878,SIG003,754,0.1059346959423118,1,SUCCESS
GSE106878,SIG003,755,0.4463179425019495,1,SUCCESS
GSE106878,SIG003,756,-0.3119694200175725,1,SUCCESS
GSE106878,SIG003,757,0.1598141726619101,1,SUCCESS
GSE106878,SIG003,758,0.1325531712771664,1,SUCCESS
GSE106878,SIG003,759,0.0455843767253529,1,SUCCESS
GSE106878,SIG003,760,0.0946084370987654,1,SUCCESS
GSE106878,SIG003,761,0.2776128092772946,1,SUCCESS
GSE106878,SIG003,762,-1.0368716744043316,1,SUCCESS
GSE106878,SIG003,763,1.0308390048227725,1,SUCCESS
GSE106878,SIG003,764,0.3175650764784568,1,SUCCESS
GSE106878,SIG003,765,-0.2959769127750817,1,SUCCESS
GSE106878,SIG003,766,-0.4977783022243757,1,SUCCESS
GSE106878,SIG003,767,0.1849656439153436,1,SUCCESS
GSE106878,SIG003,768,0.1152827213272663,1,SUCCESS
GSE106878,SIG003,769,-0.7535753499865686,1,SUCCESS
GSE106878,SIG003,770,0.0120541447317289,1,SUCCESS
GSE106878,SIG003,771,-0.6136926653825261,1,SUCCESS
GSE106878,SIG003,772,-0.6423207443929311,1,SUCCESS
GSE106878,SIG003,773,-0.4538508619159305,1,SUCCESS
GSE106878,SIG003,774,0.0408244456437957,1,SUCCESS
GSE106878,SIG003,775,-0.3486764761282522,1,SUCCESS
GSE106878,SIG003,776,0.0507520166368244,1,SUCCESS
GSE106878,SIG003,777,0.2406750609848568,1,SUCCESS
GSE106878,SIG003,778,-0.0187804138781445,1,SUCCESS
GSE106878,SIG003,779,-0.3427151370897175,1,SUCCESS
GSE106878,SIG003,780,0.1154902261982756,1,SUCCESS
GSE106878,SIG003,781,-0.2337782592512957,1,SUCCESS
GSE106878,SIG003,782,0.0214162905090412,1,SUCCESS
GSE106878,SIG003,783,0.2111896138644674,1,SUCCESS
GSE106878,SIG003,784,-0.0212490387709217,1,SUCCESS
GSE106878,SIG003,785,0.3173449884432254,1,SUCCESS
GSE106878,SIG003,786,-0.0122660793535274,1,SUCCESS
GSE106878,SIG003,787,0.2376956770649943,1,SUCCESS
GSE106878,SIG003,788,-0.3384985632176113,1,SUCCESS
GSE106878,SIG003,789,0.0219685798504366,1,SUCCESS
GSE106878,SIG003,790,0.4145292492119284,1,SUCCESS
GSE106878,SIG003,791,0.10224278399722,1,SUCCESS
GSE106878,SIG003,792,-0.1751515304156212,1,SUCCESS
GSE106878,SIG003,793,-0.5577986650469648,1,SUCCESS
GSE106878,SIG003,794,-0.6002558882021519,1,SUCCESS
GSE106878,SIG003,795,0.2132087879700769,1,SUCCESS
GSE106878,SIG003,796,0.1793558871536502,1,SUCCESS
GSE106878,SIG003,797,-0.0570028476849416,1,SUCCESS
GSE106878,SIG003,798,-0.4203341916892935,1,SUCCESS
GSE106878,SIG003,799,-0.1919211478308934,1,SUCCESS
GSE106878,SIG003,800,0.2120547976280088,1,SUCCESS
GSE106878,SIG003,801,0.0057678800718931,1,SUCCESS
GSE106878,SIG003,802,-0.3435325791653362,1,SUCCESS
GSE106878,SIG003,803,0.669774375427621,1,SUCCESS
GSE106878,SIG003,804,0.3332432747339319,1,SUCCESS
GSE106878,SIG003,805,-0.385991339916587,1,SUCCESS
GSE106878,SIG003,806,-0.4205166656234449,1,SUCCESS
GSE106878,SIG003,807,-0.0229514058017551,1,SUCCESS
GSE106878,SIG003,808,0.29234388921338,1,SUCCESS
GSE106878,SIG003,809,-0.5914182178831057,1,SUCCESS
GSE106878,SIG003,810,-0.4967785780889472,1,SUCCESS
GSE106878,SIG003,811,-0.4927902833532369,1,SUCCESS
GSE106878,SIG003,812,0.6911980162417958,1,SUCCESS
GSE106878,SIG003,813,0.4481940326488926,1,SUCCESS
GSE106878,SIG003,814,0.2029009357877406,1,SUCCESS
GSE106878,SIG003,815,-0.0342398599674446,1,SUCCESS
GSE106878,SIG003,816,-0.0380059670486851,1,SUCCESS
GSE106878,SIG003,817,-0.4073887468169187,1,SUCCESS
GSE106878,SIG003,818,0.6378743216746606,1,SUCCESS
GSE106878,SIG003,819,0.0982906351475036,1,SUCCESS
GSE106878,SIG003,820,-0.1542719577359563,1,SUCCESS
GSE106878,SIG003,821,0.3463880908403454,1,SUCCESS
GSE106878,SIG003,822,-0.3520326928563493,1,SUCCESS
GSE106878,SIG003,823,-0.3669188215765125,1,SUCCESS
GSE106878,SIG003,824,-0.1055252090274675,1,SUCCESS
GSE106878,SIG003,825,-0.1968194568905073,1,SUCCESS
GSE106878,SIG003,826,0.0818386066546228,1,SUCCESS
GSE106878,SIG003,827,-0.1670952096232578,1,SUCCESS
GSE106878,SIG003,828,0.066487239511741,1,SUCCESS
GSE106878,SIG003,829,0.2361374632844678,1,SUCCESS
GSE106878,SIG003,830,-0.0375120247366451,1,SUCCESS
GSE106878,SIG003,831,0.470483207370849,1,SUCCESS
GSE106878,SIG003,832,0.3945778626608983,1,SUCCESS
GSE106878,SIG003,833,-0.1579264941965298,1,SUCCESS
GSE106878,SIG003,834,0.2104611175325859,1,SUCCESS
GSE106878,SIG003,835,0.2835127301152131,1,SUCCESS
GSE106878,SIG003,836,0.3578412336989789,1,SUCCESS
GSE106878,SIG003,837,0.1521693967570595,1,SUCCESS
GSE106878,SIG003,838,-0.4192830797147081,1,SUCCESS
GSE106878,SIG003,839,-0.2421988898853707,1,SUCCESS
GSE106878,SIG003,840,-0.1778596191587259,1,SUCCESS
GSE106878,SIG003,841,0.3855655520486394,1,SUCCESS
GSE106878,SIG003,842,-0.5428065584557734,1,SUCCESS
GSE106878,SIG003,843,-0.1441985224068758,1,SUCCESS
GSE106878,SIG003,844,-0.7331533628150688,1,SUCCESS
GSE106878,SIG003,845,0.5369155026084457,1,SUCCESS
GSE106878,SIG003,846,0.4230997081616677,1,SUCCESS
GSE106878,SIG003,847,0.0650270311907854,1,SUCCESS
GSE106878,SIG003,848,-0.0965938165776459,1,SUCCESS
GSE106878,SIG003,849,0.3095563966742334,1,SUCCESS
GSE106878,SIG003,850,-0.2438087933440033,1,SUCCESS
GSE106878,SIG003,851,0.1575240110307597,1,SUCCESS
GSE106878,SIG003,852,0.1127767111225102,1,SUCCESS
GSE106878,SIG003,853,-0.3337572233751841,1,SUCCESS
GSE106878,SIG003,854,0.9129124657408147,1,SUCCESS
GSE106878,SIG003,855,-0.405830649900082,1,SUCCESS
GSE106878,SIG003,856,0.5939140368325702,1,SUCCESS
GSE106878,SIG003,857,-0.3766283334455821,1,SUCCESS
GSE106878,SIG003,858,0.1601931276701012,1,SUCCESS
GSE106878,SIG003,859,0.5505629884390221,1,SUCCESS
GSE106878,SIG003,860,0.4161483349776665,1,SUCCESS
GSE106878,SIG003,861,0.1112379335211999,1,SUCCESS
GSE106878,SIG003,862,0.4145697520075515,1,SUCCESS
GSE106878,SIG003,863,0.4724446096244539,1,SUCCESS
GSE106878,SIG003,864,-0.4482909426896018,1,SUCCESS
GSE106878,SIG003,865,-0.0395773305940585,1,SUCCESS
GSE106878,SIG003,866,-0.258556464752564,1,SUCCESS
GSE106878,SIG003,867,-0.1428085308058008,1,SUCCESS
GSE106878,SIG003,868,-0.5379545531995784,1,SUCCESS
GSE106878,SIG003,869,0.3009751919253501,1,SUCCESS
GSE106878,SIG003,870,-0.090342500005874,1,SUCCESS
GSE106878,SIG003,871,-0.1335319848297891,1,SUCCESS
GSE106878,SIG003,872,0.2950491694265069,1,SUCCESS
GSE106878,SIG003,873,-0.2489604769048417,1,SUCCESS
GSE106878,SIG003,874,-0.0959771828465894,1,SUCCESS
GSE106878,SIG003,875,0.0314002445661807,1,SUCCESS
GSE106878,SIG003,876,-0.3837183766441935,1,SUCCESS
GSE106878,SIG003,877,0.0827557361271018,1,SUCCESS
GSE106878,SIG003,878,0.3308734099344309,1,SUCCESS
GSE106878,SIG003,879,0.1985726339776427,1,SUCCESS
GSE106878,SIG003,880,-0.0540044780959718,1,SUCCESS
GSE106878,SIG003,881,0.639513363365384,1,SUCCESS
GSE106878,SIG003,882,-0.2577886467710346,1,SUCCESS
GSE106878,SIG003,883,-0.1873356193221964,1,SUCCESS
GSE106878,SIG003,884,0.1679870004171695,1,SUCCESS
GSE106878,SIG003,885,0.1757660629799009,1,SUCCESS
GSE106878,SIG003,886,-0.3602243690940964,1,SUCCESS
GSE106878,SIG003,887,0.3800220386761541,1,SUCCESS
GSE106878,SIG003,888,0.4451660749946943,1,SUCCESS
GSE106878,SIG003,889,0.2776284263445731,1,SUCCESS
GSE106878,SIG003,890,-0.584195517800662,1,SUCCESS
GSE106878,SIG003,891,-0.1091440569931449,1,SUCCESS
GSE106878,SIG003,892,0.0968370641344252,1,SUCCESS
GSE106878,SIG003,893,-0.4586394120631791,1,SUCCESS
GSE106878,SIG003,894,-0.5343377970280924,1,SUCCESS
GSE106878,SIG003,895,-0.0273579027906676,1,SUCCESS
GSE106878,SIG003,896,-0.1475187110400874,1,SUCCESS
GSE106878,SIG003,897,-0.2231505799107717,1,SUCCESS
GSE106878,SIG003,898,-0.2926180602119708,1,SUCCESS
GSE106878,SIG003,899,-0.4726988264248276,1,SUCCESS
GSE106878,SIG003,900,0.9165378185360066,1,SUCCESS
GSE106878,SIG003,901,-0.4252416655807086,1,SUCCESS
GSE106878,SIG003,902,-0.190059107831669,1,SUCCESS
GSE106878,SIG003,903,0.3433635755328287,1,SUCCESS
GSE106878,SIG003,904,-0.3315873365452058,1,SUCCESS
GSE106878,SIG003,905,0.2972373580476444,1,SUCCESS
GSE106878,SIG003,906,-0.4597758813351494,1,SUCCESS
GSE106878,SIG003,907,0.1956687980408293,1,SUCCESS
GSE106878,SIG003,908,0.0898215819475278,1,SUCCESS
GSE106878,SIG003,909,-0.1677270160472474,1,SUCCESS
GSE106878,SIG003,910,0.2523048356772763,1,SUCCESS
GSE106878,SIG003,911,-0.4150293895823322,1,SUCCESS
GSE106878,SIG003,912,-0.6883488450452864,1,SUCCESS
GSE106878,SIG003,913,0.235288913984943,1,SUCCESS
GSE106878,SIG003,914,-0.762558464539,1,SUCCESS
GSE106878,SIG003,915,1.0806193776885475,1,SUCCESS
GSE106878,SIG003,916,-0.814218659024321,1,SUCCESS
GSE106878,SIG003,917,-0.222591063593106,1,SUCCESS
GSE106878,SIG003,918,0.0533955719612794,1,SUCCESS
GSE106878,SIG003,919,-1.6615152237598476,1,SUCCESS
GSE106878,SIG003,920,-0.7545923892913918,1,SUCCESS
GSE106878,SIG003,921,0.1196367446207177,1,SUCCESS
GSE106878,SIG003,922,-1.3184244393294384,1,SUCCESS
GSE106878,SIG003,923,0.0765814677971946,1,SUCCESS
GSE106878,SIG003,924,-0.7639259587257443,1,SUCCESS
GSE106878,SIG003,925,0.3918564150030322,1,SUCCESS
GSE106878,SIG003,926,-0.3141627678639569,1,SUCCESS
GSE106878,SIG003,927,-0.6108108001713822,1,SUCCESS
GSE106878,SIG003,928,-0.4666173933936138,1,SUCCESS
GSE106878,SIG003,929,-0.0187362448677788,1,SUCCESS
GSE106878,SIG003,930,0.1183923157516626,1,SUCCESS
GSE106878,SIG003,931,-0.5852696018621513,1,SUCCESS
GSE106878,SIG003,932,0.6909319933094761,1,SUCCESS
GSE106878,SIG003,933,-0.3519973169369018,1,SUCCESS
GSE106878,SIG003,934,0.0550807320818571,1,SUCCESS
GSE106878,SIG003,935,0.1732041380619141,1,SUCCESS
GSE106878,SIG003,936,-0.3361893990162168,1,SUCCESS
GSE106878,SIG003,937,-0.4351160185185936,1,SUCCESS
GSE106878,SIG003,938,0.1759569061182863,1,SUCCESS
GSE106878,SIG003,939,-0.3383063700323787,1,SUCCESS
GSE106878,SIG003,940,-0.0228856336086527,1,SUCCESS
GSE106878,SIG003,941,-0.3456502264117784,1,SUCCESS
GSE106878,SIG003,942,0.3915293921777885,1,SUCCESS
GSE106878,SIG003,943,-0.8154561878933371,1,SUCCESS
GSE106878,SIG003,944,0.3892205318667671,1,SUCCESS
GSE106878,SIG003,945,0.6083554127164339,1,SUCCESS
GSE106878,SIG003,946,0.1315935353295496,1,SUCCESS
GSE106878,SIG003,947,-0.3969531506096778,1,SUCCESS
GSE106878,SIG003,948,0.5942259910156761,1,SUCCESS
GSE106878,SIG003,949,-0.3267662145764245,1,SUCCESS
GSE106878,SIG003,950,-0.1630741583680967,1,SUCCESS
GSE106878,SIG003,951,0.474915358541448,1,SUCCESS
GSE106878,SIG003,952,-0.7874505411122145,1,SUCCESS
GSE106878,SIG003,953,0.208232367644877,1,SUCCESS
GSE106878,SIG003,954,-0.2382217760156962,1,SUCCESS
GSE106878,SIG003,955,-0.320706601325039,1,SUCCESS
GSE106878,SIG003,956,-0.2015160364367719,1,SUCCESS
GSE106878,SIG003,957,0.2615240725538403,1,SUCCESS
GSE106878,SIG003,958,0.0283103257658394,1,SUCCESS
GSE106878,SIG003,959,-0.3541957435917579,1,SUCCESS
GSE106878,SIG003,960,-0.4393470640072179,1,SUCCESS
GSE106878,SIG003,961,-0.2466803445581895,1,SUCCESS
GSE106878,SIG003,962,-0.4371166005646156,1,SUCCESS
GSE106878,SIG003,963,0.1762661101020276,1,SUCCESS
GSE106878,SIG003,964,-0.4331734799288617,1,SUCCESS
GSE106878,SIG003,965,-1.0485075217437332,1,SUCCESS
GSE106878,SIG003,966,0.1175330435279714,1,SUCCESS
GSE106878,SIG003,967,-0.3192619743148783,1,SUCCESS
GSE106878,SIG003,968,0.406738275133147,1,SUCCESS
GSE106878,SIG003,969,-0.6833334325963174,1,SUCCESS
GSE106878,SIG003,970,0.0109553869839819,1,SUCCESS
GSE106878,SIG003,971,0.2305093383226852,1,SUCCESS
GSE106878,SIG003,972,-0.3211184654482301,1,SUCCESS
GSE106878,SIG003,973,0.4479394822324132,1,SUCCESS
GSE106878,SIG003,974,0.4360000182104358,1,SUCCESS
GSE106878,SIG003,975,0.1597827284598698,1,SUCCESS
GSE106878,SIG003,976,-0.2241712888992585,1,SUCCESS
GSE106878,SIG003,977,-0.0397207832190075,1,SUCCESS
GSE106878,SIG003,978,0.2503114572490862,1,SUCCESS
GSE106878,SIG003,979,-0.2697677514580204,1,SUCCESS
GSE106878,SIG003,980,-0.4812597002629827,1,SUCCESS
GSE106878,SIG003,981,-0.6374698310333275,1,SUCCESS
GSE106878,SIG003,982,0.2568918357435757,1,SUCCESS
GSE106878,SIG003,983,0.3183045942270756,1,SUCCESS
GSE106878,SIG003,984,-0.5350510705561721,1,SUCCESS
GSE106878,SIG003,985,-0.6182131865620187,1,SUCCESS
GSE106878,SIG003,986,-0.458959873568068,1,SUCCESS
GSE106878,SIG003,987,0.0520921708717187,1,SUCCESS
GSE106878,SIG003,988,-0.2951083521857059,1,SUCCESS
GSE106878,SIG003,989,0.1462783560995769,1,SUCCESS
GSE106878,SIG003,990,-0.6617686438748775,1,SUCCESS
GSE106878,SIG003,991,0.1820141411731218,1,SUCCESS
GSE106878,SIG003,992,-0.1693030322214317,1,SUCCESS
GSE106878,SIG003,993,0.0767031738939725,1,SUCCESS
GSE106878,SIG003,994,0.1901280947622033,1,SUCCESS
GSE106878,SIG003,995,-0.5421589252041802,1,SUCCESS
GSE106878,SIG003,996,-0.5572509784931357,1,SUCCESS
GSE106878,SIG003,997,-0.1600807113633114,1,SUCCESS
GSE106878,SIG003,998,-0.1441850499298523,1,SUCCESS
GSE106878,SIG003,999,0.0659426314585957,1,SUCCESS
GSE106878,SIG003,1000,-0.0260607140416673,1,SUCCESS
GSE106878,SIG004,1,0.1746737973103254,1,SUCCESS
GSE106878,SIG004,2,-0.6034414091767042,1,SUCCESS
GSE106878,SIG004,3,0.6935328334781057,1,SUCCESS
GSE106878,SIG004,4,-0.487481209535352,1,SUCCESS
GSE106878,SIG004,5,-0.034852845834502,1,SUCCESS
GSE106878,SIG004,6,0.2109171107705271,1,SUCCESS
GSE106878,SIG004,7,-0.2085833343300623,1,SUCCESS
GSE106878,SIG004,8,0.3820369244291638,1,SUCCESS
GSE106878,SIG004,9,-0.4088635561163201,1,SUCCESS
GSE106878,SIG004,10,-0.4376919104807631,1,SUCCESS
GSE106878,SIG004,11,0.2009066789720671,1,SUCCESS
GSE106878,SIG004,12,0.4372105310715441,1,SUCCESS
GSE106878,SIG004,13,0.2916454453000045,1,SUCCESS
GSE106878,SIG004,14,0.169411208412698,1,SUCCESS
GSE106878,SIG004,15,0.525924421266518,1,SUCCESS
GSE106878,SIG004,16,0.377987450332106,1,SUCCESS
GSE106878,SIG004,17,0.208549698435831,1,SUCCESS
GSE106878,SIG004,18,0.1646306123057745,1,SUCCESS
GSE106878,SIG004,19,0.1108840521445478,1,SUCCESS
GSE106878,SIG004,20,-0.3195438630042144,1,SUCCESS
GSE106878,SIG004,21,0.3239543725172543,1,SUCCESS
GSE106878,SIG004,22,0.5459867635048801,1,SUCCESS
GSE106878,SIG004,23,-0.3063075206360392,1,SUCCESS
GSE106878,SIG004,24,0.3785768915824472,1,SUCCESS
GSE106878,SIG004,25,0.2431410783657608,1,SUCCESS
GSE106878,SIG004,26,-0.1264561048730272,1,SUCCESS
GSE106878,SIG004,27,0.2505563510650697,1,SUCCESS
GSE106878,SIG004,28,0.1632623316892986,1,SUCCESS
GSE106878,SIG004,29,-0.4464547569755009,1,SUCCESS
GSE106878,SIG004,30,0.2778645981546151,1,SUCCESS
GSE106878,SIG004,31,-0.5289019728990395,1,SUCCESS
GSE106878,SIG004,32,0.493301686649768,1,SUCCESS
GSE106878,SIG004,33,0.0833771172441603,1,SUCCESS
GSE106878,SIG004,34,-0.240394913628494,1,SUCCESS
GSE106878,SIG004,35,-0.3841868079573192,1,SUCCESS
GSE106878,SIG004,36,-0.5461264351591139,1,SUCCESS
GSE106878,SIG004,37,0.2437094041690999,1,SUCCESS
GSE106878,SIG004,38,-0.1133384771378722,1,SUCCESS
GSE106878,SIG004,39,-0.041189476044224,1,SUCCESS
GSE106878,SIG004,40,0.2096272937733663,1,SUCCESS
GSE106878,SIG004,41,-0.0751214577639344,1,SUCCESS
GSE106878,SIG004,42,0.4554738234035769,1,SUCCESS
GSE106878,SIG004,43,0.2238648467792219,1,SUCCESS
GSE106878,SIG004,44,-0.0424807640839114,1,SUCCESS
GSE106878,SIG004,45,0.0961510199108106,1,SUCCESS
GSE106878,SIG004,46,-0.2413932648185797,1,SUCCESS
GSE106878,SIG004,47,0.2254708242104695,1,SUCCESS
GSE106878,SIG004,48,0.5458796506502112,1,SUCCESS
GSE106878,SIG004,49,0.538371454517154,1,SUCCESS
GSE106878,SIG004,50,0.1481594976481401,1,SUCCESS
GSE106878,SIG004,51,-0.1286453050384113,1,SUCCESS
GSE106878,SIG004,52,-0.3744234734080304,1,SUCCESS
GSE106878,SIG004,53,0.3762678981740684,1,SUCCESS
GSE106878,SIG004,54,0.264889577039261,1,SUCCESS
GSE106878,SIG004,55,0.3277083321107686,1,SUCCESS
GSE106878,SIG004,56,0.0940067489487074,1,SUCCESS
GSE106878,SIG004,57,0.3990668283276857,1,SUCCESS
GSE106878,SIG004,58,-0.1708591857274427,1,SUCCESS
GSE106878,SIG004,59,0.2440995399252014,1,SUCCESS
GSE106878,SIG004,60,-0.4404489543914691,1,SUCCESS
GSE106878,SIG004,61,-0.0022155077837936,1,SUCCESS
GSE106878,SIG004,62,-0.2954547516898435,1,SUCCESS
GSE106878,SIG004,63,0.5813978703457798,1,SUCCESS
GSE106878,SIG004,64,-0.2880439041196619,1,SUCCESS
GSE106878,SIG004,65,0.4289701013163058,1,SUCCESS
GSE106878,SIG004,66,0.0067135160809842,1,SUCCESS
GSE106878,SIG004,67,-0.0058956084514381,1,SUCCESS
GSE106878,SIG004,68,-0.1034616037409488,1,SUCCESS
GSE106878,SIG004,69,0.538903778125546,1,SUCCESS
GSE106878,SIG004,70,0.3410711597875379,1,SUCCESS
GSE106878,SIG004,71,0.6694665811172034,1,SUCCESS
GSE106878,SIG004,72,-0.0940615193958172,1,SUCCESS
GSE106878,SIG004,73,0.1349908904612865,1,SUCCESS
GSE106878,SIG004,74,-0.4296238090417785,1,SUCCESS
GSE106878,SIG004,75,-0.0348746660935134,1,SUCCESS
GSE106878,SIG004,76,0.4368151159037068,1,SUCCESS
GSE106878,SIG004,77,0.2537027619451072,1,SUCCESS
GSE106878,SIG004,78,-0.1643781109655716,1,SUCCESS
GSE106878,SIG004,79,0.3748466996876669,1,SUCCESS
GSE106878,SIG004,80,0.6299409246812423,1,SUCCESS
GSE106878,SIG004,81,-0.3224177133675512,1,SUCCESS
GSE106878,SIG004,82,-0.063787085322967,1,SUCCESS
GSE106878,SIG004,83,0.6122407873940667,1,SUCCESS
GSE106878,SIG004,84,-0.1082336542291685,1,SUCCESS
GSE106878,SIG004,85,0.051964922818374,1,SUCCESS
GSE106878,SIG004,86,-0.3943631094931181,1,SUCCESS
GSE106878,SIG004,87,0.4857539342899819,1,SUCCESS
GSE106878,SIG004,88,0.2869885364979886,1,SUCCESS
GSE106878,SIG004,89,0.5469002445737242,1,SUCCESS
GSE106878,SIG004,90,-0.0959747849195148,1,SUCCESS
GSE106878,SIG004,91,0.6031284107304317,1,SUCCESS
GSE106878,SIG004,92,0.2590374083351522,1,SUCCESS
GSE106878,SIG004,93,-0.1283115174799883,1,SUCCESS
GSE106878,SIG004,94,-0.1707150303045903,1,SUCCESS
GSE106878,SIG004,95,0.1918234472628245,1,SUCCESS
GSE106878,SIG004,96,-0.2342243039806746,1,SUCCESS
GSE106878,SIG004,97,-0.4721155778553859,1,SUCCESS
GSE106878,SIG004,98,0.2347554874389267,1,SUCCESS
GSE106878,SIG004,99,-0.1608300694677739,1,SUCCESS
GSE106878,SIG004,100,0.0841508357240265,1,SUCCESS
GSE106878,SIG004,101,-0.1063480576302008,1,SUCCESS
GSE106878,SIG004,102,0.3504340287255278,1,SUCCESS
GSE106878,SIG004,103,0.0980664896345432,1,SUCCESS
GSE106878,SIG004,104,0.0468580880246517,1,SUCCESS
GSE106878,SIG004,105,-0.1070826477391324,1,SUCCESS
GSE106878,SIG004,106,0.3108789153870175,1,SUCCESS
GSE106878,SIG004,107,0.0534008826648298,1,SUCCESS
GSE106878,SIG004,108,-0.17435596799059,1,SUCCESS
GSE106878,SIG004,109,-0.3397403051398206,1,SUCCESS
GSE106878,SIG004,110,0.0128154580869982,1,SUCCESS
GSE106878,SIG004,111,0.465804536257378,1,SUCCESS
GSE106878,SIG004,112,0.3863278179737887,1,SUCCESS
GSE106878,SIG004,113,-0.5002389923855237,1,SUCCESS
GSE106878,SIG004,114,0.1441547570213205,1,SUCCESS
GSE106878,SIG004,115,-0.2439398986092588,1,SUCCESS
GSE106878,SIG004,116,0.2510956018298648,1,SUCCESS
GSE106878,SIG004,117,0.29764519547772,1,SUCCESS
GSE106878,SIG004,118,-0.2193447474609124,1,SUCCESS
GSE106878,SIG004,119,0.2534797626607141,1,SUCCESS
GSE106878,SIG004,120,0.227933069910883,1,SUCCESS
GSE106878,SIG004,121,-0.0787732822404516,1,SUCCESS
GSE106878,SIG004,122,-0.1494529625261088,1,SUCCESS
GSE106878,SIG004,123,0.4956542350847958,1,SUCCESS
GSE106878,SIG004,124,-0.075420029261996,1,SUCCESS
GSE106878,SIG004,125,0.2763937841980451,1,SUCCESS
GSE106878,SIG004,126,0.6728310338285786,1,SUCCESS
GSE106878,SIG004,127,0.4725402577764447,1,SUCCESS
GSE106878,SIG004,128,-0.4862090893572353,1,SUCCESS
GSE106878,SIG004,129,0.5611722250326623,1,SUCCESS
GSE106878,SIG004,130,-0.223972554877181,1,SUCCESS
GSE106878,SIG004,131,-0.4746484401479008,1,SUCCESS
GSE106878,SIG004,132,-0.4558550791493289,1,SUCCESS
GSE106878,SIG004,133,-0.3406159562025833,1,SUCCESS
GSE106878,SIG004,134,0.0311461583651453,1,SUCCESS
GSE106878,SIG004,135,-0.1167405392399865,1,SUCCESS
GSE106878,SIG004,136,0.4330491460436651,1,SUCCESS
GSE106878,SIG004,137,0.6961092949310888,1,SUCCESS
GSE106878,SIG004,138,0.0522735062118659,1,SUCCESS
GSE106878,SIG004,139,0.2110352576560891,1,SUCCESS
GSE106878,SIG004,140,0.3844992229146042,1,SUCCESS
GSE106878,SIG004,141,0.147441464042832,1,SUCCESS
GSE106878,SIG004,142,0.6816436579654537,1,SUCCESS
GSE106878,SIG004,143,0.1584293059538573,1,SUCCESS
GSE106878,SIG004,144,-0.1017671373365113,1,SUCCESS
GSE106878,SIG004,145,0.2429626829644856,1,SUCCESS
GSE106878,SIG004,146,0.6572559474067218,1,SUCCESS
GSE106878,SIG004,147,-0.1071041691338747,1,SUCCESS
GSE106878,SIG004,148,0.4969942781360096,1,SUCCESS
GSE106878,SIG004,149,-0.6362903111207282,1,SUCCESS
GSE106878,SIG004,150,0.2263306806389731,1,SUCCESS
GSE106878,SIG004,151,-0.0983170654130764,1,SUCCESS
GSE106878,SIG004,152,-0.2998391688364049,1,SUCCESS
GSE106878,SIG004,153,0.1144579465036585,1,SUCCESS
GSE106878,SIG004,154,-0.1135368771070455,1,SUCCESS
GSE106878,SIG004,155,-0.2557181468071185,1,SUCCESS
GSE106878,SIG004,156,0.55328495313207,1,SUCCESS
GSE106878,SIG004,157,0.2734779828622879,1,SUCCESS
GSE106878,SIG004,158,0.4030728710979332,1,SUCCESS
GSE106878,SIG004,159,0.5530314938442498,1,SUCCESS
GSE106878,SIG004,160,0.1227879013489359,1,SUCCESS
GSE106878,SIG004,161,-0.5771513061404686,1,SUCCESS
GSE106878,SIG004,162,0.3813554770669593,1,SUCCESS
GSE106878,SIG004,163,-0.100543416580261,1,SUCCESS
GSE106878,SIG004,164,-0.0941223570182936,1,SUCCESS
GSE106878,SIG004,165,0.3165707442185816,1,SUCCESS
GSE106878,SIG004,166,0.5125529984959611,1,SUCCESS
GSE106878,SIG004,167,0.2783168618374431,1,SUCCESS
GSE106878,SIG004,168,0.0114913401286604,1,SUCCESS
GSE106878,SIG004,169,-0.2471126077529257,1,SUCCESS
GSE106878,SIG004,170,-0.0248978102840595,1,SUCCESS
GSE106878,SIG004,171,-0.3921183150013614,1,SUCCESS
GSE106878,SIG004,172,0.4383744954754665,1,SUCCESS
GSE106878,SIG004,173,-0.0430896021817763,1,SUCCESS
GSE106878,SIG004,174,0.5538456209210844,1,SUCCESS
GSE106878,SIG004,175,-0.0430226535175327,1,SUCCESS
GSE106878,SIG004,176,-0.4639840997664022,1,SUCCESS
GSE106878,SIG004,177,0.2245365783452274,1,SUCCESS
GSE106878,SIG004,178,0.4070349090029576,1,SUCCESS
GSE106878,SIG004,179,0.734334048639366,1,SUCCESS
GSE106878,SIG004,180,0.1338825599171409,1,SUCCESS
GSE106878,SIG004,181,0.295278866889142,1,SUCCESS
GSE106878,SIG004,182,0.4323511823458414,1,SUCCESS
GSE106878,SIG004,183,0.2029976337197629,1,SUCCESS
GSE106878,SIG004,184,0.2194486919040948,1,SUCCESS
GSE106878,SIG004,185,0.2527238453334596,1,SUCCESS
GSE106878,SIG004,186,-0.3208105397840211,1,SUCCESS
GSE106878,SIG004,187,-0.0876969684936723,1,SUCCESS
GSE106878,SIG004,188,-0.1034356741837763,1,SUCCESS
GSE106878,SIG004,189,0.4906856586629767,1,SUCCESS
GSE106878,SIG004,190,0.7846631394568137,1,SUCCESS
GSE106878,SIG004,191,0.2668240074415906,1,SUCCESS
GSE106878,SIG004,192,0.0875362616472041,1,SUCCESS
GSE106878,SIG004,193,-0.0188614104895832,1,SUCCESS
GSE106878,SIG004,194,-0.5257118005651303,1,SUCCESS
GSE106878,SIG004,195,-0.2488958866065681,1,SUCCESS
GSE106878,SIG004,196,0.8665247745343385,1,SUCCESS
GSE106878,SIG004,197,-0.071999761862803,1,SUCCESS
GSE106878,SIG004,198,0.2134048765185056,1,SUCCESS
GSE106878,SIG004,199,0.2513128988960632,1,SUCCESS
GSE106878,SIG004,200,0.649693327508059,1,SUCCESS
GSE106878,SIG004,201,0.3727638305424749,1,SUCCESS
GSE106878,SIG004,202,-0.8901507350308154,1,SUCCESS
GSE106878,SIG004,203,0.4197189524752847,1,SUCCESS
GSE106878,SIG004,204,-0.2848125719002884,1,SUCCESS
GSE106878,SIG004,205,-0.0164758340577259,1,SUCCESS
GSE106878,SIG004,206,0.6928368129671492,1,SUCCESS
GSE106878,SIG004,207,0.4370485494636014,1,SUCCESS
GSE106878,SIG004,208,0.081170367096617,1,SUCCESS
GSE106878,SIG004,209,-0.0336842725493334,1,SUCCESS
GSE106878,SIG004,210,0.4401772434372972,1,SUCCESS
GSE106878,SIG004,211,0.2917835567219892,1,SUCCESS
GSE106878,SIG004,212,0.0870652972282601,1,SUCCESS
GSE106878,SIG004,213,0.3642865840256029,1,SUCCESS
GSE106878,SIG004,214,0.5148447877896584,1,SUCCESS
GSE106878,SIG004,215,-0.1950680216239395,1,SUCCESS
GSE106878,SIG004,216,-0.485038358520605,1,SUCCESS
GSE106878,SIG004,217,-0.1779285369467532,1,SUCCESS
GSE106878,SIG004,218,0.3057824230217602,1,SUCCESS
GSE106878,SIG004,219,0.3198630541794813,1,SUCCESS
GSE106878,SIG004,220,0.0074222890025645,1,SUCCESS
GSE106878,SIG004,221,0.3186489491976756,1,SUCCESS
GSE106878,SIG004,222,0.5520747189062135,1,SUCCESS
GSE106878,SIG004,223,0.3215585952523128,1,SUCCESS
GSE106878,SIG004,224,-0.3994198452504505,1,SUCCESS
GSE106878,SIG004,225,0.3327555755499339,1,SUCCESS
GSE106878,SIG004,226,-0.231913049202266,1,SUCCESS
GSE106878,SIG004,227,0.1356478431311372,1,SUCCESS
GSE106878,SIG004,228,0.3414199574994242,1,SUCCESS
GSE106878,SIG004,229,0.1415220470100695,1,SUCCESS
GSE106878,SIG004,230,0.0565789448050214,1,SUCCESS
GSE106878,SIG004,231,-0.9609271432054188,1,SUCCESS
GSE106878,SIG004,232,0.3277844397550195,1,SUCCESS
GSE106878,SIG004,233,-0.138513757618928,1,SUCCESS
GSE106878,SIG004,234,0.3091006746570884,1,SUCCESS
GSE106878,SIG004,235,0.0974839255101425,1,SUCCESS
GSE106878,SIG004,236,-0.0097512817143004,1,SUCCESS
GSE106878,SIG004,237,-0.1175185666616198,1,SUCCESS
GSE106878,SIG004,238,-0.4778143866016023,1,SUCCESS
GSE106878,SIG004,239,0.467413366922004,1,SUCCESS
GSE106878,SIG004,240,0.4039897545671318,1,SUCCESS
GSE106878,SIG004,241,0.1912297944407049,1,SUCCESS
GSE106878,SIG004,242,0.6891626278396418,1,SUCCESS
GSE106878,SIG004,243,0.1680086520357144,1,SUCCESS
GSE106878,SIG004,244,-0.6508048422211695,1,SUCCESS
GSE106878,SIG004,245,0.4081661664876451,1,SUCCESS
GSE106878,SIG004,246,0.4671476524406475,1,SUCCESS
GSE106878,SIG004,247,-0.1239956178920314,1,SUCCESS
GSE106878,SIG004,248,-0.5089411300533401,1,SUCCESS
GSE106878,SIG004,249,0.8018385933471943,1,SUCCESS
GSE106878,SIG004,250,0.2199398916938709,1,SUCCESS
GSE106878,SIG004,251,-0.0222336574760247,1,SUCCESS
GSE106878,SIG004,252,-0.0138199864943056,1,SUCCESS
GSE106878,SIG004,253,0.624701299832963,1,SUCCESS
GSE106878,SIG004,254,-0.6885388838392333,1,SUCCESS
GSE106878,SIG004,255,0.2587123210963669,1,SUCCESS
GSE106878,SIG004,256,0.0284561183627535,1,SUCCESS
GSE106878,SIG004,257,0.2889916777575222,1,SUCCESS
GSE106878,SIG004,258,0.5064850828390416,1,SUCCESS
GSE106878,SIG004,259,0.7221182782899283,1,SUCCESS
GSE106878,SIG004,260,0.4075769448636838,1,SUCCESS
GSE106878,SIG004,261,0.1270847451015408,1,SUCCESS
GSE106878,SIG004,262,0.2051328541832948,1,SUCCESS
GSE106878,SIG004,263,-0.0226706823645819,1,SUCCESS
GSE106878,SIG004,264,-0.0680084737015735,1,SUCCESS
GSE106878,SIG004,265,0.6152112502631386,1,SUCCESS
GSE106878,SIG004,266,-0.1349236926115032,1,SUCCESS
GSE106878,SIG004,267,0.343224210985427,1,SUCCESS
GSE106878,SIG004,268,0.0848497450660248,1,SUCCESS
GSE106878,SIG004,269,-0.2877371628050761,1,SUCCESS
GSE106878,SIG004,270,-0.127527459492199,1,SUCCESS
GSE106878,SIG004,271,-0.0946462771124877,1,SUCCESS
GSE106878,SIG004,272,0.1424152457401189,1,SUCCESS
GSE106878,SIG004,273,-0.5752903460356209,1,SUCCESS
GSE106878,SIG004,274,0.0960450635917295,1,SUCCESS
GSE106878,SIG004,275,-0.6077640143091297,1,SUCCESS
GSE106878,SIG004,276,0.1082841437165317,1,SUCCESS
GSE106878,SIG004,277,0.2283144099835438,1,SUCCESS
GSE106878,SIG004,278,-0.2126796813112111,1,SUCCESS
GSE106878,SIG004,279,-0.2005767454299155,1,SUCCESS
GSE106878,SIG004,280,-0.0728649487819456,1,SUCCESS
GSE106878,SIG004,281,-0.6653855384481294,1,SUCCESS
GSE106878,SIG004,282,0.0469434287697214,1,SUCCESS
GSE106878,SIG004,283,0.1523627632231172,1,SUCCESS
GSE106878,SIG004,284,0.467469566423443,1,SUCCESS
GSE106878,SIG004,285,-0.0502404339480854,1,SUCCESS
GSE106878,SIG004,286,-0.5624803017948027,1,SUCCESS
GSE106878,SIG004,287,1.051085304569039,1,SUCCESS
GSE106878,SIG004,288,-0.0253763226723627,1,SUCCESS
GSE106878,SIG004,289,0.437131267581868,1,SUCCESS
GSE106878,SIG004,290,0.7114426408303534,1,SUCCESS
GSE106878,SIG004,291,-0.3906079730183682,1,SUCCESS
GSE106878,SIG004,292,0.4927097326704503,1,SUCCESS
GSE106878,SIG004,293,0.4965751189892208,1,SUCCESS
GSE106878,SIG004,294,-0.2733338887999139,1,SUCCESS
GSE106878,SIG004,295,0.1404259974284892,1,SUCCESS
GSE106878,SIG004,296,-0.1511222067182274,1,SUCCESS
GSE106878,SIG004,297,-0.0320708046012099,1,SUCCESS
GSE106878,SIG004,298,-0.4886285404277042,1,SUCCESS
GSE106878,SIG004,299,-0.086511073349416,1,SUCCESS
GSE106878,SIG004,300,0.4154639281760602,1,SUCCESS
GSE106878,SIG004,301,-0.2209000921368408,1,SUCCESS
GSE106878,SIG004,302,-0.2920608845515061,1,SUCCESS
GSE106878,SIG004,303,0.4970119837118145,1,SUCCESS
GSE106878,SIG004,304,0.398649533044518,1,SUCCESS
GSE106878,SIG004,305,-0.036990574251301,1,SUCCESS
GSE106878,SIG004,306,0.3304450970962286,1,SUCCESS
GSE106878,SIG004,307,-0.3459595081710104,1,SUCCESS
GSE106878,SIG004,308,0.2783641576839039,1,SUCCESS
GSE106878,SIG004,309,-0.4117923145603665,1,SUCCESS
GSE106878,SIG004,310,0.1090171149539016,1,SUCCESS
GSE106878,SIG004,311,0.0037728356963266,1,SUCCESS
GSE106878,SIG004,312,0.5821915103105393,1,SUCCESS
GSE106878,SIG004,313,0.8356625586421387,1,SUCCESS
GSE106878,SIG004,314,-0.1113832097942118,1,SUCCESS
GSE106878,SIG004,315,0.2066543601546196,1,SUCCESS
GSE106878,SIG004,316,0.0525141733592742,1,SUCCESS
GSE106878,SIG004,317,0.4340152203262427,1,SUCCESS
GSE106878,SIG004,318,0.1253034502866203,1,SUCCESS
GSE106878,SIG004,319,0.0804363678732582,1,SUCCESS
GSE106878,SIG004,320,0.6361056682327777,1,SUCCESS
GSE106878,SIG004,321,0.1996861849554451,1,SUCCESS
GSE106878,SIG004,322,0.0411454984498546,1,SUCCESS
GSE106878,SIG004,323,-0.1663366890034961,1,SUCCESS
GSE106878,SIG004,324,-0.3580097238706654,1,SUCCESS
GSE106878,SIG004,325,-0.2126151632539692,1,SUCCESS
GSE106878,SIG004,326,-0.0069627051908067,1,SUCCESS
GSE106878,SIG004,327,0.0980933439710463,1,SUCCESS
GSE106878,SIG004,328,-0.3714756873072928,1,SUCCESS
GSE106878,SIG004,329,0.3680942711461957,1,SUCCESS
GSE106878,SIG004,330,0.3998751668451331,1,SUCCESS
GSE106878,SIG004,331,-0.0191570676471813,1,SUCCESS
GSE106878,SIG004,332,-0.0069044474745632,1,SUCCESS
GSE106878,SIG004,333,0.0803008788408698,1,SUCCESS
GSE106878,SIG004,334,-0.6562038467170086,1,SUCCESS
GSE106878,SIG004,335,1.1351258113243603,1,SUCCESS
GSE106878,SIG004,336,-0.1545682346758567,1,SUCCESS
GSE106878,SIG004,337,0.1689963159550754,1,SUCCESS
GSE106878,SIG004,338,-0.1479371807131682,1,SUCCESS
GSE106878,SIG004,339,-0.5074935500887248,1,SUCCESS
GSE106878,SIG004,340,-0.4149084297636337,1,SUCCESS
GSE106878,SIG004,341,0.0606152350038029,1,SUCCESS
GSE106878,SIG004,342,0.122803079034559,1,SUCCESS
GSE106878,SIG004,343,-0.094254679124651,1,SUCCESS
GSE106878,SIG004,344,0.1560068478955799,1,SUCCESS
GSE106878,SIG004,345,0.4981563619444877,1,SUCCESS
GSE106878,SIG004,346,-0.1503948751491712,1,SUCCESS
GSE106878,SIG004,347,-0.148951577369064,1,SUCCESS
GSE106878,SIG004,348,0.8896237043129093,1,SUCCESS
GSE106878,SIG004,349,-0.0045145045504611,1,SUCCESS
GSE106878,SIG004,350,-0.0497253193034089,1,SUCCESS
GSE106878,SIG004,351,-0.1371211892153834,1,SUCCESS
GSE106878,SIG004,352,-0.2997383851877538,1,SUCCESS
GSE106878,SIG004,353,0.2267352963236183,1,SUCCESS
GSE106878,SIG004,354,0.3240187537661519,1,SUCCESS
GSE106878,SIG004,355,-0.3524949393966248,1,SUCCESS
GSE106878,SIG004,356,0.8404459619975165,1,SUCCESS
GSE106878,SIG004,357,0.357120741780902,1,SUCCESS
GSE106878,SIG004,358,-0.7849460214794582,1,SUCCESS
GSE106878,SIG004,359,0.045600932561612,1,SUCCESS
GSE106878,SIG004,360,0.6566922076408717,1,SUCCESS
GSE106878,SIG004,361,-0.1225277112375905,1,SUCCESS
GSE106878,SIG004,362,0.3875389918570721,1,SUCCESS
GSE106878,SIG004,363,0.1020526871307911,1,SUCCESS
GSE106878,SIG004,364,0.1957068837056748,1,SUCCESS
GSE106878,SIG004,365,0.4575983575798984,1,SUCCESS
GSE106878,SIG004,366,-0.1610923225287635,1,SUCCESS
GSE106878,SIG004,367,0.3388361892981147,1,SUCCESS
GSE106878,SIG004,368,0.0871185787285276,1,SUCCESS
GSE106878,SIG004,369,-0.2949627077887612,1,SUCCESS
GSE106878,SIG004,370,-0.0950609718220308,1,SUCCESS
GSE106878,SIG004,371,-0.052900874058473,1,SUCCESS
GSE106878,SIG004,372,-0.234612227771922,1,SUCCESS
GSE106878,SIG004,373,0.4187907453189498,1,SUCCESS
GSE106878,SIG004,374,0.227113326993469,1,SUCCESS
GSE106878,SIG004,375,0.1329744259199305,1,SUCCESS
GSE106878,SIG004,376,-0.0994948562050102,1,SUCCESS
GSE106878,SIG004,377,-0.0697130369096103,1,SUCCESS
GSE106878,SIG004,378,-0.1905716028184961,1,SUCCESS
GSE106878,SIG004,379,0.0679795709597335,1,SUCCESS
GSE106878,SIG004,380,0.6273817229299096,1,SUCCESS
GSE106878,SIG004,381,0.2948884829457094,1,SUCCESS
GSE106878,SIG004,382,-0.0042889148847858,1,SUCCESS
GSE106878,SIG004,383,-0.1950415454576824,1,SUCCESS
GSE106878,SIG004,384,-0.3723672002736772,1,SUCCESS
GSE106878,SIG004,385,-0.959945095011118,1,SUCCESS
GSE106878,SIG004,386,0.206378955377882,1,SUCCESS
GSE106878,SIG004,387,-0.2841125052634177,1,SUCCESS
GSE106878,SIG004,388,0.143692392189501,1,SUCCESS
GSE106878,SIG004,389,-0.3638456504251857,1,SUCCESS
GSE106878,SIG004,390,0.5446472620503798,1,SUCCESS
GSE106878,SIG004,391,0.283436741020461,1,SUCCESS
GSE106878,SIG004,392,-0.1955834437053989,1,SUCCESS
GSE106878,SIG004,393,-0.2877443865080448,1,SUCCESS
GSE106878,SIG004,394,0.5291215462432095,1,SUCCESS
GSE106878,SIG004,395,-0.1337671846052912,1,SUCCESS
GSE106878,SIG004,396,-0.3156858256324839,1,SUCCESS
GSE106878,SIG004,397,0.2961162171268827,1,SUCCESS
GSE106878,SIG004,398,-0.0086349829045834,1,SUCCESS
GSE106878,SIG004,399,-0.3237266871701248,1,SUCCESS
GSE106878,SIG004,400,0.0475670010499568,1,SUCCESS
GSE106878,SIG004,401,0.1312167971558717,1,SUCCESS
GSE106878,SIG004,402,-0.2104553178035813,1,SUCCESS
GSE106878,SIG004,403,0.3963015923503941,1,SUCCESS
GSE106878,SIG004,404,-0.0438351913852572,1,SUCCESS
GSE106878,SIG004,405,-0.1918704857072965,1,SUCCESS
GSE106878,SIG004,406,0.3885441110307291,1,SUCCESS
GSE106878,SIG004,407,0.2286803954895969,1,SUCCESS
GSE106878,SIG004,408,-0.2850507501181983,1,SUCCESS
GSE106878,SIG004,409,0.6217723389253544,1,SUCCESS
GSE106878,SIG004,410,0.3585893028821775,1,SUCCESS
GSE106878,SIG004,411,0.269035000055546,1,SUCCESS
GSE106878,SIG004,412,0.5995536171933249,1,SUCCESS
GSE106878,SIG004,413,-0.4654410677277292,1,SUCCESS
GSE106878,SIG004,414,-0.1191133457568777,1,SUCCESS
GSE106878,SIG004,415,0.2066761512867864,1,SUCCESS
GSE106878,SIG004,416,-0.2602043545018657,1,SUCCESS
GSE106878,SIG004,417,-0.2247125516230864,1,SUCCESS
GSE106878,SIG004,418,0.3210382484856066,1,SUCCESS
GSE106878,SIG004,419,-0.3684024092347976,1,SUCCESS
GSE106878,SIG004,420,-0.4092889994621535,1,SUCCESS
GSE106878,SIG004,421,0.6228019476894519,1,SUCCESS
GSE106878,SIG004,422,-0.2521253066264095,1,SUCCESS
GSE106878,SIG004,423,-0.3657128501596245,1,SUCCESS
GSE106878,SIG004,424,0.6724364881396139,1,SUCCESS
GSE106878,SIG004,425,-0.0839612677465868,1,SUCCESS
GSE106878,SIG004,426,-0.1809830311510757,1,SUCCESS
GSE106878,SIG004,427,0.1555812290236729,1,SUCCESS
GSE106878,SIG004,428,-0.1961330690181561,1,SUCCESS
GSE106878,SIG004,429,0.2701653388490807,1,SUCCESS
GSE106878,SIG004,430,0.5327790973981148,1,SUCCESS
GSE106878,SIG004,431,-0.0816471193539514,1,SUCCESS
GSE106878,SIG004,432,0.2797174074985856,1,SUCCESS
GSE106878,SIG004,433,0.2521975873008052,1,SUCCESS
GSE106878,SIG004,434,-0.5099876540292969,1,SUCCESS
GSE106878,SIG004,435,-0.1524852395290618,1,SUCCESS
GSE106878,SIG004,436,0.3040184707140961,1,SUCCESS
GSE106878,SIG004,437,-0.2392536835864821,1,SUCCESS
GSE106878,SIG004,438,-0.7036310685419479,1,SUCCESS
GSE106878,SIG004,439,0.2319391579184952,1,SUCCESS
GSE106878,SIG004,440,0.1515518064699899,1,SUCCESS
GSE106878,SIG004,441,0.2131196645436293,1,SUCCESS
GSE106878,SIG004,442,0.0931358684070369,1,SUCCESS
GSE106878,SIG004,443,-0.4112143136134045,1,SUCCESS
GSE106878,SIG004,444,0.4527454656499511,1,SUCCESS
GSE106878,SIG004,445,0.0597263327040155,1,SUCCESS
GSE106878,SIG004,446,0.8237999415660933,1,SUCCESS
GSE106878,SIG004,447,-0.0233976058978033,1,SUCCESS
GSE106878,SIG004,448,-0.0867738450616673,1,SUCCESS
GSE106878,SIG004,449,-0.4631894086796584,1,SUCCESS
GSE106878,SIG004,450,0.4824008608010054,1,SUCCESS
GSE106878,SIG004,451,0.2151500772333348,1,SUCCESS
GSE106878,SIG004,452,-0.2151097118947858,1,SUCCESS
GSE106878,SIG004,453,-0.0450037634382613,1,SUCCESS
GSE106878,SIG004,454,-0.1359450192660942,1,SUCCESS
GSE106878,SIG004,455,-0.0293792783699213,1,SUCCESS
GSE106878,SIG004,456,-0.1088505312619768,1,SUCCESS
GSE106878,SIG004,457,0.2839817591824061,1,SUCCESS
GSE106878,SIG004,458,0.1062548613365543,1,SUCCESS
GSE106878,SIG004,459,0.1094125432038665,1,SUCCESS
GSE106878,SIG004,460,-0.3972283241538721,1,SUCCESS
GSE106878,SIG004,461,-0.1434735070773032,1,SUCCESS
GSE106878,SIG004,462,0.352745876028988,1,SUCCESS
GSE106878,SIG004,463,-0.0074860545235949,1,SUCCESS
GSE106878,SIG004,464,-0.5198425978298077,1,SUCCESS
GSE106878,SIG004,465,0.4470001285157922,1,SUCCESS
GSE106878,SIG004,466,0.6621304336638231,1,SUCCESS
GSE106878,SIG004,467,-0.0181618650864703,1,SUCCESS
GSE106878,SIG004,468,0.3874063021996288,1,SUCCESS
GSE106878,SIG004,469,0.4533318654019896,1,SUCCESS
GSE106878,SIG004,470,-0.0869188116979971,1,SUCCESS
GSE106878,SIG004,471,0.007268890034637,1,SUCCESS
GSE106878,SIG004,472,-0.496696991478896,1,SUCCESS
GSE106878,SIG004,473,0.0904865166890445,1,SUCCESS
GSE106878,SIG004,474,0.5249761582532366,1,SUCCESS
GSE106878,SIG004,475,0.0878254808398436,1,SUCCESS
GSE106878,SIG004,476,0.3221355278752154,1,SUCCESS
GSE106878,SIG004,477,-0.5097783623544035,1,SUCCESS
GSE106878,SIG004,478,0.2591702602278944,1,SUCCESS
GSE106878,SIG004,479,0.2612973590371247,1,SUCCESS
GSE106878,SIG004,480,0.0897803542850013,1,SUCCESS
GSE106878,SIG004,481,0.5099123520609812,1,SUCCESS
GSE106878,SIG004,482,-1.0605810042196768,1,SUCCESS
GSE106878,SIG004,483,-0.0166488673219873,1,SUCCESS
GSE106878,SIG004,484,0.6154052958918362,1,SUCCESS
GSE106878,SIG004,485,0.1830964081400627,1,SUCCESS
GSE106878,SIG004,486,0.7857389281650253,1,SUCCESS
GSE106878,SIG004,487,0.3984175114081262,1,SUCCESS
GSE106878,SIG004,488,0.1503462496012261,1,SUCCESS
GSE106878,SIG004,489,-0.3587102392160345,1,SUCCESS
GSE106878,SIG004,490,-0.3468413709326863,1,SUCCESS
GSE106878,SIG004,491,0.0749088817104341,1,SUCCESS
GSE106878,SIG004,492,-0.0079723091963349,1,SUCCESS
GSE106878,SIG004,493,-0.2110554896066925,1,SUCCESS
GSE106878,SIG004,494,0.6056249332486104,1,SUCCESS
GSE106878,SIG004,495,0.1877571660878505,1,SUCCESS
GSE106878,SIG004,496,0.3670587107774896,1,SUCCESS
GSE106878,SIG004,497,0.4335275192904299,1,SUCCESS
GSE106878,SIG004,498,-0.1271544737675313,1,SUCCESS
GSE106878,SIG004,499,-0.1838883013763624,1,SUCCESS
GSE106878,SIG004,500,-0.2743659903733445,1,SUCCESS
GSE106878,SIG004,501,0.4407736814200446,1,SUCCESS
GSE106878,SIG004,502,0.3500119245503934,1,SUCCESS
GSE106878,SIG004,503,-0.2478276160181197,1,SUCCESS
GSE106878,SIG004,504,-0.3109508477606973,1,SUCCESS
GSE106878,SIG004,505,0.2188288143079105,1,SUCCESS
GSE106878,SIG004,506,-0.1438360319467224,1,SUCCESS
GSE106878,SIG004,507,-0.1175669737780595,1,SUCCESS
GSE106878,SIG004,508,0.2305160160962241,1,SUCCESS
GSE106878,SIG004,509,0.0247327829394927,1,SUCCESS
GSE106878,SIG004,510,0.2903439770532846,1,SUCCESS
GSE106878,SIG004,511,0.4430258195285639,1,SUCCESS
GSE106878,SIG004,512,0.289581266582229,1,SUCCESS
GSE106878,SIG004,513,-0.0598762989982768,1,SUCCESS
GSE106878,SIG004,514,0.1608360900974472,1,SUCCESS
GSE106878,SIG004,515,0.3719326438141431,1,SUCCESS
GSE106878,SIG004,516,0.6278783597072203,1,SUCCESS
GSE106878,SIG004,517,-0.1752735541971581,1,SUCCESS
GSE106878,SIG004,518,0.6625060058853046,1,SUCCESS
GSE106878,SIG004,519,0.1183500611989489,1,SUCCESS
GSE106878,SIG004,520,-0.2539398547986587,1,SUCCESS
GSE106878,SIG004,521,-0.6315446485707378,1,SUCCESS
GSE106878,SIG004,522,0.5196393499265839,1,SUCCESS
GSE106878,SIG004,523,-0.616653892568125,1,SUCCESS
GSE106878,SIG004,524,-0.6820913573015167,1,SUCCESS
GSE106878,SIG004,525,0.3078985483134898,1,SUCCESS
GSE106878,SIG004,526,-0.0383794638026386,1,SUCCESS
GSE106878,SIG004,527,0.1192696514599552,1,SUCCESS
GSE106878,SIG004,528,0.5041621767936854,1,SUCCESS
GSE106878,SIG004,529,-0.1437360063670589,1,SUCCESS
GSE106878,SIG004,530,-0.3538139477577333,1,SUCCESS
GSE106878,SIG004,531,-0.5052461775394593,1,SUCCESS
GSE106878,SIG004,532,-0.2154101553002081,1,SUCCESS
GSE106878,SIG004,533,0.2786392162294648,1,SUCCESS
GSE106878,SIG004,534,-0.0545563313362871,1,SUCCESS
GSE106878,SIG004,535,-0.3893299558946574,1,SUCCESS
GSE106878,SIG004,536,-0.1761337245435269,1,SUCCESS
GSE106878,SIG004,537,-0.8386300716793613,1,SUCCESS
GSE106878,SIG004,538,0.175222242898699,1,SUCCESS
GSE106878,SIG004,539,-0.0732754143979339,1,SUCCESS
GSE106878,SIG004,540,0.1503194388696039,1,SUCCESS
GSE106878,SIG004,541,-0.1997894680306803,1,SUCCESS
GSE106878,SIG004,542,-0.1956222194831706,1,SUCCESS
GSE106878,SIG004,543,0.1129935412850475,1,SUCCESS
GSE106878,SIG004,544,0.7579801130659157,1,SUCCESS
GSE106878,SIG004,545,-0.3931404570440073,1,SUCCESS
GSE106878,SIG004,546,0.4462744334984905,1,SUCCESS
GSE106878,SIG004,547,-0.0103452048116206,1,SUCCESS
GSE106878,SIG004,548,0.2654528527383088,1,SUCCESS
GSE106878,SIG004,549,-0.3991346480998082,1,SUCCESS
GSE106878,SIG004,550,-0.342568320869745,1,SUCCESS
GSE106878,SIG004,551,0.130992037764572,1,SUCCESS
GSE106878,SIG004,552,-0.5681994351482199,1,SUCCESS
GSE106878,SIG004,553,-0.2085322641324435,1,SUCCESS
GSE106878,SIG004,554,-0.0686112189443754,1,SUCCESS
GSE106878,SIG004,555,0.2976272288389093,1,SUCCESS
GSE106878,SIG004,556,-0.3895953524498143,1,SUCCESS
GSE106878,SIG004,557,0.3340142877587753,1,SUCCESS
GSE106878,SIG004,558,0.3158419354160984,1,SUCCESS
GSE106878,SIG004,559,0.311264914295838,1,SUCCESS
GSE106878,SIG004,560,-0.2446175976322971,1,SUCCESS
GSE106878,SIG004,561,0.9599451766248264,1,SUCCESS
GSE106878,SIG004,562,0.0469394600501584,1,SUCCESS
GSE106878,SIG004,563,0.3289218125366323,1,SUCCESS
GSE106878,SIG004,564,0.2588224574854849,1,SUCCESS
GSE106878,SIG004,565,0.1340114425082893,1,SUCCESS
GSE106878,SIG004,566,0.1995380081745997,1,SUCCESS
GSE106878,SIG004,567,0.2916114815736272,1,SUCCESS
GSE106878,SIG004,568,0.1687904588470796,1,SUCCESS
GSE106878,SIG004,569,-0.0087030269962538,1,SUCCESS
GSE106878,SIG004,570,0.0409554203656964,1,SUCCESS
GSE106878,SIG004,571,0.1711679234241224,1,SUCCESS
GSE106878,SIG004,572,-0.3066795479963722,1,SUCCESS
GSE106878,SIG004,573,-0.3027314355240693,1,SUCCESS
GSE106878,SIG004,574,0.0296951914305743,1,SUCCESS
GSE106878,SIG004,575,0.1079352276280984,1,SUCCESS
GSE106878,SIG004,576,-0.2323131977029567,1,SUCCESS
GSE106878,SIG004,577,0.6406400776090168,1,SUCCESS
GSE106878,SIG004,578,-0.1750598463296588,1,SUCCESS
GSE106878,SIG004,579,0.5857211158888491,1,SUCCESS
GSE106878,SIG004,580,-0.1834267003133464,1,SUCCESS
GSE106878,SIG004,581,-0.0566023784853908,1,SUCCESS
GSE106878,SIG004,582,0.2188938099091522,1,SUCCESS
GSE106878,SIG004,583,0.8065836449728812,1,SUCCESS
GSE106878,SIG004,584,0.4805616818844761,1,SUCCESS
GSE106878,SIG004,585,0.680630038142178,1,SUCCESS
GSE106878,SIG004,586,-0.5297697529702842,1,SUCCESS
GSE106878,SIG004,587,-0.2415479860367649,1,SUCCESS
GSE106878,SIG004,588,0.0112329788012023,1,SUCCESS
GSE106878,SIG004,589,0.2330372204256381,1,SUCCESS
GSE106878,SIG004,590,-0.400472517443674,1,SUCCESS
GSE106878,SIG004,591,-0.2319754871945156,1,SUCCESS
GSE106878,SIG004,592,-0.4878448222005292,1,SUCCESS
GSE106878,SIG004,593,0.4128291222344769,1,SUCCESS
GSE106878,SIG004,594,0.1598255798197053,1,SUCCESS
GSE106878,SIG004,595,-0.0995123476711965,1,SUCCESS
GSE106878,SIG004,596,-0.1944691300542195,1,SUCCESS
GSE106878,SIG004,597,0.4965965420827853,1,SUCCESS
GSE106878,SIG004,598,0.6968423955664679,1,SUCCESS
GSE106878,SIG004,599,-0.3481928277390199,1,SUCCESS
GSE106878,SIG004,600,-0.3457926260346239,1,SUCCESS
GSE106878,SIG004,601,-0.538357773595393,1,SUCCESS
GSE106878,SIG004,602,-0.0446762938155902,1,SUCCESS
GSE106878,SIG004,603,-0.4646269201167915,1,SUCCESS
GSE106878,SIG004,604,-0.439248873273125,1,SUCCESS
GSE106878,SIG004,605,-0.2503733812626162,1,SUCCESS
GSE106878,SIG004,606,0.7767248151064532,1,SUCCESS
GSE106878,SIG004,607,-0.2582391808566295,1,SUCCESS
GSE106878,SIG004,608,-0.6649791820922136,1,SUCCESS
GSE106878,SIG004,609,0.3335840333479464,1,SUCCESS
GSE106878,SIG004,610,0.6251520735771294,1,SUCCESS
GSE106878,SIG004,611,0.2598733741696485,1,SUCCESS
GSE106878,SIG004,612,0.3950703838180351,1,SUCCESS
GSE106878,SIG004,613,-0.5191207021367158,1,SUCCESS
GSE106878,SIG004,614,0.3916060077943305,1,SUCCESS
GSE106878,SIG004,615,0.1633005501542631,1,SUCCESS
GSE106878,SIG004,616,0.2441619976133587,1,SUCCESS
GSE106878,SIG004,617,-0.3250205142626873,1,SUCCESS
GSE106878,SIG004,618,0.2908995109422899,1,SUCCESS
GSE106878,SIG004,619,-0.8065979125424262,1,SUCCESS
GSE106878,SIG004,620,0.1700189937978441,1,SUCCESS
GSE106878,SIG004,621,-0.4699792736405733,1,SUCCESS
GSE106878,SIG004,622,0.7544613974090164,1,SUCCESS
GSE106878,SIG004,623,0.4458832202307012,1,SUCCESS
GSE106878,SIG004,624,-0.4786595542927512,1,SUCCESS
GSE106878,SIG004,625,0.5009352847441139,1,SUCCESS
GSE106878,SIG004,626,0.4525668404328413,1,SUCCESS
GSE106878,SIG004,627,0.6967047718518302,1,SUCCESS
GSE106878,SIG004,628,-0.3012792236262153,1,SUCCESS
GSE106878,SIG004,629,-0.0410370272314086,1,SUCCESS
GSE106878,SIG004,630,-0.1106417899325813,1,SUCCESS
GSE106878,SIG004,631,-0.4052676036783897,1,SUCCESS
GSE106878,SIG004,632,-0.1561215950662219,1,SUCCESS
GSE106878,SIG004,633,0.283235970412897,1,SUCCESS
GSE106878,SIG004,634,-0.0202512462369482,1,SUCCESS
GSE106878,SIG004,635,0.341105130131175,1,SUCCESS
GSE106878,SIG004,636,-0.432894777243059,1,SUCCESS
GSE106878,SIG004,637,-0.2838703808519318,1,SUCCESS
GSE106878,SIG004,638,0.6102982008463533,1,SUCCESS
GSE106878,SIG004,639,0.0196889535468006,1,SUCCESS
GSE106878,SIG004,640,-0.0859321188305021,1,SUCCESS
GSE106878,SIG004,641,-0.0648007859830446,1,SUCCESS
GSE106878,SIG004,642,-0.4864334543474684,1,SUCCESS
GSE106878,SIG004,643,-0.365181946257516,1,SUCCESS
GSE106878,SIG004,644,0.4811465735550922,1,SUCCESS
GSE106878,SIG004,645,-0.3382047145257221,1,SUCCESS
GSE106878,SIG004,646,-0.4340918369269274,1,SUCCESS
GSE106878,SIG004,647,-0.7222492338124512,1,SUCCESS
GSE106878,SIG004,648,-0.8472522183957163,1,SUCCESS
GSE106878,SIG004,649,0.5795847280880815,1,SUCCESS
GSE106878,SIG004,650,0.1756118736737521,1,SUCCESS
GSE106878,SIG004,651,0.0392950087156119,1,SUCCESS
GSE106878,SIG004,652,-0.0580701257184106,1,SUCCESS
GSE106878,SIG004,653,-0.0606113891278663,1,SUCCESS
GSE106878,SIG004,654,0.2887947916834077,1,SUCCESS
GSE106878,SIG004,655,0.124614085032632,1,SUCCESS
GSE106878,SIG004,656,0.6641007843005888,1,SUCCESS
GSE106878,SIG004,657,-0.0986569783941183,1,SUCCESS
GSE106878,SIG004,658,-0.5173915768051026,1,SUCCESS
GSE106878,SIG004,659,-0.1495461768077,1,SUCCESS
GSE106878,SIG004,660,0.3159550613286744,1,SUCCESS
GSE106878,SIG004,661,-0.6717339185829091,1,SUCCESS
GSE106878,SIG004,662,0.6462960928153283,1,SUCCESS
GSE106878,SIG004,663,0.0165924029491436,1,SUCCESS
GSE106878,SIG004,664,0.3619612657404132,1,SUCCESS
GSE106878,SIG004,665,0.1834762095154299,1,SUCCESS
GSE106878,SIG004,666,-0.8646880899204106,1,SUCCESS
GSE106878,SIG004,667,0.4284076857684513,1,SUCCESS
GSE106878,SIG004,668,0.5371226029786003,1,SUCCESS
GSE106878,SIG004,669,-0.7281314369724587,1,SUCCESS
GSE106878,SIG004,670,0.2510159003636039,1,SUCCESS
GSE106878,SIG004,671,-0.3464023161287135,1,SUCCESS
GSE106878,SIG004,672,0.6413419146012945,1,SUCCESS
GSE106878,SIG004,673,0.0176325843137903,1,SUCCESS
GSE106878,SIG004,674,-0.395292795923222,1,SUCCESS
GSE106878,SIG004,675,0.6785537742771565,1,SUCCESS
GSE106878,SIG004,676,0.7687667672752614,1,SUCCESS
GSE106878,SIG004,677,-0.208520727011425,1,SUCCESS
GSE106878,SIG004,678,0.4770390000492355,1,SUCCESS
GSE106878,SIG004,679,0.3522501768248858,1,SUCCESS
GSE106878,SIG004,680,0.7087124252469515,1,SUCCESS
GSE106878,SIG004,681,-0.4186101218433228,1,SUCCESS
GSE106878,SIG004,682,0.2562563154408455,1,SUCCESS
GSE106878,SIG004,683,-0.5271866802219664,1,SUCCESS
GSE106878,SIG004,684,-0.1867994060083503,1,SUCCESS
GSE106878,SIG004,685,0.4867440441937493,1,SUCCESS
GSE106878,SIG004,686,0.016098863537447,1,SUCCESS
GSE106878,SIG004,687,-0.4359947597062678,1,SUCCESS
GSE106878,SIG004,688,0.233823881209053,1,SUCCESS
GSE106878,SIG004,689,-0.1298065919517158,1,SUCCESS
GSE106878,SIG004,690,0.0327704427088947,1,SUCCESS
GSE106878,SIG004,691,0.4389176175715543,1,SUCCESS
GSE106878,SIG004,692,0.2714408342760832,1,SUCCESS
GSE106878,SIG004,693,-0.1392151990840244,1,SUCCESS
GSE106878,SIG004,694,0.3853375497187644,1,SUCCESS
GSE106878,SIG004,695,0.2142921723892124,1,SUCCESS
GSE106878,SIG004,696,-0.4785076466710334,1,SUCCESS
GSE106878,SIG004,697,-0.2422235437549902,1,SUCCESS
GSE106878,SIG004,698,0.2024564148700402,1,SUCCESS
GSE106878,SIG004,699,0.0938330679616416,1,SUCCESS
GSE106878,SIG004,700,-0.0927633017801734,1,SUCCESS
GSE106878,SIG004,701,-0.1117213764960907,1,SUCCESS
GSE106878,SIG004,702,0.4080558151920071,1,SUCCESS
GSE106878,SIG004,703,-0.1468823143088963,1,SUCCESS
GSE106878,SIG004,704,0.7056327513246585,1,SUCCESS
GSE106878,SIG004,705,0.4446795220760206,1,SUCCESS
GSE106878,SIG004,706,-0.1139037664539896,1,SUCCESS
GSE106878,SIG004,707,0.3408991044212492,1,SUCCESS
GSE106878,SIG004,708,0.5835520961231946,1,SUCCESS
GSE106878,SIG004,709,-0.0270035713467993,1,SUCCESS
GSE106878,SIG004,710,-0.7219749850135011,1,SUCCESS
GSE106878,SIG004,711,0.0440744773867649,1,SUCCESS
GSE106878,SIG004,712,0.4716007406550551,1,SUCCESS
GSE106878,SIG004,713,0.0893121885406407,1,SUCCESS
GSE106878,SIG004,714,-0.1249715465649916,1,SUCCESS
GSE106878,SIG004,715,-0.453131247113369,1,SUCCESS
GSE106878,SIG004,716,-0.3600414160031578,1,SUCCESS
GSE106878,SIG004,717,0.1305533722474111,1,SUCCESS
GSE106878,SIG004,718,-0.0788907089088084,1,SUCCESS
GSE106878,SIG004,719,0.3061980178361333,1,SUCCESS
GSE106878,SIG004,720,0.4680731221772257,1,SUCCESS
GSE106878,SIG004,721,0.4075449471674059,1,SUCCESS
GSE106878,SIG004,722,0.3403440480892138,1,SUCCESS
GSE106878,SIG004,723,-0.5832736013272222,1,SUCCESS
GSE106878,SIG004,724,0.3714957272946145,1,SUCCESS
GSE106878,SIG004,725,0.2948121349969593,1,SUCCESS
GSE106878,SIG004,726,0.3881165824015425,1,SUCCESS
GSE106878,SIG004,727,0.0615511216920204,1,SUCCESS
GSE106878,SIG004,728,-0.4570144562121845,1,SUCCESS
GSE106878,SIG004,729,0.0205447736262781,1,SUCCESS
GSE106878,SIG004,730,-0.0814118118016506,1,SUCCESS
GSE106878,SIG004,731,0.4266215840928244,1,SUCCESS
GSE106878,SIG004,732,0.4283478620787758,1,SUCCESS
GSE106878,SIG004,733,-0.0260553434778274,1,SUCCESS
GSE106878,SIG004,734,-0.1773177779535966,1,SUCCESS
GSE106878,SIG004,735,0.4858587082490364,1,SUCCESS
GSE106878,SIG004,736,0.1709523680037728,1,SUCCESS
GSE106878,SIG004,737,-0.2702053096912662,1,SUCCESS
GSE106878,SIG004,738,0.3599004629005763,1,SUCCESS
GSE106878,SIG004,739,0.596253537922395,1,SUCCESS
GSE106878,SIG004,740,0.2081911262209786,1,SUCCESS
GSE106878,SIG004,741,0.5651016869713474,1,SUCCESS
GSE106878,SIG004,742,0.5493287885932416,1,SUCCESS
GSE106878,SIG004,743,0.7826564260970172,1,SUCCESS
GSE106878,SIG004,744,0.3850721130506478,1,SUCCESS
GSE106878,SIG004,745,0.061592605292664,1,SUCCESS
GSE106878,SIG004,746,0.5414843609534811,1,SUCCESS
GSE106878,SIG004,747,0.0570959742878346,1,SUCCESS
GSE106878,SIG004,748,0.1314584585812505,1,SUCCESS
GSE106878,SIG004,749,0.3235061299156251,1,SUCCESS
GSE106878,SIG004,750,0.0319626592693571,1,SUCCESS
GSE106878,SIG004,751,-0.4547719395495126,1,SUCCESS
GSE106878,SIG004,752,0.1627435173307848,1,SUCCESS
GSE106878,SIG004,753,0.0739412658257984,1,SUCCESS
GSE106878,SIG004,754,-0.1559423896427263,1,SUCCESS
GSE106878,SIG004,755,-0.2300796292039974,1,SUCCESS
GSE106878,SIG004,756,0.067203189545709,1,SUCCESS
GSE106878,SIG004,757,0.3469609118639637,1,SUCCESS
GSE106878,SIG004,758,0.2196075237060447,1,SUCCESS
GSE106878,SIG004,759,-0.0683156467166394,1,SUCCESS
GSE106878,SIG004,760,0.7586942943458242,1,SUCCESS
GSE106878,SIG004,761,0.213913699647448,1,SUCCESS
GSE106878,SIG004,762,0.4059145996765599,1,SUCCESS
GSE106878,SIG004,763,0.5054290101131759,1,SUCCESS
GSE106878,SIG004,764,-0.0168194161151458,1,SUCCESS
GSE106878,SIG004,765,0.4444584490885531,1,SUCCESS
GSE106878,SIG004,766,-0.2014645381551139,1,SUCCESS
GSE106878,SIG004,767,0.094528939163689,1,SUCCESS
GSE106878,SIG004,768,-0.0220433276103115,1,SUCCESS
GSE106878,SIG004,769,0.4377180473273779,1,SUCCESS
GSE106878,SIG004,770,0.5182921748277618,1,SUCCESS
GSE106878,SIG004,771,-0.0386057608320245,1,SUCCESS
GSE106878,SIG004,772,0.0992589966146142,1,SUCCESS
GSE106878,SIG004,773,0.6061478465099702,1,SUCCESS
GSE106878,SIG004,774,-0.297328968983976,1,SUCCESS
GSE106878,SIG004,775,-0.4588159763134429,1,SUCCESS
GSE106878,SIG004,776,0.6868106317727111,1,SUCCESS
GSE106878,SIG004,777,-0.1955862228801664,1,SUCCESS
GSE106878,SIG004,778,-0.097592605974805,1,SUCCESS
GSE106878,SIG004,779,-0.2445779004191619,1,SUCCESS
GSE106878,SIG004,780,0.165855711488317,1,SUCCESS
GSE106878,SIG004,781,0.099059542631585,1,SUCCESS
GSE106878,SIG004,782,-0.0605389656443447,1,SUCCESS
GSE106878,SIG004,783,-0.1257845664155827,1,SUCCESS
GSE106878,SIG004,784,0.4034763133202981,1,SUCCESS
GSE106878,SIG004,785,-0.8051925891020184,1,SUCCESS
GSE106878,SIG004,786,0.3062765678417081,1,SUCCESS
GSE106878,SIG004,787,0.2660921273012686,1,SUCCESS
GSE106878,SIG004,788,-0.6597062898727113,1,SUCCESS
GSE106878,SIG004,789,0.0749927036193599,1,SUCCESS
GSE106878,SIG004,790,0.9892848507109664,1,SUCCESS
GSE106878,SIG004,791,0.5886182270784125,1,SUCCESS
GSE106878,SIG004,792,0.0075925421562694,1,SUCCESS
GSE106878,SIG004,793,-0.5994737891012752,1,SUCCESS
GSE106878,SIG004,794,0.6320769372891463,1,SUCCESS
GSE106878,SIG004,795,-0.1771755822468774,1,SUCCESS
GSE106878,SIG004,796,0.3805390265742444,1,SUCCESS
GSE106878,SIG004,797,-0.0085521829731653,1,SUCCESS
GSE106878,SIG004,798,0.1106052488267986,1,SUCCESS
GSE106878,SIG004,799,-0.3082016355018399,1,SUCCESS
GSE106878,SIG004,800,-0.0861497507628647,1,SUCCESS
GSE106878,SIG004,801,-0.1375048013891139,1,SUCCESS
GSE106878,SIG004,802,0.1504950571071091,1,SUCCESS
GSE106878,SIG004,803,0.7017281596872451,1,SUCCESS
GSE106878,SIG004,804,-0.163607185081386,1,SUCCESS
GSE106878,SIG004,805,-0.2592986485264282,1,SUCCESS
GSE106878,SIG004,806,0.4511824950148774,1,SUCCESS
GSE106878,SIG004,807,0.0692078888181127,1,SUCCESS
GSE106878,SIG004,808,-0.3339937026096411,1,SUCCESS
GSE106878,SIG004,809,-0.3620609137130146,1,SUCCESS
GSE106878,SIG004,810,0.2123365147109533,1,SUCCESS
GSE106878,SIG004,811,-0.1532802366297566,1,SUCCESS
GSE106878,SIG004,812,-0.307873073261022,1,SUCCESS
GSE106878,SIG004,813,0.0311694080887225,1,SUCCESS
GSE106878,SIG004,814,0.2153960221873382,1,SUCCESS
GSE106878,SIG004,815,0.5392478255939275,1,SUCCESS
GSE106878,SIG004,816,0.1370818015920501,1,SUCCESS
GSE106878,SIG004,817,-0.0378103801267823,1,SUCCESS
GSE106878,SIG004,818,-0.4666572923576998,1,SUCCESS
GSE106878,SIG004,819,0.6029233764161299,1,SUCCESS
GSE106878,SIG004,820,0.3109003400356084,1,SUCCESS
GSE106878,SIG004,821,0.054921280761974,1,SUCCESS
GSE106878,SIG004,822,0.5022983575449353,1,SUCCESS
GSE106878,SIG004,823,-0.2440758677478995,1,SUCCESS
GSE106878,SIG004,824,-0.3831122516369838,1,SUCCESS
GSE106878,SIG004,825,-0.3976881156132187,1,SUCCESS
GSE106878,SIG004,826,-0.5770393147466508,1,SUCCESS
GSE106878,SIG004,827,-0.5829464681633585,1,SUCCESS
GSE106878,SIG004,828,-0.0354967849994143,1,SUCCESS
GSE106878,SIG004,829,0.4952266634746325,1,SUCCESS
GSE106878,SIG004,830,0.1085801743293089,1,SUCCESS
GSE106878,SIG004,831,0.0078979235203972,1,SUCCESS
GSE106878,SIG004,832,-0.3409031444629959,1,SUCCESS
GSE106878,SIG004,833,-0.1314299613573004,1,SUCCESS
GSE106878,SIG004,834,-0.3266561929807373,1,SUCCESS
GSE106878,SIG004,835,0.1593886239306319,1,SUCCESS
GSE106878,SIG004,836,-0.1127924629391321,1,SUCCESS
GSE106878,SIG004,837,-0.533462692967467,1,SUCCESS
GSE106878,SIG004,838,0.3895737038641158,1,SUCCESS
GSE106878,SIG004,839,0.3292185180540935,1,SUCCESS
GSE106878,SIG004,840,0.3893130869917665,1,SUCCESS
GSE106878,SIG004,841,0.1953138473567858,1,SUCCESS
GSE106878,SIG004,842,0.3257238266813999,1,SUCCESS
GSE106878,SIG004,843,-0.2748312764976704,1,SUCCESS
GSE106878,SIG004,844,0.3649559430214856,1,SUCCESS
GSE106878,SIG004,845,0.428787810135159,1,SUCCESS
GSE106878,SIG004,846,0.2170215594291204,1,SUCCESS
GSE106878,SIG004,847,-0.1495964998485304,1,SUCCESS
GSE106878,SIG004,848,-0.3260582716416681,1,SUCCESS
GSE106878,SIG004,849,0.2249112699776492,1,SUCCESS
GSE106878,SIG004,850,0.4666369069263187,1,SUCCESS
GSE106878,SIG004,851,-0.5334425570787286,1,SUCCESS
GSE106878,SIG004,852,0.6391780420910063,1,SUCCESS
GSE106878,SIG004,853,0.1231522318664432,1,SUCCESS
GSE106878,SIG004,854,0.3541753692877112,1,SUCCESS
GSE106878,SIG004,855,-0.0372158772734477,1,SUCCESS
GSE106878,SIG004,856,-0.1772155750436925,1,SUCCESS
GSE106878,SIG004,857,0.4067030179167127,1,SUCCESS
GSE106878,SIG004,858,0.0466615947993673,1,SUCCESS
GSE106878,SIG004,859,-0.2059584678485065,1,SUCCESS
GSE106878,SIG004,860,-0.0077622471976627,1,SUCCESS
GSE106878,SIG004,861,0.477189848352532,1,SUCCESS
GSE106878,SIG004,862,0.3003400982574178,1,SUCCESS
GSE106878,SIG004,863,0.1826686844254043,1,SUCCESS
GSE106878,SIG004,864,0.3043589145989456,1,SUCCESS
GSE106878,SIG004,865,0.1252886140844755,1,SUCCESS
GSE106878,SIG004,866,-0.0564343659803103,1,SUCCESS
GSE106878,SIG004,867,-0.1393714013676996,1,SUCCESS
GSE106878,SIG004,868,0.1419296208732937,1,SUCCESS
GSE106878,SIG004,869,0.5198130467441057,1,SUCCESS
GSE106878,SIG004,870,-0.284875237523116,1,SUCCESS
GSE106878,SIG004,871,0.4407047383635648,1,SUCCESS
GSE106878,SIG004,872,0.6396198170376922,1,SUCCESS
GSE106878,SIG004,873,0.1633336247935912,1,SUCCESS
GSE106878,SIG004,874,-0.6908753991820747,1,SUCCESS
GSE106878,SIG004,875,-0.2205332930481275,1,SUCCESS
GSE106878,SIG004,876,-0.2018421007365261,1,SUCCESS
GSE106878,SIG004,877,0.3552137861991873,1,SUCCESS
GSE106878,SIG004,878,0.1361729401350114,1,SUCCESS
GSE106878,SIG004,879,0.1714833357494623,1,SUCCESS
GSE106878,SIG004,880,0.1596736494304904,1,SUCCESS
GSE106878,SIG004,881,-0.1516750926384873,1,SUCCESS
GSE106878,SIG004,882,-0.6960610701152355,1,SUCCESS
GSE106878,SIG004,883,-0.8930354147044196,1,SUCCESS
GSE106878,SIG004,884,0.0983172874684957,1,SUCCESS
GSE106878,SIG004,885,0.38731218588365,1,SUCCESS
GSE106878,SIG004,886,0.3279808367638223,1,SUCCESS
GSE106878,SIG004,887,-0.0347176165109814,1,SUCCESS
GSE106878,SIG004,888,-0.1916338217030015,1,SUCCESS
GSE106878,SIG004,889,-0.3456045327343979,1,SUCCESS
GSE106878,SIG004,890,0.6223297536563391,1,SUCCESS
GSE106878,SIG004,891,-0.0556155379922227,1,SUCCESS
GSE106878,SIG004,892,0.915020342678256,1,SUCCESS
GSE106878,SIG004,893,0.5613357207848287,1,SUCCESS
GSE106878,SIG004,894,-0.4183788874135883,1,SUCCESS
GSE106878,SIG004,895,-0.2484828989433264,1,SUCCESS
GSE106878,SIG004,896,0.3136289486149623,1,SUCCESS
GSE106878,SIG004,897,-0.3708056578942679,1,SUCCESS
GSE106878,SIG004,898,0.2627770529442849,1,SUCCESS
GSE106878,SIG004,899,-0.3523278331722819,1,SUCCESS
GSE106878,SIG004,900,-0.4814867122657629,1,SUCCESS
GSE106878,SIG004,901,-0.0774502333386531,1,SUCCESS
GSE106878,SIG004,902,0.1162254055429044,1,SUCCESS
GSE106878,SIG004,903,0.5434831449242871,1,SUCCESS
GSE106878,SIG004,904,0.4116522927625223,1,SUCCESS
GSE106878,SIG004,905,0.0073261460720992,1,SUCCESS
GSE106878,SIG004,906,0.487777141824907,1,SUCCESS
GSE106878,SIG004,907,-0.4830077414808841,1,SUCCESS
GSE106878,SIG004,908,0.2652466889536751,1,SUCCESS
GSE106878,SIG004,909,0.3642659459680424,1,SUCCESS
GSE106878,SIG004,910,0.1196149802927474,1,SUCCESS
GSE106878,SIG004,911,0.4257587739115127,1,SUCCESS
GSE106878,SIG004,912,-0.4498111008852214,1,SUCCESS
GSE106878,SIG004,913,-0.572222369302593,1,SUCCESS
GSE106878,SIG004,914,0.4206089256718925,1,SUCCESS
GSE106878,SIG004,915,-0.957580940349912,1,SUCCESS
GSE106878,SIG004,916,0.3991442187532439,1,SUCCESS
GSE106878,SIG004,917,-0.2281064037154281,1,SUCCESS
GSE106878,SIG004,918,0.4206936044678949,1,SUCCESS
GSE106878,SIG004,919,0.226267374460856,1,SUCCESS
GSE106878,SIG004,920,-0.3826964913132217,1,SUCCESS
GSE106878,SIG004,921,0.1415192379584456,1,SUCCESS
GSE106878,SIG004,922,-0.0312336513200575,1,SUCCESS
GSE106878,SIG004,923,0.1477136743309388,1,SUCCESS
GSE106878,SIG004,924,0.6048263685585448,1,SUCCESS
GSE106878,SIG004,925,0.2357725421535937,1,SUCCESS
GSE106878,SIG004,926,-0.3048554670407378,1,SUCCESS
GSE106878,SIG004,927,0.2616579565675045,1,SUCCESS
GSE106878,SIG004,928,-0.1384240025043984,1,SUCCESS
GSE106878,SIG004,929,0.2058729515793846,1,SUCCESS
GSE106878,SIG004,930,-0.2067302071872552,1,SUCCESS
GSE106878,SIG004,931,0.6948541172472378,1,SUCCESS
GSE106878,SIG004,932,0.234241820862442,1,SUCCESS
GSE106878,SIG004,933,-0.0121435772351503,1,SUCCESS
GSE106878,SIG004,934,-0.1004610528064505,1,SUCCESS
GSE106878,SIG004,935,-0.4923136834660588,1,SUCCESS
GSE106878,SIG004,936,-0.237088776843381,1,SUCCESS
GSE106878,SIG004,937,-0.2307593058336609,1,SUCCESS
GSE106878,SIG004,938,0.0367152557207636,1,SUCCESS
GSE106878,SIG004,939,0.3916498158292562,1,SUCCESS
GSE106878,SIG004,940,0.0161770155524209,1,SUCCESS
GSE106878,SIG004,941,-0.1225175272570908,1,SUCCESS
GSE106878,SIG004,942,-0.6166705326593097,1,SUCCESS
GSE106878,SIG004,943,0.3080262590687053,1,SUCCESS
GSE106878,SIG004,944,0.2191029465483804,1,SUCCESS
GSE106878,SIG004,945,0.1475809332621335,1,SUCCESS
GSE106878,SIG004,946,-0.2445197245757828,1,SUCCESS
GSE106878,SIG004,947,0.3553764728605925,1,SUCCESS
GSE106878,SIG004,948,0.1160958087724281,1,SUCCESS
GSE106878,SIG004,949,0.1891136245837911,1,SUCCESS
GSE106878,SIG004,950,0.6228148094227629,1,SUCCESS
GSE106878,SIG004,951,0.0184419523256147,1,SUCCESS
GSE106878,SIG004,952,0.4054728884469799,1,SUCCESS
GSE106878,SIG004,953,0.0795390130133465,1,SUCCESS
GSE106878,SIG004,954,0.2170386597446856,1,SUCCESS
GSE106878,SIG004,955,-0.3011858354104624,1,SUCCESS
GSE106878,SIG004,956,-0.5241048527070199,1,SUCCESS
GSE106878,SIG004,957,-0.6453251776685767,1,SUCCESS
GSE106878,SIG004,958,0.3830185745193575,1,SUCCESS
GSE106878,SIG004,959,-0.2555868885151044,1,SUCCESS
GSE106878,SIG004,960,0.5552612588397355,1,SUCCESS
GSE106878,SIG004,961,-0.2450745024060841,1,SUCCESS
GSE106878,SIG004,962,0.5489896325585277,1,SUCCESS
GSE106878,SIG004,963,0.2467512925757375,1,SUCCESS
GSE106878,SIG004,964,0.2818777612012528,1,SUCCESS
GSE106878,SIG004,965,-0.0400288804439709,1,SUCCESS
GSE106878,SIG004,966,0.3740674817840375,1,SUCCESS
GSE106878,SIG004,967,0.6426604244765113,1,SUCCESS
GSE106878,SIG004,968,0.3792534013271147,1,SUCCESS
GSE106878,SIG004,969,0.3802920769424645,1,SUCCESS
GSE106878,SIG004,970,0.0145696177470977,1,SUCCESS
GSE106878,SIG004,971,0.1446894358507897,1,SUCCESS
GSE106878,SIG004,972,0.1451892586036574,1,SUCCESS
GSE106878,SIG004,973,-0.3341357950870191,1,SUCCESS
GSE106878,SIG004,974,0.2061562225118443,1,SUCCESS
GSE106878,SIG004,975,-0.2148325325576116,1,SUCCESS
GSE106878,SIG004,976,-0.1516230217258013,1,SUCCESS
GSE106878,SIG004,977,-0.3856932223420095,1,SUCCESS
GSE106878,SIG004,978,0.8223400671610016,1,SUCCESS
GSE106878,SIG004,979,-0.0024685319023699,1,SUCCESS
GSE106878,SIG004,980,0.6949525705355768,1,SUCCESS
GSE106878,SIG004,981,-0.2582107791262499,1,SUCCESS
GSE106878,SIG004,982,0.0332534847661827,1,SUCCESS
GSE106878,SIG004,983,-0.2154546069312547,1,SUCCESS
GSE106878,SIG004,984,0.3974445832896639,1,SUCCESS
GSE106878,SIG004,985,-0.2831854261988497,1,SUCCESS
GSE106878,SIG004,986,-0.1187224176583318,1,SUCCESS
GSE106878,SIG004,987,-0.1546341981871635,1,SUCCESS
GSE106878,SIG004,988,-0.0255142405617683,1,SUCCESS
GSE106878,SIG004,989,-0.2714862937225474,1,SUCCESS
GSE106878,SIG004,990,0.6696208787924331,1,SUCCESS
GSE106878,SIG004,991,0.0114353520253673,1,SUCCESS
GSE106878,SIG004,992,0.2467088095593226,1,SUCCESS
GSE106878,SIG004,993,0.7493989929302507,1,SUCCESS
GSE106878,SIG004,994,0.2089418987147357,1,SUCCESS
GSE106878,SIG004,995,0.5226480209873379,1,SUCCESS
GSE106878,SIG004,996,-0.0045747014932879,1,SUCCESS
GSE106878,SIG004,997,0.1120154107530027,1,SUCCESS
GSE106878,SIG004,998,-0.1745899335062172,1,SUCCESS
GSE106878,SIG004,999,0.09859125753913,1,SUCCESS
GSE106878,SIG004,1000,0.4700009514158366,1,SUCCESS
GSE106878,SIG022,1,-0.0546598823698041,1,SUCCESS
GSE106878,SIG022,2,-0.0140870790663655,1,SUCCESS
GSE106878,SIG022,3,-0.0727254146962638,1,SUCCESS
GSE106878,SIG022,4,0.2609795399449348,1,SUCCESS
GSE106878,SIG022,5,-0.5801966479827935,1,SUCCESS
GSE106878,SIG022,6,-0.5240444042226072,1,SUCCESS
GSE106878,SIG022,7,0.27725932092175,1,SUCCESS
GSE106878,SIG022,8,-0.2987180953557682,1,SUCCESS
GSE106878,SIG022,9,0.365278554308636,1,SUCCESS
GSE106878,SIG022,10,0.1498054380123877,1,SUCCESS
GSE106878,SIG022,11,0.4769111752330429,1,SUCCESS
GSE106878,SIG022,12,-0.0761561853027369,1,SUCCESS
GSE106878,SIG022,13,0.4265802135684073,1,SUCCESS
GSE106878,SIG022,14,-0.3939488239429795,1,SUCCESS
GSE106878,SIG022,15,0.3062828158679425,1,SUCCESS
GSE106878,SIG022,16,0.114276899259232,1,SUCCESS
GSE106878,SIG022,17,-0.4020359918405752,1,SUCCESS
GSE106878,SIG022,18,0.2203070892232949,1,SUCCESS
GSE106878,SIG022,19,-0.2648452873994549,1,SUCCESS
GSE106878,SIG022,20,0.2675436040056475,1,SUCCESS
GSE106878,SIG022,21,-0.5197123653399148,1,SUCCESS
GSE106878,SIG022,22,0.1726684840972142,1,SUCCESS
GSE106878,SIG022,23,-0.0666084003732104,1,SUCCESS
GSE106878,SIG022,24,0.39502249914219,1,SUCCESS
GSE106878,SIG022,25,0.0066064822339486,1,SUCCESS
GSE106878,SIG022,26,0.4058958215823605,1,SUCCESS
GSE106878,SIG022,27,-0.3630771303276495,1,SUCCESS
GSE106878,SIG022,28,0.0856344251189601,1,SUCCESS
GSE106878,SIG022,29,0.5735450995911756,1,SUCCESS
GSE106878,SIG022,30,-0.1962200587784018,1,SUCCESS
GSE106878,SIG022,31,-0.3851834939940522,1,SUCCESS
GSE106878,SIG022,32,-0.2795996502869133,1,SUCCESS
GSE106878,SIG022,33,0.3801503429299523,1,SUCCESS
GSE106878,SIG022,34,-0.5337395467756968,1,SUCCESS
GSE106878,SIG022,35,-0.1269405581861431,1,SUCCESS
GSE106878,SIG022,36,-0.3580580183141775,1,SUCCESS
GSE106878,SIG022,37,-0.4133651710637813,1,SUCCESS
GSE106878,SIG022,38,-0.1878716829830555,1,SUCCESS
GSE106878,SIG022,39,0.0717811733450833,1,SUCCESS
GSE106878,SIG022,40,-0.1164257032695001,1,SUCCESS
GSE106878,SIG022,41,-0.3892325219765702,1,SUCCESS
GSE106878,SIG022,42,-0.3341767908977516,1,SUCCESS
GSE106878,SIG022,43,0.0480542347064502,1,SUCCESS
GSE106878,SIG022,44,-0.1945860683904964,1,SUCCESS
GSE106878,SIG022,45,0.5715274275167012,1,SUCCESS
GSE106878,SIG022,46,-0.0502257249903052,1,SUCCESS
GSE106878,SIG022,47,-0.0323496851340689,1,SUCCESS
GSE106878,SIG022,48,0.8218921491940694,1,SUCCESS
GSE106878,SIG022,49,-0.1066584939554455,1,SUCCESS
GSE106878,SIG022,50,-0.267953777963028,1,SUCCESS
GSE106878,SIG022,51,-0.5904694839997344,1,SUCCESS
GSE106878,SIG022,52,0.4086097674167109,1,SUCCESS
GSE106878,SIG022,53,0.2334197668971428,1,SUCCESS
GSE106878,SIG022,54,0.6638436398022302,1,SUCCESS
GSE106878,SIG022,55,-0.3783267393598964,1,SUCCESS
GSE106878,SIG022,56,0.7976309958441887,1,SUCCESS
GSE106878,SIG022,57,-0.0272118862230566,1,SUCCESS
GSE106878,SIG022,58,-0.1754824166258428,1,SUCCESS
GSE106878,SIG022,59,-0.1199531075139268,1,SUCCESS
GSE106878,SIG022,60,0.5961213801718241,1,SUCCESS
GSE106878,SIG022,61,-0.3841729376764575,1,SUCCESS
GSE106878,SIG022,62,0.3197713425517928,1,SUCCESS
GSE106878,SIG022,63,-0.0419394926403361,1,SUCCESS
GSE106878,SIG022,64,-0.1957368549850929,1,SUCCESS
GSE106878,SIG022,65,0.6109598121001543,1,SUCCESS
GSE106878,SIG022,66,-0.2049874050087346,1,SUCCESS
GSE106878,SIG022,67,0.2046780697562743,1,SUCCESS
GSE106878,SIG022,68,-0.0596916194762149,1,SUCCESS
GSE106878,SIG022,69,0.5395222597082431,1,SUCCESS
GSE106878,SIG022,70,-0.0241414851168469,1,SUCCESS
GSE106878,SIG022,71,-0.7576435208316238,1,SUCCESS
GSE106878,SIG022,72,-0.2282285799880505,1,SUCCESS
GSE106878,SIG022,73,0.6665861777351825,1,SUCCESS
GSE106878,SIG022,74,-0.6665740434079023,1,SUCCESS
GSE106878,SIG022,75,-0.5185027625294452,1,SUCCESS
GSE106878,SIG022,76,0.0648582586225488,1,SUCCESS
GSE106878,SIG022,77,-0.3535365037572751,1,SUCCESS
GSE106878,SIG022,78,0.1648156476310542,1,SUCCESS
GSE106878,SIG022,79,0.2572744107964543,1,SUCCESS
GSE106878,SIG022,80,0.3904191990579447,1,SUCCESS
GSE106878,SIG022,81,-0.3083110048930363,1,SUCCESS
GSE106878,SIG022,82,0.2063736556077076,1,SUCCESS
GSE106878,SIG022,83,0.6223732185064446,1,SUCCESS
GSE106878,SIG022,84,0.5793138469661723,1,SUCCESS
GSE106878,SIG022,85,-0.258799146594468,1,SUCCESS
GSE106878,SIG022,86,-0.2283629249211167,1,SUCCESS
GSE106878,SIG022,87,-0.1384944990929105,1,SUCCESS
GSE106878,SIG022,88,0.1142984096721432,1,SUCCESS
GSE106878,SIG022,89,0.5207304174106058,1,SUCCESS
GSE106878,SIG022,90,0.1761141901709581,1,SUCCESS
GSE106878,SIG022,91,-0.2623006457567713,1,SUCCESS
GSE106878,SIG022,92,0.4655985217663182,1,SUCCESS
GSE106878,SIG022,93,3.959316400248978e-05,1,SUCCESS
GSE106878,SIG022,94,-0.0967657530951992,1,SUCCESS
GSE106878,SIG022,95,0.4630448870968089,1,SUCCESS
GSE106878,SIG022,96,-0.6572449163548265,1,SUCCESS
GSE106878,SIG022,97,-0.3598322050800445,1,SUCCESS
GSE106878,SIG022,98,0.1162338013691508,1,SUCCESS
GSE106878,SIG022,99,0.0827779484232913,1,SUCCESS
GSE106878,SIG022,100,-0.371748819529716,1,SUCCESS
GSE106878,SIG022,101,0.1892224389237852,1,SUCCESS
GSE106878,SIG022,102,-0.1929729506867686,1,SUCCESS
GSE106878,SIG022,103,0.0781511041031388,1,SUCCESS
GSE106878,SIG022,104,-0.271041887417879,1,SUCCESS
GSE106878,SIG022,105,-0.3007057240950683,1,SUCCESS
GSE106878,SIG022,106,-0.0684291927223791,1,SUCCESS
GSE106878,SIG022,107,-0.4216845635189056,1,SUCCESS
GSE106878,SIG022,108,0.3137668298817709,1,SUCCESS
GSE106878,SIG022,109,0.7342523936522011,1,SUCCESS
GSE106878,SIG022,110,-0.3164598551616024,1,SUCCESS
GSE106878,SIG022,111,-0.1221816971802491,1,SUCCESS
GSE106878,SIG022,112,-0.2353376436671404,1,SUCCESS
GSE106878,SIG022,113,-0.4276032037224557,1,SUCCESS
GSE106878,SIG022,114,-0.240113422346446,1,SUCCESS
GSE106878,SIG022,115,0.2607046188832891,1,SUCCESS
GSE106878,SIG022,116,-0.1414399123816514,1,SUCCESS
GSE106878,SIG022,117,0.7430751532138007,1,SUCCESS
GSE106878,SIG022,118,0.1077061696004616,1,SUCCESS
GSE106878,SIG022,119,-0.3538809970246538,1,SUCCESS
GSE106878,SIG022,120,1.0967216949125662,1,SUCCESS
GSE106878,SIG022,121,-0.1121919282317561,1,SUCCESS
GSE106878,SIG022,122,0.115859837319098,1,SUCCESS
GSE106878,SIG022,123,0.4137089457960885,1,SUCCESS
GSE106878,SIG022,124,-0.0322138154595455,1,SUCCESS
GSE106878,SIG022,125,-0.0433110587841604,1,SUCCESS
GSE106878,SIG022,126,0.1021356818921106,1,SUCCESS
GSE106878,SIG022,127,-0.157805749438356,1,SUCCESS
GSE106878,SIG022,128,-0.4991314052431018,1,SUCCESS
GSE106878,SIG022,129,0.4071317923919061,1,SUCCESS
GSE106878,SIG022,130,-0.268967746563422,1,SUCCESS
GSE106878,SIG022,131,0.2776371856760303,1,SUCCESS
GSE106878,SIG022,132,-0.1425974171367847,1,SUCCESS
GSE106878,SIG022,133,-0.5331820964828643,1,SUCCESS
GSE106878,SIG022,134,-0.4415065595612345,1,SUCCESS
GSE106878,SIG022,135,0.0098808300436958,1,SUCCESS
GSE106878,SIG022,136,-0.5096785521484484,1,SUCCESS
GSE106878,SIG022,137,0.304341955192885,1,SUCCESS
GSE106878,SIG022,138,0.5768506775730611,1,SUCCESS
GSE106878,SIG022,139,-0.0470351285763265,1,SUCCESS
GSE106878,SIG022,140,0.2587559949118526,1,SUCCESS
GSE106878,SIG022,141,-0.4563635847444821,1,SUCCESS
GSE106878,SIG022,142,0.2794070775326673,1,SUCCESS
GSE106878,SIG022,143,0.0050210735726275,1,SUCCESS
GSE106878,SIG022,144,0.2620283392801987,1,SUCCESS
GSE106878,SIG022,145,0.1430949792168909,1,SUCCESS
GSE106878,SIG022,146,0.070410836278164,1,SUCCESS
GSE106878,SIG022,147,0.0438452626966474,1,SUCCESS
GSE106878,SIG022,148,-0.1916217829475747,1,SUCCESS
GSE106878,SIG022,149,-0.1270390397719135,1,SUCCESS
GSE106878,SIG022,150,0.5692595667546232,1,SUCCESS
GSE106878,SIG022,151,-0.4405991769752325,1,SUCCESS
GSE106878,SIG022,152,-0.1962212046284825,1,SUCCESS
GSE106878,SIG022,153,-0.0242180782730282,1,SUCCESS
GSE106878,SIG022,154,0.5209688231482263,1,SUCCESS
GSE106878,SIG022,155,0.0712860667957386,1,SUCCESS
GSE106878,SIG022,156,-0.3902467690919776,1,SUCCESS
GSE106878,SIG022,157,-0.0865618824807317,1,SUCCESS
GSE106878,SIG022,158,-0.176218440005511,1,SUCCESS
GSE106878,SIG022,159,-0.0155652253272006,1,SUCCESS
GSE106878,SIG022,160,0.0490969096022245,1,SUCCESS
GSE106878,SIG022,161,-0.224373088191832,1,SUCCESS
GSE106878,SIG022,162,0.3758708037303244,1,SUCCESS
GSE106878,SIG022,163,-0.1548666463173578,1,SUCCESS
GSE106878,SIG022,164,-0.3299645617003304,1,SUCCESS
GSE106878,SIG022,165,-0.5695071783428823,1,SUCCESS
GSE106878,SIG022,166,-0.1956885455826051,1,SUCCESS
GSE106878,SIG022,167,0.0554055180980525,1,SUCCESS
GSE106878,SIG022,168,-0.4676718190201758,1,SUCCESS
GSE106878,SIG022,169,-0.202891214805383,1,SUCCESS
GSE106878,SIG022,170,-0.3307584121787303,1,SUCCESS
GSE106878,SIG022,171,-0.5058998633001861,1,SUCCESS
GSE106878,SIG022,172,0.340739757036761,1,SUCCESS
GSE106878,SIG022,173,0.3671300578666827,1,SUCCESS
GSE106878,SIG022,174,-0.0173198407953588,1,SUCCESS
GSE106878,SIG022,175,-0.559982756049415,1,SUCCESS
GSE106878,SIG022,176,0.3197557506212345,1,SUCCESS
GSE106878,SIG022,177,-0.1132495316064499,1,SUCCESS
GSE106878,SIG022,178,-0.0533867639587162,1,SUCCESS
GSE106878,SIG022,179,0.0094497763936332,1,SUCCESS
GSE106878,SIG022,180,0.1260494046308142,1,SUCCESS
GSE106878,SIG022,181,-0.2184060022315429,1,SUCCESS
GSE106878,SIG022,182,-0.4436019240896949,1,SUCCESS
GSE106878,SIG022,183,0.6329693517256056,1,SUCCESS
GSE106878,SIG022,184,0.5302112208246852,1,SUCCESS
GSE106878,SIG022,185,0.11697376454201,1,SUCCESS
GSE106878,SIG022,186,-0.1810949805828826,1,SUCCESS
GSE106878,SIG022,187,0.4006780042417652,1,SUCCESS
GSE106878,SIG022,188,-0.5898987954482706,1,SUCCESS
GSE106878,SIG022,189,-0.257364606853212,1,SUCCESS
GSE106878,SIG022,190,-0.6582878029173961,1,SUCCESS
GSE106878,SIG022,191,-0.4155098472768214,1,SUCCESS
GSE106878,SIG022,192,-0.4056089844558881,1,SUCCESS
GSE106878,SIG022,193,0.1340373923620056,1,SUCCESS
GSE106878,SIG022,194,-0.6912996149990278,1,SUCCESS
GSE106878,SIG022,195,0.0725690282919008,1,SUCCESS
GSE106878,SIG022,196,-0.140039906535141,1,SUCCESS
GSE106878,SIG022,197,0.2569739577942253,1,SUCCESS
GSE106878,SIG022,198,0.0030878655467433,1,SUCCESS
GSE106878,SIG022,199,-0.640231384058258,1,SUCCESS
GSE106878,SIG022,200,-0.1536699429080519,1,SUCCESS
GSE106878,SIG022,201,-0.3109687027209089,1,SUCCESS
GSE106878,SIG022,202,0.2561933665299847,1,SUCCESS
GSE106878,SIG022,203,-0.0353006929072193,1,SUCCESS
GSE106878,SIG022,204,-0.1264465257045684,1,SUCCESS
GSE106878,SIG022,205,-0.3607164387869725,1,SUCCESS
GSE106878,SIG022,206,0.259245853413511,1,SUCCESS
GSE106878,SIG022,207,-0.5137188037552383,1,SUCCESS
GSE106878,SIG022,208,-0.1266039540567219,1,SUCCESS
GSE106878,SIG022,209,0.1415365522327519,1,SUCCESS
GSE106878,SIG022,210,0.2965288936202074,1,SUCCESS
GSE106878,SIG022,211,0.0054986044029906,1,SUCCESS
GSE106878,SIG022,212,-0.1015045940317838,1,SUCCESS
GSE106878,SIG022,213,-0.1591238015136166,1,SUCCESS
GSE106878,SIG022,214,-0.473597486170935,1,SUCCESS
GSE106878,SIG022,215,-0.2786473206805446,1,SUCCESS
GSE106878,SIG022,216,0.4201254630450265,1,SUCCESS
GSE106878,SIG022,217,0.520644077849303,1,SUCCESS
GSE106878,SIG022,218,0.5664352031015139,1,SUCCESS
GSE106878,SIG022,219,-0.6756194584858239,1,SUCCESS
GSE106878,SIG022,220,0.1202946039931293,1,SUCCESS
GSE106878,SIG022,221,-0.1405200034797955,1,SUCCESS
GSE106878,SIG022,222,0.3201790662999447,1,SUCCESS
GSE106878,SIG022,223,0.1107388522040783,1,SUCCESS
GSE106878,SIG022,224,-0.3410020856455077,1,SUCCESS
GSE106878,SIG022,225,-0.1373131605118317,1,SUCCESS
GSE106878,SIG022,226,-0.3179001954669138,1,SUCCESS
GSE106878,SIG022,227,-0.2627749432829839,1,SUCCESS
GSE106878,SIG022,228,0.4590842519406087,1,SUCCESS
GSE106878,SIG022,229,-0.0530870311302921,1,SUCCESS
GSE106878,SIG022,230,0.2144176799041599,1,SUCCESS
GSE106878,SIG022,231,-0.0155842105001414,1,SUCCESS
GSE106878,SIG022,232,0.3704382189332585,1,SUCCESS
GSE106878,SIG022,233,-0.0814047392061722,1,SUCCESS
GSE106878,SIG022,234,-0.2111294446917508,1,SUCCESS
GSE106878,SIG022,235,-0.1150478639423011,1,SUCCESS
GSE106878,SIG022,236,0.2530866313824931,1,SUCCESS
GSE106878,SIG022,237,0.0879809155001712,1,SUCCESS
GSE106878,SIG022,238,-0.1715691297102864,1,SUCCESS
GSE106878,SIG022,239,-0.2267327876670482,1,SUCCESS
GSE106878,SIG022,240,0.3402585921916976,1,SUCCESS
GSE106878,SIG022,241,-0.2677868741437546,1,SUCCESS
GSE106878,SIG022,242,-0.3702263874478443,1,SUCCESS
GSE106878,SIG022,243,-0.7351895852652415,1,SUCCESS
GSE106878,SIG022,244,-0.169446389276184,1,SUCCESS
GSE106878,SIG022,245,0.3818930491390235,1,SUCCESS
GSE106878,SIG022,246,-0.1580981542310065,1,SUCCESS
GSE106878,SIG022,247,0.5857090786838289,1,SUCCESS
GSE106878,SIG022,248,-0.1436679137537804,1,SUCCESS
GSE106878,SIG022,249,0.0451032872756124,1,SUCCESS
GSE106878,SIG022,250,-0.7365730416762742,1,SUCCESS
GSE106878,SIG022,251,0.1934709321198356,1,SUCCESS
GSE106878,SIG022,252,0.1746042071101725,1,SUCCESS
GSE106878,SIG022,253,0.1366636024102699,1,SUCCESS
GSE106878,SIG022,254,0.5025033739268401,1,SUCCESS
GSE106878,SIG022,255,-0.3912013204952356,1,SUCCESS
GSE106878,SIG022,256,0.8460901426154593,1,SUCCESS
GSE106878,SIG022,257,-0.3104049862852537,1,SUCCESS
GSE106878,SIG022,258,-0.1218759967516435,1,SUCCESS
GSE106878,SIG022,259,-0.4682755257718505,1,SUCCESS
GSE106878,SIG022,260,0.2658069197102704,1,SUCCESS
GSE106878,SIG022,261,-0.1577694021389912,1,SUCCESS
GSE106878,SIG022,262,-0.4081784465970363,1,SUCCESS
GSE106878,SIG022,263,0.0823660783473135,1,SUCCESS
GSE106878,SIG022,264,-0.027075407340431,1,SUCCESS
GSE106878,SIG022,265,-0.1616568897618474,1,SUCCESS
GSE106878,SIG022,266,0.1601069726514514,1,SUCCESS
GSE106878,SIG022,267,-0.1710148410648503,1,SUCCESS
GSE106878,SIG022,268,0.0700487634295159,1,SUCCESS
GSE106878,SIG022,269,-0.083768340492328,1,SUCCESS
GSE106878,SIG022,270,-0.0369958082954015,1,SUCCESS
GSE106878,SIG022,271,-0.2589444734413951,1,SUCCESS
GSE106878,SIG022,272,-0.2809148910328033,1,SUCCESS
GSE106878,SIG022,273,-0.288784559803682,1,SUCCESS
GSE106878,SIG022,274,-0.4223696452491621,1,SUCCESS
GSE106878,SIG022,275,0.0235355420957923,1,SUCCESS
GSE106878,SIG022,276,-0.2797303428501232,1,SUCCESS
GSE106878,SIG022,277,0.7173379523272123,1,SUCCESS
GSE106878,SIG022,278,-0.2380490631562099,1,SUCCESS
GSE106878,SIG022,279,-0.4330334988781827,1,SUCCESS
GSE106878,SIG022,280,-0.0456531245333964,1,SUCCESS
GSE106878,SIG022,281,-0.071769533153408,1,SUCCESS
GSE106878,SIG022,282,-0.4964359123282535,1,SUCCESS
GSE106878,SIG022,283,-0.5446898787748298,1,SUCCESS
GSE106878,SIG022,284,-0.0826260659847098,1,SUCCESS
GSE106878,SIG022,285,0.2422029697147607,1,SUCCESS
GSE106878,SIG022,286,-0.0411526716792471,1,SUCCESS
GSE106878,SIG022,287,0.1682631010796343,1,SUCCESS
GSE106878,SIG022,288,0.315568237377396,1,SUCCESS
GSE106878,SIG022,289,-0.3841512670000975,1,SUCCESS
GSE106878,SIG022,290,0.07993751873993,1,SUCCESS
GSE106878,SIG022,291,-0.0450850478190463,1,SUCCESS
GSE106878,SIG022,292,-0.10654606183842,1,SUCCESS
GSE106878,SIG022,293,-0.0300174834292871,1,SUCCESS
GSE106878,SIG022,294,0.2178989093871874,1,SUCCESS
GSE106878,SIG022,295,-0.0067144602493187,1,SUCCESS
GSE106878,SIG022,296,0.0923234483973414,1,SUCCESS
GSE106878,SIG022,297,0.0335332138982591,1,SUCCESS
GSE106878,SIG022,298,0.0846731223338577,1,SUCCESS
GSE106878,SIG022,299,0.1328498838454471,1,SUCCESS
GSE106878,SIG022,300,0.3351143933486077,1,SUCCESS
GSE106878,SIG022,301,-0.2011291265769202,1,SUCCESS
GSE106878,SIG022,302,0.154830292873512,1,SUCCESS
GSE106878,SIG022,303,-0.3204714108993718,1,SUCCESS
GSE106878,SIG022,304,-0.6066470759125523,1,SUCCESS
GSE106878,SIG022,305,-0.2637002843684983,1,SUCCESS
GSE106878,SIG022,306,-0.1301375377841682,1,SUCCESS
GSE106878,SIG022,307,-0.2562692206213958,1,SUCCESS
GSE106878,SIG022,308,-0.0801449667922918,1,SUCCESS
GSE106878,SIG022,309,-0.0164550575892543,1,SUCCESS
GSE106878,SIG022,310,1.3863479719935003,1,SUCCESS
GSE106878,SIG022,311,-0.1600737770859479,1,SUCCESS
GSE106878,SIG022,312,-0.0944114804289256,1,SUCCESS
GSE106878,SIG022,313,-0.1437259868041823,1,SUCCESS
GSE106878,SIG022,314,-0.0035115072741782,1,SUCCESS
GSE106878,SIG022,315,-0.458394697558337,1,SUCCESS
GSE106878,SIG022,316,-0.1110672784035847,1,SUCCESS
GSE106878,SIG022,317,-0.369730499057386,1,SUCCESS
GSE106878,SIG022,318,0.1566515038531887,1,SUCCESS
GSE106878,SIG022,319,0.8030963059101691,1,SUCCESS
GSE106878,SIG022,320,-0.0520189361264959,1,SUCCESS
GSE106878,SIG022,321,0.0960669445140782,1,SUCCESS
GSE106878,SIG022,322,-0.3886548333319207,1,SUCCESS
GSE106878,SIG022,323,0.398316328482296,1,SUCCESS
GSE106878,SIG022,324,-0.049399531199287,1,SUCCESS
GSE106878,SIG022,325,-0.0868940929999383,1,SUCCESS
GSE106878,SIG022,326,-0.2817515043536849,1,SUCCESS
GSE106878,SIG022,327,0.0254886688500273,1,SUCCESS
GSE106878,SIG022,328,-0.3924602749498733,1,SUCCESS
GSE106878,SIG022,329,0.2726334082354492,1,SUCCESS
GSE106878,SIG022,330,-0.7499685353627391,1,SUCCESS
GSE106878,SIG022,331,0.2361207753249276,1,SUCCESS
GSE106878,SIG022,332,0.100519320864597,1,SUCCESS
GSE106878,SIG022,333,0.5509030853915055,1,SUCCESS
GSE106878,SIG022,334,0.2083510931565935,1,SUCCESS
GSE106878,SIG022,335,-0.3968900820519752,1,SUCCESS
GSE106878,SIG022,336,0.2223733978225109,1,SUCCESS
GSE106878,SIG022,337,-0.1924155053504577,1,SUCCESS
GSE106878,SIG022,338,-0.6137819550451895,1,SUCCESS
GSE106878,SIG022,339,-0.1168224690450905,1,SUCCESS
GSE106878,SIG022,340,0.3497457317306566,1,SUCCESS
GSE106878,SIG022,341,0.2317648028919771,1,SUCCESS
GSE106878,SIG022,342,-0.0084007340973547,1,SUCCESS
GSE106878,SIG022,343,0.575063174379857,1,SUCCESS
GSE106878,SIG022,344,-0.3227941855597227,1,SUCCESS
GSE106878,SIG022,345,-0.5049165692871349,1,SUCCESS
GSE106878,SIG022,346,0.1841128014358049,1,SUCCESS
GSE106878,SIG022,347,-0.305449891039081,1,SUCCESS
GSE106878,SIG022,348,-0.2436513195089756,1,SUCCESS
GSE106878,SIG022,349,-0.2015435369184688,1,SUCCESS
GSE106878,SIG022,350,0.1970935754927003,1,SUCCESS
GSE106878,SIG022,351,0.4634982014193994,1,SUCCESS
GSE106878,SIG022,352,-0.2486621674801906,1,SUCCESS
GSE106878,SIG022,353,0.7624950841261607,1,SUCCESS
GSE106878,SIG022,354,-0.0941832336247063,1,SUCCESS
GSE106878,SIG022,355,0.1619489253708919,1,SUCCESS
GSE106878,SIG022,356,-0.37696952537126,1,SUCCESS
GSE106878,SIG022,357,0.044747414805093,1,SUCCESS
GSE106878,SIG022,358,-0.1612012705870285,1,SUCCESS
GSE106878,SIG022,359,0.4076422607308699,1,SUCCESS
GSE106878,SIG022,360,0.0820155209531021,1,SUCCESS
GSE106878,SIG022,361,0.3138981834833474,1,SUCCESS
GSE106878,SIG022,362,-0.533598347786209,1,SUCCESS
GSE106878,SIG022,363,0.695458015666261,1,SUCCESS
GSE106878,SIG022,364,0.5125417401210298,1,SUCCESS
GSE106878,SIG022,365,-0.1419360264882545,1,SUCCESS
GSE106878,SIG022,366,0.048798835960081,1,SUCCESS
GSE106878,SIG022,367,0.1735599349992043,1,SUCCESS
GSE106878,SIG022,368,-0.4136035436602471,1,SUCCESS
GSE106878,SIG022,369,-0.1216786337894724,1,SUCCESS
GSE106878,SIG022,370,-0.2278794056989702,1,SUCCESS
GSE106878,SIG022,371,0.1288894654633503,1,SUCCESS
GSE106878,SIG022,372,-0.0515986481200995,1,SUCCESS
GSE106878,SIG022,373,-0.4582625605835633,1,SUCCESS
GSE106878,SIG022,374,-0.0539629668989312,1,SUCCESS
GSE106878,SIG022,375,-0.0255579685854069,1,SUCCESS
GSE106878,SIG022,376,-0.1129881701190154,1,SUCCESS
GSE106878,SIG022,377,0.1108085265518877,1,SUCCESS
GSE106878,SIG022,378,0.6689573520617883,1,SUCCESS
GSE106878,SIG022,379,-0.4096722644329729,1,SUCCESS
GSE106878,SIG022,380,-0.4160056044365895,1,SUCCESS
GSE106878,SIG022,381,-0.106474240370342,1,SUCCESS
GSE106878,SIG022,382,-0.0312108214636206,1,SUCCESS
GSE106878,SIG022,383,-0.0812621678812532,1,SUCCESS
GSE106878,SIG022,384,-0.2876521155779172,1,SUCCESS
GSE106878,SIG022,385,0.236819359770766,1,SUCCESS
GSE106878,SIG022,386,-0.4023917583455899,1,SUCCESS
GSE106878,SIG022,387,-0.4166336049873383,1,SUCCESS
GSE106878,SIG022,388,-0.2323052573675012,1,SUCCESS
GSE106878,SIG022,389,-0.1643678916449768,1,SUCCESS
GSE106878,SIG022,390,-0.0475134514876588,1,SUCCESS
GSE106878,SIG022,391,-0.110043418548588,1,SUCCESS
GSE106878,SIG022,392,-0.0292326734870026,1,SUCCESS
GSE106878,SIG022,393,-0.5939005576138843,1,SUCCESS
GSE106878,SIG022,394,0.6835312319531786,1,SUCCESS
GSE106878,SIG022,395,0.308029211334753,1,SUCCESS
GSE106878,SIG022,396,0.5287884751664508,1,SUCCESS
GSE106878,SIG022,397,0.3297319715758037,1,SUCCESS
GSE106878,SIG022,398,0.2346009732531721,1,SUCCESS
GSE106878,SIG022,399,0.1570254853766063,1,SUCCESS
GSE106878,SIG022,400,-0.0680432291869384,1,SUCCESS
GSE106878,SIG022,401,-0.3426185152647106,1,SUCCESS
GSE106878,SIG022,402,0.4276224276747054,1,SUCCESS
GSE106878,SIG022,403,-0.181813830018596,1,SUCCESS
GSE106878,SIG022,404,-0.2591169577303864,1,SUCCESS
GSE106878,SIG022,405,-0.1211305292273246,1,SUCCESS
GSE106878,SIG022,406,-0.1239943867249107,1,SUCCESS
GSE106878,SIG022,407,-0.197089115267348,1,SUCCESS
GSE106878,SIG022,408,0.4915547346559074,1,SUCCESS
GSE106878,SIG022,409,-0.6982096148411109,1,SUCCESS
GSE106878,SIG022,410,0.3026994277709429,1,SUCCESS
GSE106878,SIG022,411,0.0694296308573721,1,SUCCESS
GSE106878,SIG022,412,0.0972879829094672,1,SUCCESS
GSE106878,SIG022,413,0.3834208017104389,1,SUCCESS
GSE106878,SIG022,414,-0.0984159238623375,1,SUCCESS
GSE106878,SIG022,415,-0.2978654046882459,1,SUCCESS
GSE106878,SIG022,416,0.4719583399221668,1,SUCCESS
GSE106878,SIG022,417,0.1680505991649394,1,SUCCESS
GSE106878,SIG022,418,0.2305358655399056,1,SUCCESS
GSE106878,SIG022,419,-0.2732895253977755,1,SUCCESS
GSE106878,SIG022,420,0.3207698328593958,1,SUCCESS
GSE106878,SIG022,421,-0.0187051014031461,1,SUCCESS
GSE106878,SIG022,422,-0.289079153016708,1,SUCCESS
GSE106878,SIG022,423,-0.7639704279999348,1,SUCCESS
GSE106878,SIG022,424,0.0856580583592397,1,SUCCESS
GSE106878,SIG022,425,-0.6321965547255342,1,SUCCESS
GSE106878,SIG022,426,-0.18482425429982,1,SUCCESS
GSE106878,SIG022,427,-0.7097116229929934,1,SUCCESS
GSE106878,SIG022,428,0.4942493078999486,1,SUCCESS
GSE106878,SIG022,429,0.195748950204646,1,SUCCESS
GSE106878,SIG022,430,0.7264451114896535,1,SUCCESS
GSE106878,SIG022,431,-0.2221592276086972,1,SUCCESS
GSE106878,SIG022,432,0.1701987976102377,1,SUCCESS
GSE106878,SIG022,433,0.2851898905055974,1,SUCCESS
GSE106878,SIG022,434,0.4289109483733541,1,SUCCESS
GSE106878,SIG022,435,0.2981661485974283,1,SUCCESS
GSE106878,SIG022,436,-0.3371972206502386,1,SUCCESS
GSE106878,SIG022,437,0.1899184010431032,1,SUCCESS
GSE106878,SIG022,438,0.1039142924553884,1,SUCCESS
GSE106878,SIG022,439,-0.0766324269577045,1,SUCCESS
GSE106878,SIG022,440,-0.2845624440778269,1,SUCCESS
GSE106878,SIG022,441,0.5730483670269603,1,SUCCESS
GSE106878,SIG022,442,-0.0172461678239749,1,SUCCESS
GSE106878,SIG022,443,0.3140073816735483,1,SUCCESS
GSE106878,SIG022,444,-0.2470653750575748,1,SUCCESS
GSE106878,SIG022,445,-0.3662670777899325,1,SUCCESS
GSE106878,SIG022,446,-0.2229207261620712,1,SUCCESS
GSE106878,SIG022,447,-0.5400331394819399,1,SUCCESS
GSE106878,SIG022,448,-0.439851030120246,1,SUCCESS
GSE106878,SIG022,449,-0.0299693355025379,1,SUCCESS
GSE106878,SIG022,450,-0.1505211218508931,1,SUCCESS
GSE106878,SIG022,451,-0.0183640517872014,1,SUCCESS
GSE106878,SIG022,452,-0.1312482195844503,1,SUCCESS
GSE106878,SIG022,453,-0.2208062560102044,1,SUCCESS
GSE106878,SIG022,454,0.34677009538877,1,SUCCESS
GSE106878,SIG022,455,-0.5281783131163095,1,SUCCESS
GSE106878,SIG022,456,0.0477104411302413,1,SUCCESS
GSE106878,SIG022,457,-0.399288534216912,1,SUCCESS
GSE106878,SIG022,458,-0.1449348354840171,1,SUCCESS
GSE106878,SIG022,459,-0.0291079415406082,1,SUCCESS
GSE106878,SIG022,460,-0.1124394642213881,1,SUCCESS
GSE106878,SIG022,461,-0.1060257797203119,1,SUCCESS
GSE106878,SIG022,462,0.1865846764292378,1,SUCCESS
GSE106878,SIG022,463,0.5462243459829657,1,SUCCESS
GSE106878,SIG022,464,-0.2694094261401586,1,SUCCESS
GSE106878,SIG022,465,0.0458810535377061,1,SUCCESS
GSE106878,SIG022,466,0.3565812741011309,1,SUCCESS
GSE106878,SIG022,467,-0.1560633115980008,1,SUCCESS
GSE106878,SIG022,468,-0.3302905655179819,1,SUCCESS
GSE106878,SIG022,469,0.250606478395977,1,SUCCESS
GSE106878,SIG022,470,-0.022781066965998,1,SUCCESS
GSE106878,SIG022,471,0.0573302761430368,1,SUCCESS
GSE106878,SIG022,472,-0.3600658551700006,1,SUCCESS
GSE106878,SIG022,473,-0.4748170597463835,1,SUCCESS
GSE106878,SIG022,474,0.0776814748129067,1,SUCCESS
GSE106878,SIG022,475,0.3072429631785442,1,SUCCESS
GSE106878,SIG022,476,0.2287815119330146,1,SUCCESS
GSE106878,SIG022,477,0.4713045623478265,1,SUCCESS
GSE106878,SIG022,478,-0.0833220422304479,1,SUCCESS
GSE106878,SIG022,479,-0.4941403546975232,1,SUCCESS
GSE106878,SIG022,480,-0.2646553936856841,1,SUCCESS
GSE106878,SIG022,481,0.4477427738710319,1,SUCCESS
GSE106878,SIG022,482,0.1831373274059691,1,SUCCESS
GSE106878,SIG022,483,-0.0111503403376512,1,SUCCESS
GSE106878,SIG022,484,-0.0815466744188565,1,SUCCESS
GSE106878,SIG022,485,0.8754372263899227,1,SUCCESS
GSE106878,SIG022,486,-0.2647498253797066,1,SUCCESS
GSE106878,SIG022,487,-0.398594364134043,1,SUCCESS
GSE106878,SIG022,488,-0.1431185913574662,1,SUCCESS
GSE106878,SIG022,489,-0.1891275970541547,1,SUCCESS
GSE106878,SIG022,490,0.5695789990013009,1,SUCCESS
GSE106878,SIG022,491,0.4368338534531469,1,SUCCESS
GSE106878,SIG022,492,0.3345691838387462,1,SUCCESS
GSE106878,SIG022,493,-0.0772097782947391,1,SUCCESS
GSE106878,SIG022,494,0.1901206681530268,1,SUCCESS
GSE106878,SIG022,495,-0.1215401226598863,1,SUCCESS
GSE106878,SIG022,496,0.0444243021068457,1,SUCCESS
GSE106878,SIG022,497,-0.2475526338658209,1,SUCCESS
GSE106878,SIG022,498,0.4286374675763799,1,SUCCESS
GSE106878,SIG022,499,-0.0044042062288903,1,SUCCESS
GSE106878,SIG022,500,0.0559519263034659,1,SUCCESS
GSE106878,SIG022,501,-0.179896263472356,1,SUCCESS
GSE106878,SIG022,502,0.9086476302261028,1,SUCCESS
GSE106878,SIG022,503,0.2651576761592501,1,SUCCESS
GSE106878,SIG022,504,-0.2942366750955318,1,SUCCESS
GSE106878,SIG022,505,-0.0407597790442579,1,SUCCESS
GSE106878,SIG022,506,0.0242510674056568,1,SUCCESS
GSE106878,SIG022,507,-0.1029503539159911,1,SUCCESS
GSE106878,SIG022,508,-0.1464433594127058,1,SUCCESS
GSE106878,SIG022,509,0.7977586974179048,1,SUCCESS
GSE106878,SIG022,510,-0.6309751761224528,1,SUCCESS
GSE106878,SIG022,511,0.1251077405831733,1,SUCCESS
GSE106878,SIG022,512,-0.5681336175404229,1,SUCCESS
GSE106878,SIG022,513,0.0378156411461265,1,SUCCESS
GSE106878,SIG022,514,0.3646236003666694,1,SUCCESS
GSE106878,SIG022,515,-0.1366447286959376,1,SUCCESS
GSE106878,SIG022,516,0.5963688394117538,1,SUCCESS
GSE106878,SIG022,517,-0.3568635022211345,1,SUCCESS
GSE106878,SIG022,518,-0.241612163327384,1,SUCCESS
GSE106878,SIG022,519,0.0920193217087801,1,SUCCESS
GSE106878,SIG022,520,0.8267130940238888,1,SUCCESS
GSE106878,SIG022,521,-0.2262934020281483,1,SUCCESS
GSE106878,SIG022,522,-0.0243917514983224,1,SUCCESS
GSE106878,SIG022,523,0.0545032748430146,1,SUCCESS
GSE106878,SIG022,524,-0.1127081887102352,1,SUCCESS
GSE106878,SIG022,525,-0.1829900277291578,1,SUCCESS
GSE106878,SIG022,526,0.4874643223760568,1,SUCCESS
GSE106878,SIG022,527,0.0737592453385559,1,SUCCESS
GSE106878,SIG022,528,-0.0488689364954849,1,SUCCESS
GSE106878,SIG022,529,0.14336973644834,1,SUCCESS
GSE106878,SIG022,530,0.1280270601718569,1,SUCCESS
GSE106878,SIG022,531,0.4036304868774781,1,SUCCESS
GSE106878,SIG022,532,0.0064478440825477,1,SUCCESS
GSE106878,SIG022,533,0.1256882810215064,1,SUCCESS
GSE106878,SIG022,534,-0.1627131186783773,1,SUCCESS
GSE106878,SIG022,535,-0.2595591631323762,1,SUCCESS
GSE106878,SIG022,536,0.487543963038767,1,SUCCESS
GSE106878,SIG022,537,0.7197532510930617,1,SUCCESS
GSE106878,SIG022,538,0.3569148919324821,1,SUCCESS
GSE106878,SIG022,539,-0.1367014298793212,1,SUCCESS
GSE106878,SIG022,540,-0.1042930176440506,1,SUCCESS
GSE106878,SIG022,541,-0.2420717060893799,1,SUCCESS
GSE106878,SIG022,542,0.6239979589173691,1,SUCCESS
GSE106878,SIG022,543,-0.2474217910940543,1,SUCCESS
GSE106878,SIG022,544,0.1883026044952599,1,SUCCESS
GSE106878,SIG022,545,-0.5468090695130692,1,SUCCESS
GSE106878,SIG022,546,-0.1032755742144428,1,SUCCESS
GSE106878,SIG022,547,0.2253401332032598,1,SUCCESS
GSE106878,SIG022,548,-0.2398746848774654,1,SUCCESS
GSE106878,SIG022,549,-0.4137753161805371,1,SUCCESS
GSE106878,SIG022,550,-0.1431097300755246,1,SUCCESS
GSE106878,SIG022,551,0.5847899262483819,1,SUCCESS
GSE106878,SIG022,552,0.2255530232243338,1,SUCCESS
GSE106878,SIG022,553,0.0460050827391289,1,SUCCESS
GSE106878,SIG022,554,-0.1159665137905886,1,SUCCESS
GSE106878,SIG022,555,0.3256578854351367,1,SUCCESS
GSE106878,SIG022,556,-0.0326926802171588,1,SUCCESS
GSE106878,SIG022,557,0.3233797897497059,1,SUCCESS
GSE106878,SIG022,558,-0.5111666364514703,1,SUCCESS
GSE106878,SIG022,559,0.3040843049849092,1,SUCCESS
GSE106878,SIG022,560,0.3478321935312996,1,SUCCESS
GSE106878,SIG022,561,0.2839487217551389,1,SUCCESS
GSE106878,SIG022,562,0.3242345516078501,1,SUCCESS
GSE106878,SIG022,563,-0.5119627765602544,1,SUCCESS
GSE106878,SIG022,564,0.4341220753363246,1,SUCCESS
GSE106878,SIG022,565,-0.1439584513707584,1,SUCCESS
GSE106878,SIG022,566,0.3160476733786251,1,SUCCESS
GSE106878,SIG022,567,-0.2295691259946624,1,SUCCESS
GSE106878,SIG022,568,-0.7868203900088833,1,SUCCESS
GSE106878,SIG022,569,-0.4245225189372639,1,SUCCESS
GSE106878,SIG022,570,0.5387296370937772,1,SUCCESS
GSE106878,SIG022,571,0.4369879635546609,1,SUCCESS
GSE106878,SIG022,572,0.5537608792047143,1,SUCCESS
GSE106878,SIG022,573,-0.1414696061754948,1,SUCCESS
GSE106878,SIG022,574,0.6358590230909903,1,SUCCESS
GSE106878,SIG022,575,0.4131285942762756,1,SUCCESS
GSE106878,SIG022,576,0.0490443690758263,1,SUCCESS
GSE106878,SIG022,577,0.0261321389009901,1,SUCCESS
GSE106878,SIG022,578,-0.1129382521956008,1,SUCCESS
GSE106878,SIG022,579,0.2522238991996587,1,SUCCESS
GSE106878,SIG022,580,-0.2452714770797525,1,SUCCESS
GSE106878,SIG022,581,0.1872593606285645,1,SUCCESS
GSE106878,SIG022,582,0.1294497335422237,1,SUCCESS
GSE106878,SIG022,583,0.0660280792778669,1,SUCCESS
GSE106878,SIG022,584,0.7294557956126827,1,SUCCESS
GSE106878,SIG022,585,-0.1354255746943207,1,SUCCESS
GSE106878,SIG022,586,0.0535326617356956,1,SUCCESS
GSE106878,SIG022,587,0.5022380709250226,1,SUCCESS
GSE106878,SIG022,588,0.2912249438041519,1,SUCCESS
GSE106878,SIG022,589,-0.5335505059782443,1,SUCCESS
GSE106878,SIG022,590,-0.1134295407420388,1,SUCCESS
GSE106878,SIG022,591,0.1275609830322956,1,SUCCESS
GSE106878,SIG022,592,0.1648201961774677,1,SUCCESS
GSE106878,SIG022,593,-0.3613757603460045,1,SUCCESS
GSE106878,SIG022,594,-0.5264656648353564,1,SUCCESS
GSE106878,SIG022,595,-0.4446645340424388,1,SUCCESS
GSE106878,SIG022,596,-0.2028274671422059,1,SUCCESS
GSE106878,SIG022,597,-0.0053102809208768,1,SUCCESS
GSE106878,SIG022,598,-0.3834053364987596,1,SUCCESS
GSE106878,SIG022,599,0.3687279103238904,1,SUCCESS
GSE106878,SIG022,600,-0.0630826148720676,1,SUCCESS
GSE106878,SIG022,601,-0.1772461476724196,1,SUCCESS
GSE106878,SIG022,602,-0.0364192028157562,1,SUCCESS
GSE106878,SIG022,603,0.2292228742056055,1,SUCCESS
GSE106878,SIG022,604,0.7386182874604881,1,SUCCESS
GSE106878,SIG022,605,0.013897289520681,1,SUCCESS
GSE106878,SIG022,606,0.2119490681721565,1,SUCCESS
GSE106878,SIG022,607,0.1814654053265414,1,SUCCESS
GSE106878,SIG022,608,-0.1761804454645948,1,SUCCESS
GSE106878,SIG022,609,0.1752117459390063,1,SUCCESS
GSE106878,SIG022,610,-0.194447747126254,1,SUCCESS
GSE106878,SIG022,611,0.0054504173025443,1,SUCCESS
GSE106878,SIG022,612,0.476137273541414,1,SUCCESS
GSE106878,SIG022,613,-0.2337637213658117,1,SUCCESS
GSE106878,SIG022,614,-0.2306660115793705,1,SUCCESS
GSE106878,SIG022,615,-0.2288309846930077,1,SUCCESS
GSE106878,SIG022,616,-0.0352731711471718,1,SUCCESS
GSE106878,SIG022,617,-0.3192754226628826,1,SUCCESS
GSE106878,SIG022,618,0.3953051660373464,1,SUCCESS
GSE106878,SIG022,619,0.470417304675634,1,SUCCESS
GSE106878,SIG022,620,-0.147782726016163,1,SUCCESS
GSE106878,SIG022,621,0.0922953595202908,1,SUCCESS
GSE106878,SIG022,622,0.1857389354885624,1,SUCCESS
GSE106878,SIG022,623,0.111596695805737,1,SUCCESS
GSE106878,SIG022,624,0.3779574548885658,1,SUCCESS
GSE106878,SIG022,625,-0.2242857227138734,1,SUCCESS
GSE106878,SIG022,626,-0.4945037035011758,1,SUCCESS
GSE106878,SIG022,627,0.0461518026451301,1,SUCCESS
GSE106878,SIG022,628,-0.352981500143705,1,SUCCESS
GSE106878,SIG022,629,0.2893846699424028,1,SUCCESS
GSE106878,SIG022,630,-0.3290228989394055,1,SUCCESS
GSE106878,SIG022,631,-0.0082267243483914,1,SUCCESS
GSE106878,SIG022,632,-0.0238113976990702,1,SUCCESS
GSE106878,SIG022,633,0.6395505305403559,1,SUCCESS
GSE106878,SIG022,634,-0.0122341411418513,1,SUCCESS
GSE106878,SIG022,635,0.2761308854625797,1,SUCCESS
GSE106878,SIG022,636,-0.3243957078959675,1,SUCCESS
GSE106878,SIG022,637,0.1345691883605541,1,SUCCESS
GSE106878,SIG022,638,0.375373874838554,1,SUCCESS
GSE106878,SIG022,639,0.3290925137048566,1,SUCCESS
GSE106878,SIG022,640,-0.0126679555191962,1,SUCCESS
GSE106878,SIG022,641,-0.4819657274645213,1,SUCCESS
GSE106878,SIG022,642,-0.1189088543872708,1,SUCCESS
GSE106878,SIG022,643,-0.0045647865451033,1,SUCCESS
GSE106878,SIG022,644,0.4941746383052057,1,SUCCESS
GSE106878,SIG022,645,0.1916605540841085,1,SUCCESS
GSE106878,SIG022,646,-0.170221372188802,1,SUCCESS
GSE106878,SIG022,647,0.185217615705861,1,SUCCESS
GSE106878,SIG022,648,0.0629320276090551,1,SUCCESS
GSE106878,SIG022,649,0.3852890223406039,1,SUCCESS
GSE106878,SIG022,650,0.6940162534163501,1,SUCCESS
GSE106878,SIG022,651,-0.6039970483546254,1,SUCCESS
GSE106878,SIG022,652,-0.6935968750033062,1,SUCCESS
GSE106878,SIG022,653,-0.5830846753607904,1,SUCCESS
GSE106878,SIG022,654,0.1215656359187753,1,SUCCESS
GSE106878,SIG022,655,0.1524947644202229,1,SUCCESS
GSE106878,SIG022,656,-0.09251296039629,1,SUCCESS
GSE106878,SIG022,657,-0.0825010365437318,1,SUCCESS
GSE106878,SIG022,658,-0.0409676214287405,1,SUCCESS
GSE106878,SIG022,659,-0.2991338772613533,1,SUCCESS
GSE106878,SIG022,660,-0.4302881045574144,1,SUCCESS
GSE106878,SIG022,661,-0.0915491123198791,1,SUCCESS
GSE106878,SIG022,662,-0.4563148891548087,1,SUCCESS
GSE106878,SIG022,663,-0.1850729213759698,1,SUCCESS
GSE106878,SIG022,664,0.0730305568998675,1,SUCCESS
GSE106878,SIG022,665,0.0592777373919908,1,SUCCESS
GSE106878,SIG022,666,-0.1922161962559836,1,SUCCESS
GSE106878,SIG022,667,0.5805174156830692,1,SUCCESS
GSE106878,SIG022,668,0.4459483473745659,1,SUCCESS
GSE106878,SIG022,669,-0.240092099885466,1,SUCCESS
GSE106878,SIG022,670,-0.2942693394586666,1,SUCCESS
GSE106878,SIG022,671,-0.5004735761129854,1,SUCCESS
GSE106878,SIG022,672,0.0820635061055463,1,SUCCESS
GSE106878,SIG022,673,0.2783969207572231,1,SUCCESS
GSE106878,SIG022,674,-0.1860274198262824,1,SUCCESS
GSE106878,SIG022,675,-0.1667530594298351,1,SUCCESS
GSE106878,SIG022,676,0.0722286584464821,1,SUCCESS
GSE106878,SIG022,677,-0.1107861230481845,1,SUCCESS
GSE106878,SIG022,678,0.0819298913203552,1,SUCCESS
GSE106878,SIG022,679,-0.5016622953678932,1,SUCCESS
GSE106878,SIG022,680,-0.1140642505860354,1,SUCCESS
GSE106878,SIG022,681,0.298710346531208,1,SUCCESS
GSE106878,SIG022,682,0.0052216916843299,1,SUCCESS
GSE106878,SIG022,683,-0.3991759879114541,1,SUCCESS
GSE106878,SIG022,684,0.2236674815851941,1,SUCCESS
GSE106878,SIG022,685,-0.472597137780992,1,SUCCESS
GSE106878,SIG022,686,0.6271945596375699,1,SUCCESS
GSE106878,SIG022,687,0.7208833042104562,1,SUCCESS
GSE106878,SIG022,688,-0.0813704689810037,1,SUCCESS
GSE106878,SIG022,689,-0.082018243339485,1,SUCCESS
GSE106878,SIG022,690,0.0618498195361305,1,SUCCESS
GSE106878,SIG022,691,-0.2561586495768548,1,SUCCESS
GSE106878,SIG022,692,-0.2914361267266653,1,SUCCESS
GSE106878,SIG022,693,-0.100385249936607,1,SUCCESS
GSE106878,SIG022,694,0.3439420268316114,1,SUCCESS
GSE106878,SIG022,695,-0.6320218740106098,1,SUCCESS
GSE106878,SIG022,696,0.6527609866831691,1,SUCCESS
GSE106878,SIG022,697,-0.3502946724679947,1,SUCCESS
GSE106878,SIG022,698,-0.6749747127921232,1,SUCCESS
GSE106878,SIG022,699,-0.0157543186567944,1,SUCCESS
GSE106878,SIG022,700,-0.0578218958718038,1,SUCCESS
GSE106878,SIG022,701,0.3714892000413771,1,SUCCESS
GSE106878,SIG022,702,-0.3189358991693776,1,SUCCESS
GSE106878,SIG022,703,-0.3272504648163883,1,SUCCESS
GSE106878,SIG022,704,0.3162886791677293,1,SUCCESS
GSE106878,SIG022,705,-0.2678519370506175,1,SUCCESS
GSE106878,SIG022,706,-0.4698555338649882,1,SUCCESS
GSE106878,SIG022,707,0.1388395955204516,1,SUCCESS
GSE106878,SIG022,708,0.410164084730874,1,SUCCESS
GSE106878,SIG022,709,0.009172235135937,1,SUCCESS
GSE106878,SIG022,710,-0.5972545851351808,1,SUCCESS
GSE106878,SIG022,711,0.0567994796570548,1,SUCCESS
GSE106878,SIG022,712,0.2121596969990002,1,SUCCESS
GSE106878,SIG022,713,0.313834823890931,1,SUCCESS
GSE106878,SIG022,714,-0.1703090221258614,1,SUCCESS
GSE106878,SIG022,715,0.0808558025178595,1,SUCCESS
GSE106878,SIG022,716,0.4737603008711482,1,SUCCESS
GSE106878,SIG022,717,0.5834079820389613,1,SUCCESS
GSE106878,SIG022,718,-0.050075313915317,1,SUCCESS
GSE106878,SIG022,719,-0.2576995779738546,1,SUCCESS
GSE106878,SIG022,720,-0.0723352400294216,1,SUCCESS
GSE106878,SIG022,721,-0.0101266577054207,1,SUCCESS
GSE106878,SIG022,722,-0.4872628961075295,1,SUCCESS
GSE106878,SIG022,723,-0.1061596456626489,1,SUCCESS
GSE106878,SIG022,724,-0.4288835357653341,1,SUCCESS
GSE106878,SIG022,725,-0.4191408472457908,1,SUCCESS
GSE106878,SIG022,726,0.1434924060952165,1,SUCCESS
GSE106878,SIG022,727,-0.0044877511249539,1,SUCCESS
GSE106878,SIG022,728,-0.1527027419032439,1,SUCCESS
GSE106878,SIG022,729,0.2282293801098994,1,SUCCESS
GSE106878,SIG022,730,-0.3488283896529415,1,SUCCESS
GSE106878,SIG022,731,-0.1166374642604402,1,SUCCESS
GSE106878,SIG022,732,-0.4384279112592416,1,SUCCESS
GSE106878,SIG022,733,-0.4642594228555193,1,SUCCESS
GSE106878,SIG022,734,-0.0963488833949925,1,SUCCESS
GSE106878,SIG022,735,-0.3436189194630342,1,SUCCESS
GSE106878,SIG022,736,-0.3369233094469658,1,SUCCESS
GSE106878,SIG022,737,-0.4532788672945793,1,SUCCESS
GSE106878,SIG022,738,-0.2121915515334628,1,SUCCESS
GSE106878,SIG022,739,-0.0235438863021567,1,SUCCESS
GSE106878,SIG022,740,0.2374460044197005,1,SUCCESS
GSE106878,SIG022,741,0.1578533460042998,1,SUCCESS
GSE106878,SIG022,742,0.5404128013721037,1,SUCCESS
GSE106878,SIG022,743,0.1467325079659646,1,SUCCESS
GSE106878,SIG022,744,0.2438525761848014,1,SUCCESS
GSE106878,SIG022,745,-0.1587675756465268,1,SUCCESS
GSE106878,SIG022,746,-0.3284923610531264,1,SUCCESS
GSE106878,SIG022,747,0.4961704857258835,1,SUCCESS
GSE106878,SIG022,748,-0.0584954137818517,1,SUCCESS
GSE106878,SIG022,749,-0.5587731677805946,1,SUCCESS
GSE106878,SIG022,750,-0.2449424058418406,1,SUCCESS
GSE106878,SIG022,751,0.5082493943193155,1,SUCCESS
GSE106878,SIG022,752,0.5998100597101081,1,SUCCESS
GSE106878,SIG022,753,0.1769654031985588,1,SUCCESS
GSE106878,SIG022,754,0.3081840898850316,1,SUCCESS
GSE106878,SIG022,755,-0.4068636424715525,1,SUCCESS
GSE106878,SIG022,756,-0.2523859934999842,1,SUCCESS
GSE106878,SIG022,757,0.3307282922048012,1,SUCCESS
GSE106878,SIG022,758,0.0187841022681377,1,SUCCESS
GSE106878,SIG022,759,0.3177627223583048,1,SUCCESS
GSE106878,SIG022,760,0.3805744480658516,1,SUCCESS
GSE106878,SIG022,761,-0.4686239148653193,1,SUCCESS
GSE106878,SIG022,762,0.0904766239856655,1,SUCCESS
GSE106878,SIG022,763,-0.49132179165589,1,SUCCESS
GSE106878,SIG022,764,-0.4113874923416227,1,SUCCESS
GSE106878,SIG022,765,0.5781207020851618,1,SUCCESS
GSE106878,SIG022,766,0.3969244148205286,1,SUCCESS
GSE106878,SIG022,767,-0.0811257056612441,1,SUCCESS
GSE106878,SIG022,768,0.1628034547152556,1,SUCCESS
GSE106878,SIG022,769,-0.73646665223475,1,SUCCESS
GSE106878,SIG022,770,-0.1918347177059929,1,SUCCESS
GSE106878,SIG022,771,0.0375071273078024,1,SUCCESS
GSE106878,SIG022,772,0.030282320939058,1,SUCCESS
GSE106878,SIG022,773,-0.0055251503072129,1,SUCCESS
GSE106878,SIG022,774,-0.2448009888718655,1,SUCCESS
GSE106878,SIG022,775,-0.118539126374906,1,SUCCESS
GSE106878,SIG022,776,0.0545906490556122,1,SUCCESS
GSE106878,SIG022,777,-0.6500539171482481,1,SUCCESS
GSE106878,SIG022,778,-0.3161669154898589,1,SUCCESS
GSE106878,SIG022,779,-0.1268669812012336,1,SUCCESS
GSE106878,SIG022,780,0.0765163824225854,1,SUCCESS
GSE106878,SIG022,781,0.3326065259358977,1,SUCCESS
GSE106878,SIG022,782,0.345570832584171,1,SUCCESS
GSE106878,SIG022,783,-0.2051036468168108,1,SUCCESS
GSE106878,SIG022,784,0.0715176069776786,1,SUCCESS
GSE106878,SIG022,785,-0.471695744525357,1,SUCCESS
GSE106878,SIG022,786,0.1870965499884427,1,SUCCESS
GSE106878,SIG022,787,-0.6482650758506243,1,SUCCESS
GSE106878,SIG022,788,0.3019198184845139,1,SUCCESS
GSE106878,SIG022,789,0.1243031705361263,1,SUCCESS
GSE106878,SIG022,790,0.155616770691123,1,SUCCESS
GSE106878,SIG022,791,0.5102171353083094,1,SUCCESS
GSE106878,SIG022,792,-0.41681258580359,1,SUCCESS
GSE106878,SIG022,793,-0.2588465857141144,1,SUCCESS
GSE106878,SIG022,794,-0.0648305091917803,1,SUCCESS
GSE106878,SIG022,795,-0.1019339314259167,1,SUCCESS
GSE106878,SIG022,796,0.1228604432498999,1,SUCCESS
GSE106878,SIG022,797,-0.0702896971159913,1,SUCCESS
GSE106878,SIG022,798,-0.4008234285539123,1,SUCCESS
GSE106878,SIG022,799,0.4688893973212643,1,SUCCESS
GSE106878,SIG022,800,-0.480832503862124,1,SUCCESS
GSE106878,SIG022,801,0.5969088169971253,1,SUCCESS
GSE106878,SIG022,802,-0.1021398517734138,1,SUCCESS
GSE106878,SIG022,803,0.3979970995013265,1,SUCCESS
GSE106878,SIG022,804,-1.0155783516684096,1,SUCCESS
GSE106878,SIG022,805,-0.1219098669926563,1,SUCCESS
GSE106878,SIG022,806,0.8692004842387406,1,SUCCESS
GSE106878,SIG022,807,-0.2208045422947264,1,SUCCESS
GSE106878,SIG022,808,0.6414980274131095,1,SUCCESS
GSE106878,SIG022,809,0.0317227587127964,1,SUCCESS
GSE106878,SIG022,810,-0.1600927942592041,1,SUCCESS
GSE106878,SIG022,811,0.209775999974476,1,SUCCESS
GSE106878,SIG022,812,0.4587516931556017,1,SUCCESS
GSE106878,SIG022,813,-0.3047552075451887,1,SUCCESS
GSE106878,SIG022,814,0.1040724727891507,1,SUCCESS
GSE106878,SIG022,815,-0.3406878652451418,1,SUCCESS
GSE106878,SIG022,816,0.0792140374428473,1,SUCCESS
GSE106878,SIG022,817,-0.1283916420380852,1,SUCCESS
GSE106878,SIG022,818,0.1532686807970426,1,SUCCESS
GSE106878,SIG022,819,-0.6564811493406503,1,SUCCESS
GSE106878,SIG022,820,-0.412374880571228,1,SUCCESS
GSE106878,SIG022,821,-0.1895637730880258,1,SUCCESS
GSE106878,SIG022,822,0.4485637281822386,1,SUCCESS
GSE106878,SIG022,823,0.3688485128863802,1,SUCCESS
GSE106878,SIG022,824,-0.2506583999620812,1,SUCCESS
GSE106878,SIG022,825,-0.3299144203943807,1,SUCCESS
GSE106878,SIG022,826,-0.2033789879387759,1,SUCCESS
GSE106878,SIG022,827,0.3553371587180639,1,SUCCESS
GSE106878,SIG022,828,0.3631668075131551,1,SUCCESS
GSE106878,SIG022,829,-0.1340327035301855,1,SUCCESS
GSE106878,SIG022,830,-0.4212457101714441,1,SUCCESS
GSE106878,SIG022,831,-0.2258109527871422,1,SUCCESS
GSE106878,SIG022,832,-0.2992234449495791,1,SUCCESS
GSE106878,SIG022,833,0.2538180673648704,1,SUCCESS
GSE106878,SIG022,834,0.6391858784937664,1,SUCCESS
GSE106878,SIG022,835,0.4640657316321922,1,SUCCESS
GSE106878,SIG022,836,-0.3408266781443679,1,SUCCESS
GSE106878,SIG022,837,-0.2730534533124823,1,SUCCESS
GSE106878,SIG022,838,-0.1345294102108744,1,SUCCESS
GSE106878,SIG022,839,-0.0767913572638519,1,SUCCESS
GSE106878,SIG022,840,-0.3501264216395541,1,SUCCESS
GSE106878,SIG022,841,-0.5352603891141445,1,SUCCESS
GSE106878,SIG022,842,0.0794925163862024,1,SUCCESS
GSE106878,SIG022,843,0.0889564798795335,1,SUCCESS
GSE106878,SIG022,844,0.0189289199135598,1,SUCCESS
GSE106878,SIG022,845,0.724968615006432,1,SUCCESS
GSE106878,SIG022,846,0.0223781843546412,1,SUCCESS
GSE106878,SIG022,847,-0.2496334982349799,1,SUCCESS
GSE106878,SIG022,848,0.4306971952111412,1,SUCCESS
GSE106878,SIG022,849,-0.1612867465137712,1,SUCCESS
GSE106878,SIG022,850,-0.1388082975836447,1,SUCCESS
GSE106878,SIG022,851,-0.0094737668845011,1,SUCCESS
GSE106878,SIG022,852,0.7062324033174701,1,SUCCESS
GSE106878,SIG022,853,-0.1224218510426722,1,SUCCESS
GSE106878,SIG022,854,-0.0978567232185231,1,SUCCESS
GSE106878,SIG022,855,-0.0296528949871516,1,SUCCESS
GSE106878,SIG022,856,0.6220073307800505,1,SUCCESS
GSE106878,SIG022,857,0.2301697787537575,1,SUCCESS
GSE106878,SIG022,858,-0.0405733321695851,1,SUCCESS
GSE106878,SIG022,859,0.8323584894351299,1,SUCCESS
GSE106878,SIG022,860,0.0047959125600688,1,SUCCESS
GSE106878,SIG022,861,-0.4136734427908143,1,SUCCESS
GSE106878,SIG022,862,0.0125663039799668,1,SUCCESS
GSE106878,SIG022,863,-0.3824461161553229,1,SUCCESS
GSE106878,SIG022,864,0.0015935098186693,1,SUCCESS
GSE106878,SIG022,865,-0.0781283746830536,1,SUCCESS
GSE106878,SIG022,866,-0.1725109668931109,1,SUCCESS
GSE106878,SIG022,867,-0.2328436792402413,1,SUCCESS
GSE106878,SIG022,868,-0.1565634863049441,1,SUCCESS
GSE106878,SIG022,869,-0.1017755861272506,1,SUCCESS
GSE106878,SIG022,870,-0.5323601089642103,1,SUCCESS
GSE106878,SIG022,871,0.7506125448972366,1,SUCCESS
GSE106878,SIG022,872,0.4523232779715256,1,SUCCESS
GSE106878,SIG022,873,0.5960617209911601,1,SUCCESS
GSE106878,SIG022,874,0.0700414303833198,1,SUCCESS
GSE106878,SIG022,875,-0.2357403995071882,1,SUCCESS
GSE106878,SIG022,876,-0.0942633255609577,1,SUCCESS
GSE106878,SIG022,877,0.2086945152680954,1,SUCCESS
GSE106878,SIG022,878,-0.2288632375210506,1,SUCCESS
GSE106878,SIG022,879,-0.2490508854648871,1,SUCCESS
GSE106878,SIG022,880,-0.0348099205354026,1,SUCCESS
GSE106878,SIG022,881,0.3816587238228746,1,SUCCESS
GSE106878,SIG022,882,-0.0871107332594736,1,SUCCESS
GSE106878,SIG022,883,0.6283145238064312,1,SUCCESS
GSE106878,SIG022,884,-0.6341300990048281,1,SUCCESS
GSE106878,SIG022,885,-0.327823824408979,1,SUCCESS
GSE106878,SIG022,886,0.1903198014221271,1,SUCCESS
GSE106878,SIG022,887,0.362196804691739,1,SUCCESS
GSE106878,SIG022,888,-0.9541521540935496,1,SUCCESS
GSE106878,SIG022,889,-0.0948023554402654,1,SUCCESS
GSE106878,SIG022,890,0.4448583407747705,1,SUCCESS
GSE106878,SIG022,891,0.4905659596381687,1,SUCCESS
GSE106878,SIG022,892,0.1353700709222871,1,SUCCESS
GSE106878,SIG022,893,0.3169177185613074,1,SUCCESS
GSE106878,SIG022,894,0.2131873161795804,1,SUCCESS
GSE106878,SIG022,895,0.1841228838108932,1,SUCCESS
GSE106878,SIG022,896,-0.1613998411714245,1,SUCCESS
GSE106878,SIG022,897,-0.4896974277045872,1,SUCCESS
GSE106878,SIG022,898,-0.374005333926541,1,SUCCESS
GSE106878,SIG022,899,-0.1003235023798604,1,SUCCESS
GSE106878,SIG022,900,0.8301467049318219,1,SUCCESS
GSE106878,SIG022,901,-0.1493582524849055,1,SUCCESS
GSE106878,SIG022,902,0.2377666731381731,1,SUCCESS
GSE106878,SIG022,903,0.2979333614863195,1,SUCCESS
GSE106878,SIG022,904,0.179028059463193,1,SUCCESS
GSE106878,SIG022,905,-0.1245317055368165,1,SUCCESS
GSE106878,SIG022,906,-0.2252309456252519,1,SUCCESS
GSE106878,SIG022,907,-0.2962164094904851,1,SUCCESS
GSE106878,SIG022,908,0.012347049474731,1,SUCCESS
GSE106878,SIG022,909,0.1909458447921942,1,SUCCESS
GSE106878,SIG022,910,0.2944852400971471,1,SUCCESS
GSE106878,SIG022,911,-0.3048206834436996,1,SUCCESS
GSE106878,SIG022,912,0.3709750428801555,1,SUCCESS
GSE106878,SIG022,913,0.691244329046777,1,SUCCESS
GSE106878,SIG022,914,0.1450315764554794,1,SUCCESS
GSE106878,SIG022,915,-0.3118255197207004,1,SUCCESS
GSE106878,SIG022,916,-0.1250206135106033,1,SUCCESS
GSE106878,SIG022,917,-0.5375151870747854,1,SUCCESS
GSE106878,SIG022,918,-0.2703606314024978,1,SUCCESS
GSE106878,SIG022,919,-0.4303262537314515,1,SUCCESS
GSE106878,SIG022,920,-0.3366633284756749,1,SUCCESS
GSE106878,SIG022,921,-0.3682793260322066,1,SUCCESS
GSE106878,SIG022,922,-0.1361082355447732,1,SUCCESS
GSE106878,SIG022,923,-0.5210057840301315,1,SUCCESS
GSE106878,SIG022,924,-0.0712835725907001,1,SUCCESS
GSE106878,SIG022,925,-0.4787223922653998,1,SUCCESS
GSE106878,SIG022,926,-0.0368877509593135,1,SUCCESS
GSE106878,SIG022,927,-0.5745666425361815,1,SUCCESS
GSE106878,SIG022,928,-0.3578168037568058,1,SUCCESS
GSE106878,SIG022,929,-0.6815925104654322,1,SUCCESS
GSE106878,SIG022,930,0.2887629399147346,1,SUCCESS
GSE106878,SIG022,931,0.2416607663279956,1,SUCCESS
GSE106878,SIG022,932,0.0353032575003258,1,SUCCESS
GSE106878,SIG022,933,0.0595897241410324,1,SUCCESS
GSE106878,SIG022,934,-0.195757637621658,1,SUCCESS
GSE106878,SIG022,935,0.2786723680322321,1,SUCCESS
GSE106878,SIG022,936,-0.6959718235510892,1,SUCCESS
GSE106878,SIG022,937,0.1489201206023733,1,SUCCESS
GSE106878,SIG022,938,0.45877935928033,1,SUCCESS
GSE106878,SIG022,939,-0.2484919961569733,1,SUCCESS
GSE106878,SIG022,940,0.5634669044246815,1,SUCCESS
GSE106878,SIG022,941,-0.2625724385654983,1,SUCCESS
GSE106878,SIG022,942,-0.255089611739408,1,SUCCESS
GSE106878,SIG022,943,0.0571156699310746,1,SUCCESS
GSE106878,SIG022,944,0.2916366708910149,1,SUCCESS
GSE106878,SIG022,945,0.1397467935515714,1,SUCCESS
GSE106878,SIG022,946,0.242318757946867,1,SUCCESS
GSE106878,SIG022,947,-0.1508996705395608,1,SUCCESS
GSE106878,SIG022,948,0.3253511641142833,1,SUCCESS
GSE106878,SIG022,949,0.2846794207773878,1,SUCCESS
GSE106878,SIG022,950,-0.2433432601421909,1,SUCCESS
GSE106878,SIG022,951,-0.3275656329253695,1,SUCCESS
GSE106878,SIG022,952,-0.3694743479994465,1,SUCCESS
GSE106878,SIG022,953,-0.0988376382620971,1,SUCCESS
GSE106878,SIG022,954,0.0553665483554969,1,SUCCESS
GSE106878,SIG022,955,-0.0652084710236811,1,SUCCESS
GSE106878,SIG022,956,-0.1030066013162811,1,SUCCESS
GSE106878,SIG022,957,-0.3562357158408609,1,SUCCESS
GSE106878,SIG022,958,-0.0130214809167874,1,SUCCESS
GSE106878,SIG022,959,-0.2723884686360121,1,SUCCESS
GSE106878,SIG022,960,-0.101433394780481,1,SUCCESS
GSE106878,SIG022,961,0.2056008085901459,1,SUCCESS
GSE106878,SIG022,962,-0.2172477342225884,1,SUCCESS
GSE106878,SIG022,963,0.2020552351817327,1,SUCCESS
GSE106878,SIG022,964,-0.31552190106703,1,SUCCESS
GSE106878,SIG022,965,-0.3267612603934036,1,SUCCESS
GSE106878,SIG022,966,0.0857293593524335,1,SUCCESS
GSE106878,SIG022,967,-0.1762875487632681,1,SUCCESS
GSE106878,SIG022,968,0.5675207423299915,1,SUCCESS
GSE106878,SIG022,969,0.2357139105700768,1,SUCCESS
GSE106878,SIG022,970,0.0590704256249282,1,SUCCESS
GSE106878,SIG022,971,-0.1784471900035847,1,SUCCESS
GSE106878,SIG022,972,0.0458209597808259,1,SUCCESS
GSE106878,SIG022,973,0.1894063124003796,1,SUCCESS
GSE106878,SIG022,974,-0.0896362391948043,1,SUCCESS
GSE106878,SIG022,975,-0.0072864198036461,1,SUCCESS
GSE106878,SIG022,976,-0.1502836364823311,1,SUCCESS
GSE106878,SIG022,977,-0.1212551867967783,1,SUCCESS
GSE106878,SIG022,978,-0.0484444134253719,1,SUCCESS
GSE106878,SIG022,979,-0.2372529442682696,1,SUCCESS
GSE106878,SIG022,980,0.3937448090853791,1,SUCCESS
GSE106878,SIG022,981,-0.0102942865379032,1,SUCCESS
GSE106878,SIG022,982,-0.3263414804059738,1,SUCCESS
GSE106878,SIG022,983,-0.6173709419648449,1,SUCCESS
GSE106878,SIG022,984,-0.0591587586615121,1,SUCCESS
GSE106878,SIG022,985,-0.4582880811261642,1,SUCCESS
GSE106878,SIG022,986,-0.351648300325154,1,SUCCESS
GSE106878,SIG022,987,-0.4540301120087509,1,SUCCESS
GSE106878,SIG022,988,0.3534947535359318,1,SUCCESS
GSE106878,SIG022,989,0.674793144211837,1,SUCCESS
GSE106878,SIG022,990,0.6901738387876578,1,SUCCESS
GSE106878,SIG022,991,-0.6258133419997229,1,SUCCESS
GSE106878,SIG022,992,-0.1733444080941571,1,SUCCESS
GSE106878,SIG022,993,0.0666152570892259,1,SUCCESS
GSE106878,SIG022,994,-0.3475543740860587,1,SUCCESS
GSE106878,SIG022,995,0.2575040864531417,1,SUCCESS
GSE106878,SIG022,996,0.0866411751838403,1,SUCCESS
GSE106878,SIG022,997,-0.0360214778975684,1,SUCCESS
GSE106878,SIG022,998,-0.0275815042662939,1,SUCCESS
GSE106878,SIG022,999,-0.4611569461984205,1,SUCCESS
GSE106878,SIG022,1000,-0.0204453243533224,1,SUCCESS
GSE106878,SIG023,1,0.545995527098306,1,SUCCESS
GSE106878,SIG023,2,0.7042068931531974,1,SUCCESS
GSE106878,SIG023,3,0.326506580592898,1,SUCCESS
GSE106878,SIG023,4,0.3101525678675058,1,SUCCESS
GSE106878,SIG023,5,0.1273079193577328,1,SUCCESS
GSE106878,SIG023,6,0.0340729894069531,1,SUCCESS
GSE106878,SIG023,7,0.0774291824895226,1,SUCCESS
GSE106878,SIG023,8,0.379054468520938,1,SUCCESS
GSE106878,SIG023,9,-0.0790919845476748,1,SUCCESS
GSE106878,SIG023,10,0.5035154776486428,1,SUCCESS
GSE106878,SIG023,11,-0.2994298509346623,1,SUCCESS
GSE106878,SIG023,12,0.2543017946018743,1,SUCCESS
GSE106878,SIG023,13,0.4795440998573035,1,SUCCESS
GSE106878,SIG023,14,0.0970071839884194,1,SUCCESS
GSE106878,SIG023,15,0.2114638027739595,1,SUCCESS
GSE106878,SIG023,16,0.3133942552243191,1,SUCCESS
GSE106878,SIG023,17,-0.0931212753662961,1,SUCCESS
GSE106878,SIG023,18,-0.4016241554926464,1,SUCCESS
GSE106878,SIG023,19,-0.2381138850676321,1,SUCCESS
GSE106878,SIG023,20,0.1770211567251161,1,SUCCESS
GSE106878,SIG023,21,-0.2721160150480543,1,SUCCESS
GSE106878,SIG023,22,-0.3988674116232558,1,SUCCESS
GSE106878,SIG023,23,0.0298340270480346,1,SUCCESS
GSE106878,SIG023,24,0.022067368360897,1,SUCCESS
GSE106878,SIG023,25,-0.064184594680797,1,SUCCESS
GSE106878,SIG023,26,-0.1391656771466808,1,SUCCESS
GSE106878,SIG023,27,0.2137137157302752,1,SUCCESS
GSE106878,SIG023,28,0.1962412541567362,1,SUCCESS
GSE106878,SIG023,29,-0.0415687286678063,1,SUCCESS
GSE106878,SIG023,30,0.3410884576373724,1,SUCCESS
GSE106878,SIG023,31,0.3631997207351766,1,SUCCESS
GSE106878,SIG023,32,0.1108728087112861,1,SUCCESS
GSE106878,SIG023,33,0.2150592406765535,1,SUCCESS
GSE106878,SIG023,34,0.26493775945736,1,SUCCESS
GSE106878,SIG023,35,-0.1440628707923828,1,SUCCESS
GSE106878,SIG023,36,0.0814861713887477,1,SUCCESS
GSE106878,SIG023,37,0.5444038430692502,1,SUCCESS
GSE106878,SIG023,38,-0.1768793229380991,1,SUCCESS
GSE106878,SIG023,39,0.1461155165156433,1,SUCCESS
GSE106878,SIG023,40,-0.3470487007006656,1,SUCCESS
GSE106878,SIG023,41,-0.461466266535703,1,SUCCESS
GSE106878,SIG023,42,-0.4003645284563641,1,SUCCESS
GSE106878,SIG023,43,0.0648499836080127,1,SUCCESS
GSE106878,SIG023,44,-0.3004818601318462,1,SUCCESS
GSE106878,SIG023,45,0.3714493729035173,1,SUCCESS
GSE106878,SIG023,46,0.3927965604401526,1,SUCCESS
GSE106878,SIG023,47,0.05025385831021,1,SUCCESS
GSE106878,SIG023,48,0.0632523014660174,1,SUCCESS
GSE106878,SIG023,49,0.0744609789949304,1,SUCCESS
GSE106878,SIG023,50,-0.2858359776110594,1,SUCCESS
GSE106878,SIG023,51,0.3647520387485871,1,SUCCESS
GSE106878,SIG023,52,-0.0845956599066608,1,SUCCESS
GSE106878,SIG023,53,0.2074273124984426,1,SUCCESS
GSE106878,SIG023,54,0.3705993410167044,1,SUCCESS
GSE106878,SIG023,55,0.1913212225431942,1,SUCCESS
GSE106878,SIG023,56,-0.4498980508299255,1,SUCCESS
GSE106878,SIG023,57,0.027927580352305,1,SUCCESS
GSE106878,SIG023,58,-1.45080754129707,1,SUCCESS
GSE106878,SIG023,59,0.2813558833793834,1,SUCCESS
GSE106878,SIG023,60,0.1046593678595298,1,SUCCESS
GSE106878,SIG023,61,-0.1159011707170304,1,SUCCESS
GSE106878,SIG023,62,-0.2538930516959903,1,SUCCESS
GSE106878,SIG023,63,-0.0373884875708271,1,SUCCESS
GSE106878,SIG023,64,-0.4387648895597855,1,SUCCESS
GSE106878,SIG023,65,-0.2527280132045429,1,SUCCESS
GSE106878,SIG023,66,0.2048091485962137,1,SUCCESS
GSE106878,SIG023,67,1.307130650540431,1,SUCCESS
GSE106878,SIG023,68,0.1669831078699112,1,SUCCESS
GSE106878,SIG023,69,0.6081980196618831,1,SUCCESS
GSE106878,SIG023,70,0.076503621049646,1,SUCCESS
GSE106878,SIG023,71,-0.014211061847168,1,SUCCESS
GSE106878,SIG023,72,-0.2887050965522686,1,SUCCESS
GSE106878,SIG023,73,0.1279663852553536,1,SUCCESS
GSE106878,SIG023,74,0.0276390162318412,1,SUCCESS
GSE106878,SIG023,75,-0.0658914932176375,1,SUCCESS
GSE106878,SIG023,76,-0.0286729376305517,1,SUCCESS
GSE106878,SIG023,77,-0.382479315473746,1,SUCCESS
GSE106878,SIG023,78,-0.9836490946982074,1,SUCCESS
GSE106878,SIG023,79,0.1893030856632674,1,SUCCESS
GSE106878,SIG023,80,-0.1492018262385435,1,SUCCESS
GSE106878,SIG023,81,-0.350506190605158,1,SUCCESS
GSE106878,SIG023,82,-0.2246020043254467,1,SUCCESS
GSE106878,SIG023,83,0.21924923170149,1,SUCCESS
GSE106878,SIG023,84,0.3781429305754847,1,SUCCESS
GSE106878,SIG023,85,0.0168460958162542,1,SUCCESS
GSE106878,SIG023,86,-0.1079092392711171,1,SUCCESS
GSE106878,SIG023,87,-0.2423174658062463,1,SUCCESS
GSE106878,SIG023,88,0.4587834911302761,1,SUCCESS
GSE106878,SIG023,89,1.0184375282172564,1,SUCCESS
GSE106878,SIG023,90,-0.2202814641760631,1,SUCCESS
GSE106878,SIG023,91,0.3663044513870367,1,SUCCESS
GSE106878,SIG023,92,0.261955233209035,1,SUCCESS
GSE106878,SIG023,93,-0.150002957904443,1,SUCCESS
GSE106878,SIG023,94,0.2035555511398206,1,SUCCESS
GSE106878,SIG023,95,-0.2399895235832577,1,SUCCESS
GSE106878,SIG023,96,0.2988627749680992,1,SUCCESS
GSE106878,SIG023,97,0.461466266535703,1,SUCCESS
GSE106878,SIG023,98,-0.0105322031470618,1,SUCCESS
GSE106878,SIG023,99,-0.0934080643689762,1,SUCCESS
GSE106878,SIG023,100,0.1060264304262271,1,SUCCESS
GSE106878,SIG023,101,0.4487236471233325,1,SUCCESS
GSE106878,SIG023,102,0.2508188021523308,1,SUCCESS
GSE106878,SIG023,103,0.6521042586940676,1,SUCCESS
GSE106878,SIG023,104,-0.4599714188031624,1,SUCCESS
GSE106878,SIG023,105,0.6738420441616326,1,SUCCESS
GSE106878,SIG023,106,0.0841153255916866,1,SUCCESS
GSE106878,SIG023,107,-0.1044616621995363,1,SUCCESS
GSE106878,SIG023,108,0.6747728469741869,1,SUCCESS
GSE106878,SIG023,109,0.0870869840348364,1,SUCCESS
GSE106878,SIG023,110,0.0635408163139,1,SUCCESS
GSE106878,SIG023,111,-0.325704272670041,1,SUCCESS
GSE106878,SIG023,112,-0.0688774419526707,1,SUCCESS
GSE106878,SIG023,113,-0.0439073702728371,1,SUCCESS
GSE106878,SIG023,114,0.0995632826320325,1,SUCCESS
GSE106878,SIG023,115,5.056245705146981e-05,1,SUCCESS
GSE106878,SIG023,116,0.3439078221697356,1,SUCCESS
GSE106878,SIG023,117,0.0935822376955044,1,SUCCESS
GSE106878,SIG023,118,0.4316615629120481,1,SUCCESS
GSE106878,SIG023,119,-0.0120054961014627,1,SUCCESS
GSE106878,SIG023,120,-0.3552818515846455,1,SUCCESS
GSE106878,SIG023,121,-0.1260200006183026,1,SUCCESS
GSE106878,SIG023,122,0.0065460268758084,1,SUCCESS
GSE106878,SIG023,123,-0.0938728365143629,1,SUCCESS
GSE106878,SIG023,124,0.1505797866290011,1,SUCCESS
GSE106878,SIG023,125,1.129750377308277,1,SUCCESS
GSE106878,SIG023,126,-0.0542169387940862,1,SUCCESS
GSE106878,SIG023,127,-0.246917741995668,1,SUCCESS
GSE106878,SIG023,128,0.2504487290444495,1,SUCCESS
GSE106878,SIG023,129,0.2704405629571282,1,SUCCESS
GSE106878,SIG023,130,-0.1964990241451388,1,SUCCESS
GSE106878,SIG023,131,0.7585727424951307,1,SUCCESS
GSE106878,SIG023,132,0.3997584161130125,1,SUCCESS
GSE106878,SIG023,133,-0.0735923116819064,1,SUCCESS
GSE106878,SIG023,134,-0.2763801050285865,1,SUCCESS
GSE106878,SIG023,135,-0.0209887195792279,1,SUCCESS
GSE106878,SIG023,136,0.3591940916622413,1,SUCCESS
GSE106878,SIG023,137,-0.3875948883124188,1,SUCCESS
GSE106878,SIG023,138,-0.0564475759178241,1,SUCCESS
GSE106878,SIG023,139,-0.1726533524792407,1,SUCCESS
GSE106878,SIG023,140,-0.1156684141333761,1,SUCCESS
GSE106878,SIG023,141,-0.2889037167135487,1,SUCCESS
GSE106878,SIG023,142,0.2234797353887735,1,SUCCESS
GSE106878,SIG023,143,-0.4459665844821931,1,SUCCESS
GSE106878,SIG023,144,-0.2080762044642066,1,SUCCESS
GSE106878,SIG023,145,-1.370646116256061,1,SUCCESS
GSE106878,SIG023,146,0.3431711539294714,1,SUCCESS
GSE106878,SIG023,147,-0.5760659471927019,1,SUCCESS
GSE106878,SIG023,148,-0.1005740447442274,1,SUCCESS
GSE106878,SIG023,149,1.4224837391534608,1,SUCCESS
GSE106878,SIG023,150,0.1633792722200453,1,SUCCESS
GSE106878,SIG023,151,0.2130917887663053,1,SUCCESS
GSE106878,SIG023,152,-0.268281446003689,1,SUCCESS
GSE106878,SIG023,153,1.2725236229968102,1,SUCCESS
GSE106878,SIG023,154,-0.2312462764102671,1,SUCCESS
GSE106878,SIG023,155,0.5324246378427656,1,SUCCESS
GSE106878,SIG023,156,0.2327243787652813,1,SUCCESS
GSE106878,SIG023,157,0.297312684955385,1,SUCCESS
GSE106878,SIG023,158,0.1905955931099344,1,SUCCESS
GSE106878,SIG023,159,-0.7261291675710043,1,SUCCESS
GSE106878,SIG023,160,0.2880821174520005,1,SUCCESS
GSE106878,SIG023,161,0.2678493585072419,1,SUCCESS
GSE106878,SIG023,162,-0.3559760390931714,1,SUCCESS
GSE106878,SIG023,163,0.1161723194746926,1,SUCCESS
GSE106878,SIG023,164,0.4431833678269383,1,SUCCESS
GSE106878,SIG023,165,0.3298256967125356,1,SUCCESS
GSE106878,SIG023,166,-0.2180134706743167,1,SUCCESS
GSE106878,SIG023,167,-0.1423780207479842,1,SUCCESS
GSE106878,SIG023,168,0.0994090238792532,1,SUCCESS
GSE106878,SIG023,169,0.1625763658417286,1,SUCCESS
GSE106878,SIG023,170,0.2116727904079892,1,SUCCESS
GSE106878,SIG023,171,0.0755073267447778,1,SUCCESS
GSE106878,SIG023,172,0.1234038565820996,1,SUCCESS
GSE106878,SIG023,173,-0.1064968615625751,1,SUCCESS
GSE106878,SIG023,174,-0.0612044368692801,1,SUCCESS
GSE106878,SIG023,175,-0.2295476587336657,1,SUCCESS
GSE106878,SIG023,176,-0.0742484853901128,1,SUCCESS
GSE106878,SIG023,177,-0.2884082737086337,1,SUCCESS
GSE106878,SIG023,178,0.0200054867722296,1,SUCCESS
GSE106878,SIG023,179,0.1155935273254105,1,SUCCESS
GSE106878,SIG023,180,-1.0659103433785648,1,SUCCESS
GSE106878,SIG023,181,-0.0237049837164898,1,SUCCESS
GSE106878,SIG023,182,-0.0164695646937807,1,SUCCESS
GSE106878,SIG023,183,0.5264709977184626,1,SUCCESS
GSE106878,SIG023,184,-0.200177887034897,1,SUCCESS
GSE106878,SIG023,185,0.147860684808917,1,SUCCESS
GSE106878,SIG023,186,0.2581159501975181,1,SUCCESS
GSE106878,SIG023,187,-0.2978365929330389,1,SUCCESS
GSE106878,SIG023,188,-0.1142056822000129,1,SUCCESS
GSE106878,SIG023,189,0.0343419856228092,1,SUCCESS
GSE106878,SIG023,190,0.2518910338489196,1,SUCCESS
GSE106878,SIG023,191,0.0920615048663402,1,SUCCESS
GSE106878,SIG023,192,0.2911524687912366,1,SUCCESS
GSE106878,SIG023,193,-0.3132526544809926,1,SUCCESS
GSE106878,SIG023,194,-0.2445085865861824,1,SUCCESS
GSE106878,SIG023,195,0.1891509372120934,1,SUCCESS
GSE106878,SIG023,196,0.224840761551142,1,SUCCESS
GSE106878,SIG023,197,0.2165641559401019,1,SUCCESS
GSE106878,SIG023,198,0.3236259382965561,1,SUCCESS
GSE106878,SIG023,199,-0.0169167287495043,1,SUCCESS
GSE106878,SIG023,200,0.4334073771514399,1,SUCCESS
GSE106878,SIG023,201,0.2617769360445047,1,SUCCESS
GSE106878,SIG023,202,-0.9355671342601328,1,SUCCESS
GSE106878,SIG023,203,-0.817102277943259,1,SUCCESS
GSE106878,SIG023,204,0.0745390533807104,1,SUCCESS
GSE106878,SIG023,205,0.4908462660957718,1,SUCCESS
GSE106878,SIG023,206,-0.0739164589348305,1,SUCCESS
GSE106878,SIG023,207,-0.1151377525254298,1,SUCCESS
GSE106878,SIG023,208,-0.04395111589318,1,SUCCESS
GSE106878,SIG023,209,0.1934001943606164,1,SUCCESS
GSE106878,SIG023,210,0.1529645544151224,1,SUCCESS
GSE106878,SIG023,211,-0.1563478763732484,1,SUCCESS
GSE106878,SIG023,212,0.460669028102959,1,SUCCESS
GSE106878,SIG023,213,-0.0139654992901423,1,SUCCESS
GSE106878,SIG023,214,-0.3692256796060317,1,SUCCESS
GSE106878,SIG023,215,-0.1529645544151224,1,SUCCESS
GSE106878,SIG023,216,-0.288681260482003,1,SUCCESS
GSE106878,SIG023,217,-0.0343206392844109,1,SUCCESS
GSE106878,SIG023,218,-0.440966548005909,1,SUCCESS
GSE106878,SIG023,219,-0.2988760992000256,1,SUCCESS
GSE106878,SIG023,220,0.3392861584263431,1,SUCCESS
GSE106878,SIG023,221,0.092025880011361,1,SUCCESS
GSE106878,SIG023,222,-0.3354490289749225,1,SUCCESS
GSE106878,SIG023,223,-0.376013919673599,1,SUCCESS
GSE106878,SIG023,224,0.1451549652297547,1,SUCCESS
GSE106878,SIG023,225,0.0178820070831224,1,SUCCESS
GSE106878,SIG023,226,-0.018854715407027,1,SUCCESS
GSE106878,SIG023,227,-0.1375839464070167,1,SUCCESS
GSE106878,SIG023,228,-2.2400224893616643,1,SUCCESS
GSE106878,SIG023,229,-0.1223657101296948,1,SUCCESS
GSE106878,SIG023,230,-0.2359928984330236,1,SUCCESS
GSE106878,SIG023,231,0.0193896035294982,1,SUCCESS
GSE106878,SIG023,232,0.3548668729654194,1,SUCCESS
GSE106878,SIG023,233,0.207154023325731,1,SUCCESS
GSE106878,SIG023,234,-0.162271380825309,1,SUCCESS
GSE106878,SIG023,235,-0.0281698281425669,1,SUCCESS
GSE106878,SIG023,236,-0.0138591479511368,1,SUCCESS
GSE106878,SIG023,237,-0.0914602394297517,1,SUCCESS
GSE106878,SIG023,238,0.2235456531496032,1,SUCCESS
GSE106878,SIG023,239,0.6054881967737196,1,SUCCESS
GSE106878,SIG023,240,-0.0381767458851826,1,SUCCESS
GSE106878,SIG023,241,-0.2777402617917585,1,SUCCESS
GSE106878,SIG023,242,0.150870711886983,1,SUCCESS
GSE106878,SIG023,243,-0.4910577063865292,1,SUCCESS
GSE106878,SIG023,244,0.2297350413061831,1,SUCCESS
GSE106878,SIG023,245,0.0705048542209714,1,SUCCESS
GSE106878,SIG023,246,-0.3237913093236105,1,SUCCESS
GSE106878,SIG023,247,0.643150184832454,1,SUCCESS
GSE106878,SIG023,248,0.3875948883124188,1,SUCCESS
GSE106878,SIG023,249,-0.035048149889195,1,SUCCESS
GSE106878,SIG023,250,0.0020769714713113,1,SUCCESS
GSE106878,SIG023,251,-0.3513935013181319,1,SUCCESS
GSE106878,SIG023,252,0.1160646096051319,1,SUCCESS
GSE106878,SIG023,253,-0.2539912438406881,1,SUCCESS
GSE106878,SIG023,254,-0.7770302298768272,1,SUCCESS
GSE106878,SIG023,255,-0.4057239692608021,1,SUCCESS
GSE106878,SIG023,256,0.2758441549271354,1,SUCCESS
GSE106878,SIG023,257,0.0847789869323466,1,SUCCESS
GSE106878,SIG023,258,-0.0046922307947476,1,SUCCESS
GSE106878,SIG023,259,0.4053994515909343,1,SUCCESS
GSE106878,SIG023,260,0.0352735544713474,1,SUCCESS
GSE106878,SIG023,261,-0.1517871040150737,1,SUCCESS
GSE106878,SIG023,262,-0.0795141879827174,1,SUCCESS
GSE106878,SIG023,263,0.2874822002048107,1,SUCCESS
GSE106878,SIG023,264,0.0975157599084013,1,SUCCESS
GSE106878,SIG023,265,0.3319273030516682,1,SUCCESS
GSE106878,SIG023,266,-0.1175183165023881,1,SUCCESS
GSE106878,SIG023,267,-0.4328800691333121,1,SUCCESS
GSE106878,SIG023,268,0.1365436088159228,1,SUCCESS
GSE106878,SIG023,269,-0.225228935019797,1,SUCCESS
GSE106878,SIG023,270,0.2834257857726915,1,SUCCESS
GSE106878,SIG023,271,0.2743746592827059,1,SUCCESS
GSE106878,SIG023,272,-0.2496816806872792,1,SUCCESS
GSE106878,SIG023,273,-0.0684319087592635,1,SUCCESS
GSE106878,SIG023,274,-0.0591023321011666,1,SUCCESS
GSE106878,SIG023,275,-0.190189427549575,1,SUCCESS
GSE106878,SIG023,276,-0.0848164636443993,1,SUCCESS
GSE106878,SIG023,277,-0.2327243787652813,1,SUCCESS
GSE106878,SIG023,278,0.3194589245882596,1,SUCCESS
GSE106878,SIG023,279,0.021768745265565,1,SUCCESS
GSE106878,SIG023,280,-0.4080816776947171,1,SUCCESS
GSE106878,SIG023,281,0.2646093085677686,1,SUCCESS
GSE106878,SIG023,282,-0.340230631837886,1,SUCCESS
GSE106878,SIG023,283,0.0417950742755516,1,SUCCESS
GSE106878,SIG023,284,0.1493034542967367,1,SUCCESS
GSE106878,SIG023,285,0.1291267815568761,1,SUCCESS
GSE106878,SIG023,286,-0.2880341270577334,1,SUCCESS
GSE106878,SIG023,287,-0.4391958457641697,1,SUCCESS
GSE106878,SIG023,288,-0.6010666844398442,1,SUCCESS
GSE106878,SIG023,289,-0.5347019401755061,1,SUCCESS
GSE106878,SIG023,290,-0.3943913073245483,1,SUCCESS
GSE106878,SIG023,291,0.4053547667534987,1,SUCCESS
GSE106878,SIG023,292,0.39626306140176,1,SUCCESS
GSE106878,SIG023,293,0.2432588321423525,1,SUCCESS
GSE106878,SIG023,294,0.3060573839023949,1,SUCCESS
GSE106878,SIG023,295,-0.2936916989582588,1,SUCCESS
GSE106878,SIG023,296,0.1167448802416063,1,SUCCESS
GSE106878,SIG023,297,0.1298081540752994,1,SUCCESS
GSE106878,SIG023,298,-1.3944457426533243,1,SUCCESS
GSE106878,SIG023,299,1.4961163771821275,1,SUCCESS
GSE106878,SIG023,300,0.0439237042266727,1,SUCCESS
GSE106878,SIG023,301,0.13012640282951,1,SUCCESS
GSE106878,SIG023,302,-0.0338690632656731,1,SUCCESS
GSE106878,SIG023,303,0.1348670871617309,1,SUCCESS
GSE106878,SIG023,304,0.3146957131837196,1,SUCCESS
GSE106878,SIG023,305,0.0670853279946305,1,SUCCESS
GSE106878,SIG023,306,-0.5775111029593919,1,SUCCESS
GSE106878,SIG023,307,0.6126629129867563,1,SUCCESS
GSE106878,SIG023,308,-0.3359392162396033,1,SUCCESS
GSE106878,SIG023,309,-0.1597016796954611,1,SUCCESS
GSE106878,SIG023,310,0.1041717292299396,1,SUCCESS
GSE106878,SIG023,311,0.0592959335273283,1,SUCCESS
GSE106878,SIG023,312,0.0684885691835933,1,SUCCESS
GSE106878,SIG023,313,-0.0015558217889826,1,SUCCESS
GSE106878,SIG023,314,-0.140218014545322,1,SUCCESS
GSE106878,SIG023,315,0.1592376907681669,1,SUCCESS
GSE106878,SIG023,316,-0.3065515240268135,1,SUCCESS
GSE106878,SIG023,317,-0.4531219668727582,1,SUCCESS
GSE106878,SIG023,318,-0.115620587806031,1,SUCCESS
GSE106878,SIG023,319,0.0269081593512709,1,SUCCESS
GSE106878,SIG023,320,0.3023047120072141,1,SUCCESS
GSE106878,SIG023,321,0.3321626643797269,1,SUCCESS
GSE106878,SIG023,322,-0.1331814053710763,1,SUCCESS
GSE106878,SIG023,323,0.2418110171949842,1,SUCCESS
GSE106878,SIG023,324,0.1132048105913152,1,SUCCESS
GSE106878,SIG023,325,-0.431499112289793,1,SUCCESS
GSE106878,SIG023,326,0.0585022485504167,1,SUCCESS
GSE106878,SIG023,327,-0.0569277199814721,1,SUCCESS
GSE106878,SIG023,328,0.3962256235646459,1,SUCCESS
GSE106878,SIG023,329,-0.3413592703739824,1,SUCCESS
GSE106878,SIG023,330,-0.0718997204763248,1,SUCCESS
GSE106878,SIG023,331,-0.018546406919229,1,SUCCESS
GSE106878,SIG023,332,-0.0257436946167743,1,SUCCESS
GSE106878,SIG023,333,-0.143616226317975,1,SUCCESS
GSE106878,SIG023,334,-1.0451916445404763,1,SUCCESS
GSE106878,SIG023,335,-0.0625347050359534,1,SUCCESS
GSE106878,SIG023,336,-0.2301262318104469,1,SUCCESS
GSE106878,SIG023,337,-0.1196082191758623,1,SUCCESS
GSE106878,SIG023,338,-0.0008223219081235,1,SUCCESS
GSE106878,SIG023,339,-0.2514146441094615,1,SUCCESS
GSE106878,SIG023,340,0.0600448053737652,1,SUCCESS
GSE106878,SIG023,341,-0.2197766673980217,1,SUCCESS
GSE106878,SIG023,342,-0.169843687066378,1,SUCCESS
GSE106878,SIG023,343,-0.2078563243135292,1,SUCCESS
GSE106878,SIG023,344,-0.0779882280966352,1,SUCCESS
GSE106878,SIG023,345,-0.0043342458931511,1,SUCCESS
GSE106878,SIG023,346,-0.1416631421648079,1,SUCCESS
GSE106878,SIG023,347,1.2210939089351018,1,SUCCESS
GSE106878,SIG023,348,0.1650516384311424,1,SUCCESS
GSE106878,SIG023,349,0.1636484225901938,1,SUCCESS
GSE106878,SIG023,350,-0.1235060492814904,1,SUCCESS
GSE106878,SIG023,351,-0.1979531875225821,1,SUCCESS
GSE106878,SIG023,352,1.1654366814263466,1,SUCCESS
GSE106878,SIG023,353,0.0301655660948213,1,SUCCESS
GSE106878,SIG023,354,-0.0016676951604047,1,SUCCESS
GSE106878,SIG023,355,0.3512908731789292,1,SUCCESS
GSE106878,SIG023,356,0.9125304586539852,1,SUCCESS
GSE106878,SIG023,357,-0.0596148471065807,1,SUCCESS
GSE106878,SIG023,358,-0.3376538073979985,1,SUCCESS
GSE106878,SIG023,359,-0.1080079835885164,1,SUCCESS
GSE106878,SIG023,360,-0.1042407131774827,1,SUCCESS
GSE106878,SIG023,361,0.0642600314490045,1,SUCCESS
GSE106878,SIG023,362,-0.3239714029602052,1,SUCCESS
GSE106878,SIG023,363,0.2824502582754488,1,SUCCESS
GSE106878,SIG023,364,0.1071627125278586,1,SUCCESS
GSE106878,SIG023,365,1.1551279599872262,1,SUCCESS
GSE106878,SIG023,366,-0.1844456436362221,1,SUCCESS
GSE106878,SIG023,367,-0.0823407986303448,1,SUCCESS
GSE106878,SIG023,368,0.2179177504418144,1,SUCCESS
GSE106878,SIG023,369,0.0230480041076032,1,SUCCESS
GSE106878,SIG023,370,0.1637769032377752,1,SUCCESS
GSE106878,SIG023,371,-0.5334020203482591,1,SUCCESS
GSE106878,SIG023,372,-0.5140841022234086,1,SUCCESS
GSE106878,SIG023,373,-0.0963115089593147,1,SUCCESS
GSE106878,SIG023,374,0.6092387072251397,1,SUCCESS
GSE106878,SIG023,375,0.1240898229065905,1,SUCCESS
GSE106878,SIG023,376,0.3145448085758833,1,SUCCESS
GSE106878,SIG023,377,-0.3341376973016416,1,SUCCESS
GSE106878,SIG023,378,0.0433630823420901,1,SUCCESS
GSE106878,SIG023,379,0.1495047035815488,1,SUCCESS
GSE106878,SIG023,380,-0.3009971718360701,1,SUCCESS
GSE106878,SIG023,381,-0.4555008066582796,1,SUCCESS
GSE106878,SIG023,382,-0.7262479511862919,1,SUCCESS
GSE106878,SIG023,383,-0.1269196228193747,1,SUCCESS
GSE106878,SIG023,384,0.1516508226827957,1,SUCCESS
GSE106878,SIG023,385,-0.984995038442998,1,SUCCESS
GSE106878,SIG023,386,-0.6036625005688354,1,SUCCESS
GSE106878,SIG023,387,0.1155771000704227,1,SUCCESS
GSE106878,SIG023,388,0.2017123864306542,1,SUCCESS
GSE106878,SIG023,389,-0.3887730927731333,1,SUCCESS
GSE106878,SIG023,390,0.1836948117492128,1,SUCCESS
GSE106878,SIG023,391,0.5067584948133519,1,SUCCESS
GSE106878,SIG023,392,-0.0897811041989633,1,SUCCESS
GSE106878,SIG023,393,0.3132714521949908,1,SUCCESS
GSE106878,SIG023,394,-0.2476114637998585,1,SUCCESS
GSE106878,SIG023,395,-0.072510875752907,1,SUCCESS
GSE106878,SIG023,396,0.0090755288575618,1,SUCCESS
GSE106878,SIG023,397,-0.1566154209297434,1,SUCCESS
GSE106878,SIG023,398,-0.2109646372524417,1,SUCCESS
GSE106878,SIG023,399,0.2996289109839974,1,SUCCESS
GSE106878,SIG023,400,-0.5916536096933924,1,SUCCESS
GSE106878,SIG023,401,0.2629065220284778,1,SUCCESS
GSE106878,SIG023,402,-0.1467576647877522,1,SUCCESS
GSE106878,SIG023,403,-0.4095437518934448,1,SUCCESS
GSE106878,SIG023,404,-0.189139599948282,1,SUCCESS
GSE106878,SIG023,405,0.3356931650860337,1,SUCCESS
GSE106878,SIG023,406,0.0379921590172971,1,SUCCESS
GSE106878,SIG023,407,0.0172969103389445,1,SUCCESS
GSE106878,SIG023,408,-0.2249086766457533,1,SUCCESS
GSE106878,SIG023,409,-0.2062627691213558,1,SUCCESS
GSE106878,SIG023,410,0.21339681143129,1,SUCCESS
GSE106878,SIG023,411,0.2321817527417797,1,SUCCESS
GSE106878,SIG023,412,-0.3163696580522672,1,SUCCESS
GSE106878,SIG023,413,0.1415045189043879,1,SUCCESS
GSE106878,SIG023,414,-0.1813562059828233,1,SUCCESS
GSE106878,SIG023,415,0.141126036488645,1,SUCCESS
GSE106878,SIG023,416,-0.4118399858546827,1,SUCCESS
GSE106878,SIG023,417,-1.2900787845916253,1,SUCCESS
GSE106878,SIG023,418,-1.3394113809014891,1,SUCCESS
GSE106878,SIG023,419,0.0527870944784934,1,SUCCESS
GSE106878,SIG023,420,0.7991300032761467,1,SUCCESS
GSE106878,SIG023,421,0.9080848804103736,1,SUCCESS
GSE106878,SIG023,422,0.0167501753438653,1,SUCCESS
GSE106878,SIG023,423,0.2195500973310307,1,SUCCESS
GSE106878,SIG023,424,0.3210881375319813,1,SUCCESS
GSE106878,SIG023,425,0.2343015896296186,1,SUCCESS
GSE106878,SIG023,426,0.9251463796562668,1,SUCCESS
GSE106878,SIG023,427,-0.0942559052700147,1,SUCCESS
GSE106878,SIG023,428,-0.1942015044924828,1,SUCCESS
GSE106878,SIG023,429,0.0593755557882395,1,SUCCESS
GSE106878,SIG023,430,-0.3445528249166777,1,SUCCESS
GSE106878,SIG023,431,-0.326816716012437,1,SUCCESS
GSE106878,SIG023,432,0.0225495424115751,1,SUCCESS
GSE106878,SIG023,433,0.2352518185360073,1,SUCCESS
GSE106878,SIG023,434,0.0774464494188423,1,SUCCESS
GSE106878,SIG023,435,0.0504571046864275,1,SUCCESS
GSE106878,SIG023,436,0.4156696148697136,1,SUCCESS
GSE106878,SIG023,437,0.1957139773113704,1,SUCCESS
GSE106878,SIG023,438,0.3173569333167427,1,SUCCESS
GSE106878,SIG023,439,-0.1422065165082332,1,SUCCESS
GSE106878,SIG023,440,0.2650745567072723,1,SUCCESS
GSE106878,SIG023,441,-0.0714506142698316,1,SUCCESS
GSE106878,SIG023,442,-0.2648199453242201,1,SUCCESS
GSE106878,SIG023,443,0.4261459101608436,1,SUCCESS
GSE106878,SIG023,444,-0.3237186103638458,1,SUCCESS
GSE106878,SIG023,445,0.1255888141360174,1,SUCCESS
GSE106878,SIG023,446,0.4834620153004624,1,SUCCESS
GSE106878,SIG023,447,0.2219759511289525,1,SUCCESS
GSE106878,SIG023,448,0.124817468262121,1,SUCCESS
GSE106878,SIG023,449,0.5990456657363978,1,SUCCESS
GSE106878,SIG023,450,-0.1376436415303457,1,SUCCESS
GSE106878,SIG023,451,-0.4096473850280779,1,SUCCESS
GSE106878,SIG023,452,0.0850385620459477,1,SUCCESS
GSE106878,SIG023,453,0.2568787209784807,1,SUCCESS
GSE106878,SIG023,454,-0.4797492559731939,1,SUCCESS
GSE106878,SIG023,455,0.4930232000542901,1,SUCCESS
GSE106878,SIG023,456,0.5698352968020952,1,SUCCESS
GSE106878,SIG023,457,-0.3628532890808391,1,SUCCESS
GSE106878,SIG023,458,-0.4162350915725433,1,SUCCESS
GSE106878,SIG023,459,-0.6796773225552323,1,SUCCESS
GSE106878,SIG023,460,0.0923476222430988,1,SUCCESS
GSE106878,SIG023,461,-0.1411010457779238,1,SUCCESS
GSE106878,SIG023,462,-0.0814861713887477,1,SUCCESS
GSE106878,SIG023,463,-0.3739565840976862,1,SUCCESS
GSE106878,SIG023,464,-0.135857221013631,1,SUCCESS
GSE106878,SIG023,465,0.4053224396825384,1,SUCCESS
GSE106878,SIG023,466,-0.1837961450921785,1,SUCCESS
GSE106878,SIG023,467,0.3445528249166777,1,SUCCESS
GSE106878,SIG023,468,-0.7517951231691248,1,SUCCESS
GSE106878,SIG023,469,0.21924923170149,1,SUCCESS
GSE106878,SIG023,470,-0.015382742229335,1,SUCCESS
GSE106878,SIG023,471,0.3999117713934525,1,SUCCESS
GSE106878,SIG023,472,0.0891361974214841,1,SUCCESS
GSE106878,SIG023,473,-0.1315742832014771,1,SUCCESS
GSE106878,SIG023,474,-0.1239294485175158,1,SUCCESS
GSE106878,SIG023,475,0.073568597304577,1,SUCCESS
GSE106878,SIG023,476,0.0639606563273587,1,SUCCESS
GSE106878,SIG023,477,0.2691628256215761,1,SUCCESS
GSE106878,SIG023,478,-0.3084359410762925,1,SUCCESS
GSE106878,SIG023,479,0.1923262508207135,1,SUCCESS
GSE106878,SIG023,480,0.6834406430193116,1,SUCCESS
GSE106878,SIG023,481,0.2389775269498624,1,SUCCESS
GSE106878,SIG023,482,-0.0514426251080332,1,SUCCESS
GSE106878,SIG023,483,-0.0750537058689418,1,SUCCESS
GSE106878,SIG023,484,0.0799196270233898,1,SUCCESS
GSE106878,SIG023,485,0.2804364187350518,1,SUCCESS
GSE106878,SIG023,486,-0.2910549634184531,1,SUCCESS
GSE106878,SIG023,487,0.6803976419591214,1,SUCCESS
GSE106878,SIG023,488,-0.1544937347796194,1,SUCCESS
GSE106878,SIG023,489,0.3597743036183037,1,SUCCESS
GSE106878,SIG023,490,0.3676807119208982,1,SUCCESS
GSE106878,SIG023,491,-0.1883382028094133,1,SUCCESS
GSE106878,SIG023,492,0.4129028649928635,1,SUCCESS
GSE106878,SIG023,493,-0.9014055073290824,1,SUCCESS
GSE106878,SIG023,494,-0.0177767249560647,1,SUCCESS
GSE106878,SIG023,495,-0.0442168212810581,1,SUCCESS
GSE106878,SIG023,496,-0.24864911424946,1,SUCCESS
GSE106878,SIG023,497,0.1788793844264832,1,SUCCESS
GSE106878,SIG023,498,0.4962943347037357,1,SUCCESS
GSE106878,SIG023,499,-0.33299450780736,1,SUCCESS
GSE106878,SIG023,500,0.3505707715991963,1,SUCCESS
GSE106878,SIG023,501,1.0039186678787282,1,SUCCESS
GSE106878,SIG023,502,-0.3746236750059217,1,SUCCESS
GSE106878,SIG023,503,-0.2939597196040421,1,SUCCESS
GSE106878,SIG023,504,0.5659906919583393,1,SUCCESS
GSE106878,SIG023,505,-0.3240153923021988,1,SUCCESS
GSE106878,SIG023,506,0.0576000816516807,1,SUCCESS
GSE106878,SIG023,507,-0.1839549848612666,1,SUCCESS
GSE106878,SIG023,508,-0.0306997114164464,1,SUCCESS
GSE106878,SIG023,509,0.6154027229227583,1,SUCCESS
GSE106878,SIG023,510,-0.0695704631709653,1,SUCCESS
GSE106878,SIG023,511,-0.3730172252853755,1,SUCCESS
GSE106878,SIG023,512,-0.2214466338535543,1,SUCCESS
GSE106878,SIG023,513,0.0213562812722759,1,SUCCESS
GSE106878,SIG023,514,0.4623033427108398,1,SUCCESS
GSE106878,SIG023,515,-0.6835163974896804,1,SUCCESS
GSE106878,SIG023,516,0.2220736568407633,1,SUCCESS
GSE106878,SIG023,517,0.0645104480976304,1,SUCCESS
GSE106878,SIG023,518,-0.0673865969952642,1,SUCCESS
GSE106878,SIG023,519,-0.2156760371305117,1,SUCCESS
GSE106878,SIG023,520,0.0238091239043909,1,SUCCESS
GSE106878,SIG023,521,0.7388923729331487,1,SUCCESS
GSE106878,SIG023,522,-0.4453549695797749,1,SUCCESS
GSE106878,SIG023,523,0.0478445298516899,1,SUCCESS
GSE106878,SIG023,524,-0.0519571702760414,1,SUCCESS
GSE106878,SIG023,525,-0.7790011523058654,1,SUCCESS
GSE106878,SIG023,526,0.3929024338771744,1,SUCCESS
GSE106878,SIG023,527,0.3652395975557391,1,SUCCESS
GSE106878,SIG023,528,0.108341277864741,1,SUCCESS
GSE106878,SIG023,529,-0.2043585275847037,1,SUCCESS
GSE106878,SIG023,530,-0.3808110868038939,1,SUCCESS
GSE106878,SIG023,531,-0.081865809902462,1,SUCCESS
GSE106878,SIG023,532,-0.2601470199079086,1,SUCCESS
GSE106878,SIG023,533,0.0554178639334645,1,SUCCESS
GSE106878,SIG023,534,-0.1983722594415971,1,SUCCESS
GSE106878,SIG023,535,-0.0194694225467703,1,SUCCESS
GSE106878,SIG023,536,-0.1285373537272062,1,SUCCESS
GSE106878,SIG023,537,-0.1791764491719533,1,SUCCESS
GSE106878,SIG023,538,-0.4724052034115005,1,SUCCESS
GSE106878,SIG023,539,-0.0669537758521194,1,SUCCESS
GSE106878,SIG023,540,0.3164883535961367,1,SUCCESS
GSE106878,SIG023,541,-0.1078495187219963,1,SUCCESS
GSE106878,SIG023,542,0.3515472044524893,1,SUCCESS
GSE106878,SIG023,543,0.3374900471091599,1,SUCCESS
GSE106878,SIG023,544,-0.1076425130452234,1,SUCCESS
GSE106878,SIG023,545,0.1183162708705251,1,SUCCESS
GSE106878,SIG023,546,-0.1390351361651266,1,SUCCESS
GSE106878,SIG023,547,0.0541559566852396,1,SUCCESS
GSE106878,SIG023,548,-0.0977939468068555,1,SUCCESS
GSE106878,SIG023,549,0.3533862324449688,1,SUCCESS
GSE106878,SIG023,550,-0.0209025383922524,1,SUCCESS
GSE106878,SIG023,551,-0.2460030599373473,1,SUCCESS
GSE106878,SIG023,552,-0.597494856062622,1,SUCCESS
GSE106878,SIG023,553,-0.2023280823804682,1,SUCCESS
GSE106878,SIG023,554,0.1321667918340716,1,SUCCESS
GSE106878,SIG023,555,0.1251217892554711,1,SUCCESS
GSE106878,SIG023,556,-0.0523213853347997,1,SUCCESS
GSE106878,SIG023,557,0.3108544780773424,1,SUCCESS
GSE106878,SIG023,558,-0.5689877035219124,1,SUCCESS
GSE106878,SIG023,559,1.3844530972345417,1,SUCCESS
GSE106878,SIG023,560,0.1038091065733174,1,SUCCESS
GSE106878,SIG023,561,-0.0092922613777641,1,SUCCESS
GSE106878,SIG023,562,0.3179255496236069,1,SUCCESS
GSE106878,SIG023,563,0.3139720627244162,1,SUCCESS
GSE106878,SIG023,564,0.5044140324845421,1,SUCCESS
GSE106878,SIG023,565,0.1603615838851007,1,SUCCESS
GSE106878,SIG023,566,-0.4648245150774674,1,SUCCESS
GSE106878,SIG023,567,0.0718997204763248,1,SUCCESS
GSE106878,SIG023,568,-0.6606664021762563,1,SUCCESS
GSE106878,SIG023,569,0.2330404126685633,1,SUCCESS
GSE106878,SIG023,570,-1.4961163771821275,1,SUCCESS
GSE106878,SIG023,571,-0.1881737256490238,1,SUCCESS
GSE106878,SIG023,572,-0.0414691252938877,1,SUCCESS
GSE106878,SIG023,573,0.2367191740195762,1,SUCCESS
GSE106878,SIG023,574,-0.0902523809712369,1,SUCCESS
GSE106878,SIG023,575,0.0540118544202084,1,SUCCESS
GSE106878,SIG023,576,-1.61086965354316,1,SUCCESS
GSE106878,SIG023,577,0.0788200600781769,1,SUCCESS
GSE106878,SIG023,578,-0.4648486574188227,1,SUCCESS
GSE106878,SIG023,579,-0.0780617662905431,1,SUCCESS
GSE106878,SIG023,580,0.6962836356050709,1,SUCCESS
GSE106878,SIG023,581,1.1384870927570137,1,SUCCESS
GSE106878,SIG023,582,0.2934234835168599,1,SUCCESS
GSE106878,SIG023,583,-0.2691325531434387,1,SUCCESS
GSE106878,SIG023,584,0.1596096556994312,1,SUCCESS
GSE106878,SIG023,585,0.2445831795701642,1,SUCCESS
GSE106878,SIG023,586,0.4270054670915069,1,SUCCESS
GSE106878,SIG023,587,0.1154983090667377,1,SUCCESS
GSE106878,SIG023,588,0.0731279461649333,1,SUCCESS
GSE106878,SIG023,589,1.2314697692796035,1,SUCCESS
GSE106878,SIG023,590,-0.2895500728045789,1,SUCCESS
GSE106878,SIG023,591,-0.0630799132458039,1,SUCCESS
GSE106878,SIG023,592,0.0177890804494649,1,SUCCESS
GSE106878,SIG023,593,-0.3004818601318462,1,SUCCESS
GSE106878,SIG023,594,-0.7963545000901274,1,SUCCESS
GSE106878,SIG023,595,0.0594935703541168,1,SUCCESS
GSE106878,SIG023,596,0.853758594098341,1,SUCCESS
GSE106878,SIG023,597,0.3835102347878213,1,SUCCESS
GSE106878,SIG023,598,-0.4627167274463034,1,SUCCESS
GSE106878,SIG023,599,0.5868604819027313,1,SUCCESS
GSE106878,SIG023,600,0.168746520438059,1,SUCCESS
GSE106878,SIG023,601,-0.2348254722357386,1,SUCCESS
GSE106878,SIG023,602,0.3636771354364198,1,SUCCESS
GSE106878,SIG023,603,-0.2132177729375443,1,SUCCESS
GSE106878,SIG023,604,0.1710617621636328,1,SUCCESS
GSE106878,SIG023,605,-0.0340729894069531,1,SUCCESS
GSE106878,SIG023,606,-0.0030497597765058,1,SUCCESS
GSE106878,SIG023,607,-0.4775134297586427,1,SUCCESS
GSE106878,SIG023,608,0.0098667280908079,1,SUCCESS
GSE106878,SIG023,609,0.4134163143642662,1,SUCCESS
GSE106878,SIG023,610,0.409425244160461,1,SUCCESS
GSE106878,SIG023,611,-0.0655100365700872,1,SUCCESS
GSE106878,SIG023,612,0.0845956599066608,1,SUCCESS
GSE106878,SIG023,613,-0.2594637054042344,1,SUCCESS
GSE106878,SIG023,614,0.3990936277688404,1,SUCCESS
GSE106878,SIG023,615,-0.2168885402480451,1,SUCCESS
GSE106878,SIG023,616,-0.0324143785175418,1,SUCCESS
GSE106878,SIG023,617,0.2368152463821362,1,SUCCESS
GSE106878,SIG023,618,-0.228786740188473,1,SUCCESS
GSE106878,SIG023,619,-0.1090167558049669,1,SUCCESS
GSE106878,SIG023,620,-0.6566928313330551,1,SUCCESS
GSE106878,SIG023,621,-0.019668941440746,1,SUCCESS
GSE106878,SIG023,622,-0.8811227783716808,1,SUCCESS
GSE106878,SIG023,623,-0.3900327681697884,1,SUCCESS
GSE106878,SIG023,624,0.0502580626610375,1,SUCCESS
GSE106878,SIG023,625,-0.2390305333580218,1,SUCCESS
GSE106878,SIG023,626,0.4019247927349915,1,SUCCESS
GSE106878,SIG023,627,0.247128466890986,1,SUCCESS
GSE106878,SIG023,628,0.4947075975253109,1,SUCCESS
GSE106878,SIG023,629,1.5710137947123748,1,SUCCESS
GSE106878,SIG023,630,-0.0667752749356398,1,SUCCESS
GSE106878,SIG023,631,-0.4945558786232062,1,SUCCESS
GSE106878,SIG023,632,-1.527112107828056,1,SUCCESS
GSE106878,SIG023,633,0.2283912852411307,1,SUCCESS
GSE106878,SIG023,634,-0.1258080369363159,1,SUCCESS
GSE106878,SIG023,635,-0.0438235694930671,1,SUCCESS
GSE106878,SIG023,636,-0.2191462950472812,1,SUCCESS
GSE106878,SIG023,637,-0.1959037977869708,1,SUCCESS
GSE106878,SIG023,638,-0.344117402611335,1,SUCCESS
GSE106878,SIG023,639,0.0889312924539273,1,SUCCESS
GSE106878,SIG023,640,-0.5286808068500118,1,SUCCESS
GSE106878,SIG023,641,0.0735057353953769,1,SUCCESS
GSE106878,SIG023,642,-0.4013995942910427,1,SUCCESS
GSE106878,SIG023,643,-0.1236573959239953,1,SUCCESS
GSE106878,SIG023,644,0.1030437350055885,1,SUCCESS
GSE106878,SIG023,645,0.2020786514006505,1,SUCCESS
GSE106878,SIG023,646,-0.7545065086245019,1,SUCCESS
GSE106878,SIG023,647,-0.146470925336974,1,SUCCESS
GSE106878,SIG023,648,0.1515143361758027,1,SUCCESS
GSE106878,SIG023,649,-0.1256784245892897,1,SUCCESS
GSE106878,SIG023,650,-0.4324623427961656,1,SUCCESS
GSE106878,SIG023,651,0.1283712270777157,1,SUCCESS
GSE106878,SIG023,652,-0.2265856790167338,1,SUCCESS
GSE106878,SIG023,653,-0.3733550143933847,1,SUCCESS
GSE106878,SIG023,654,0.528179260717032,1,SUCCESS
GSE106878,SIG023,655,0.1390680022450482,1,SUCCESS
GSE106878,SIG023,656,0.0276390162318412,1,SUCCESS
GSE106878,SIG023,657,0.5880367587289814,1,SUCCESS
GSE106878,SIG023,658,-0.1860007893742098,1,SUCCESS
GSE106878,SIG023,659,-0.0422931727326152,1,SUCCESS
GSE106878,SIG023,660,-0.3663701348380218,1,SUCCESS
GSE106878,SIG023,661,-0.4461720239213098,1,SUCCESS
GSE106878,SIG023,662,0.2900923541326311,1,SUCCESS
GSE106878,SIG023,663,-0.3469624943141666,1,SUCCESS
GSE106878,SIG023,664,-0.0189077371779759,1,SUCCESS
GSE106878,SIG023,665,0.0581888048210872,1,SUCCESS
GSE106878,SIG023,666,0.1691249151548515,1,SUCCESS
GSE106878,SIG023,667,0.0533894830401281,1,SUCCESS
GSE106878,SIG023,668,-0.2564855463428965,1,SUCCESS
GSE106878,SIG023,669,-0.345603054658522,1,SUCCESS
GSE106878,SIG023,670,0.1091446366742111,1,SUCCESS
GSE106878,SIG023,671,0.1395787987945922,1,SUCCESS
GSE106878,SIG023,672,-0.0815866532764256,1,SUCCESS
GSE106878,SIG023,673,-0.7843745569119324,1,SUCCESS
GSE106878,SIG023,674,0.466067248239257,1,SUCCESS
GSE106878,SIG023,675,-0.6733406879007171,1,SUCCESS
GSE106878,SIG023,676,0.2281031784987358,1,SUCCESS
GSE106878,SIG023,677,-0.1376172351996232,1,SUCCESS
GSE106878,SIG023,678,-0.6568277842348684,1,SUCCESS
GSE106878,SIG023,679,0.1967741446855326,1,SUCCESS
GSE106878,SIG023,680,0.5529169106427689,1,SUCCESS
GSE106878,SIG023,681,0.2311873955290585,1,SUCCESS
GSE106878,SIG023,682,-0.0092389741907982,1,SUCCESS
GSE106878,SIG023,683,-0.1119045949539167,1,SUCCESS
GSE106878,SIG023,684,0.9896990547115376,1,SUCCESS
GSE106878,SIG023,685,-0.0689903787189633,1,SUCCESS
GSE106878,SIG023,686,0.1782437820062561,1,SUCCESS
GSE106878,SIG023,687,-0.3271202896126547,1,SUCCESS
GSE106878,SIG023,688,0.2166100723093875,1,SUCCESS
GSE106878,SIG023,689,-0.222099895151864,1,SUCCESS
GSE106878,SIG023,690,-0.1112809858597935,1,SUCCESS
GSE106878,SIG023,691,0.2424041823314228,1,SUCCESS
GSE106878,SIG023,692,-0.1553938687066624,1,SUCCESS
GSE106878,SIG023,693,-0.528179260717032,1,SUCCESS
GSE106878,SIG023,694,-0.1545781126784758,1,SUCCESS
GSE106878,SIG023,695,-0.3943466300126479,1,SUCCESS
GSE106878,SIG023,696,-0.1876973021710664,1,SUCCESS
GSE106878,SIG023,697,-0.1754877085802476,1,SUCCESS
GSE106878,SIG023,698,-0.0007289891949406,1,SUCCESS
GSE106878,SIG023,699,-0.163619744788726,1,SUCCESS
GSE106878,SIG023,700,-0.0177767249560647,1,SUCCESS
GSE106878,SIG023,701,-0.3809402025427395,1,SUCCESS
GSE106878,SIG023,702,0.2279421968791703,1,SUCCESS
GSE106878,SIG023,703,0.2478865226095652,1,SUCCESS
GSE106878,SIG023,704,-0.4300157305744975,1,SUCCESS
GSE106878,SIG023,705,0.1823566302964438,1,SUCCESS
GSE106878,SIG023,706,-0.0171852755549302,1,SUCCESS
GSE106878,SIG023,707,-0.0354535623311412,1,SUCCESS
GSE106878,SIG023,708,0.3903411963659267,1,SUCCESS
GSE106878,SIG023,709,-0.373330634228799,1,SUCCESS
GSE106878,SIG023,710,0.7596130943350465,1,SUCCESS
GSE106878,SIG023,711,0.0101693237300142,1,SUCCESS
GSE106878,SIG023,712,-0.3813059488400172,1,SUCCESS
GSE106878,SIG023,713,0.2327991209607768,1,SUCCESS
GSE106878,SIG023,714,0.1407451789915662,1,SUCCESS
GSE106878,SIG023,715,-0.1103544421314604,1,SUCCESS
GSE106878,SIG023,716,0.4482878671684243,1,SUCCESS
GSE106878,SIG023,717,-0.0949118920888394,1,SUCCESS
GSE106878,SIG023,718,-0.0372530875620641,1,SUCCESS
GSE106878,SIG023,719,0.1589682749567002,1,SUCCESS
GSE106878,SIG023,720,0.1993906520881303,1,SUCCESS
GSE106878,SIG023,721,0.3552057853155445,1,SUCCESS
GSE106878,SIG023,722,-0.3652069190317927,1,SUCCESS
GSE106878,SIG023,723,0.3036119760676013,1,SUCCESS
GSE106878,SIG023,724,0.2937297641902837,1,SUCCESS
GSE106878,SIG023,725,0.1146426403600847,1,SUCCESS
GSE106878,SIG023,726,-0.4324761779033737,1,SUCCESS
GSE106878,SIG023,727,0.4764588830795819,1,SUCCESS
GSE106878,SIG023,728,0.2733715842927393,1,SUCCESS
GSE106878,SIG023,729,-0.0071075340221906,1,SUCCESS
GSE106878,SIG023,730,0.3114190603480081,1,SUCCESS
GSE106878,SIG023,731,0.204225921281082,1,SUCCESS
GSE106878,SIG023,732,0.1098260886015333,1,SUCCESS
GSE106878,SIG023,733,-0.1101314817073585,1,SUCCESS
GSE106878,SIG023,734,0.129449945319562,1,SUCCESS
GSE106878,SIG023,735,-0.1340660169643237,1,SUCCESS
GSE106878,SIG023,736,-0.4196418304176601,1,SUCCESS
GSE106878,SIG023,737,0.315139074871479,1,SUCCESS
GSE106878,SIG023,738,0.2041709657837867,1,SUCCESS
GSE106878,SIG023,739,-0.0087350771755554,1,SUCCESS
GSE106878,SIG023,740,0.2022671172313105,1,SUCCESS
GSE106878,SIG023,741,-0.3091378148792073,1,SUCCESS
GSE106878,SIG023,742,-0.0994090238792532,1,SUCCESS
GSE106878,SIG023,743,-0.4239893064159023,1,SUCCESS
GSE106878,SIG023,744,-0.1262986198712909,1,SUCCESS
GSE106878,SIG023,745,-0.1246256956288568,1,SUCCESS
GSE106878,SIG023,746,0.0954033315843001,1,SUCCESS
GSE106878,SIG023,747,-0.314033625082773,1,SUCCESS
GSE106878,SIG023,748,0.1747682530125739,1,SUCCESS
GSE106878,SIG023,749,0.0354521022338475,1,SUCCESS
GSE106878,SIG023,750,-0.7605842043062984,1,SUCCESS
GSE106878,SIG023,751,-0.0804304720972837,1,SUCCESS
GSE106878,SIG023,752,0.0205315792384342,1,SUCCESS
GSE106878,SIG023,753,0.0341762728290835,1,SUCCESS
GSE106878,SIG023,754,0.1610454150091897,1,SUCCESS
GSE106878,SIG023,755,0.1639483074551386,1,SUCCESS
GSE106878,SIG023,756,0.1321217847091764,1,SUCCESS
GSE106878,SIG023,757,-0.0634659405919357,1,SUCCESS
GSE106878,SIG023,758,0.0784572577867064,1,SUCCESS
GSE106878,SIG023,759,0.2264994811763278,1,SUCCESS
GSE106878,SIG023,760,-0.3113970322845391,1,SUCCESS
GSE106878,SIG023,761,0.1829219472560434,1,SUCCESS
GSE106878,SIG023,762,0.2956676073948412,1,SUCCESS
GSE106878,SIG023,763,-0.3121643717532655,1,SUCCESS
GSE106878,SIG023,764,-0.0986000543708902,1,SUCCESS
GSE106878,SIG023,765,0.1938551845959161,1,SUCCESS
GSE106878,SIG023,766,0.0743090801150227,1,SUCCESS
GSE106878,SIG023,767,-0.1265541503751255,1,SUCCESS
GSE106878,SIG023,768,-0.2232901831253543,1,SUCCESS
GSE106878,SIG023,769,-0.1114838731426553,1,SUCCESS
GSE106878,SIG023,770,0.4102312553292102,1,SUCCESS
GSE106878,SIG023,771,0.0087878436032889,1,SUCCESS
GSE106878,SIG023,772,-0.5057410550260941,1,SUCCESS
GSE106878,SIG023,773,0.0290960378742892,1,SUCCESS
GSE106878,SIG023,774,0.1634939998837732,1,SUCCESS
GSE106878,SIG023,775,0.3887873120939492,1,SUCCESS
GSE106878,SIG023,776,0.0144405072738376,1,SUCCESS
GSE106878,SIG023,777,-0.8297036685624269,1,SUCCESS
GSE106878,SIG023,778,-0.0338409575859427,1,SUCCESS
GSE106878,SIG023,779,0.4426738614761636,1,SUCCESS
GSE106878,SIG023,780,-0.324522259708613,1,SUCCESS
GSE106878,SIG023,781,-0.1175207354918978,1,SUCCESS
GSE106878,SIG023,782,0.1228045627743416,1,SUCCESS
GSE106878,SIG023,783,0.4190810415303318,1,SUCCESS
GSE106878,SIG023,784,-0.6741340119564975,1,SUCCESS
GSE106878,SIG023,785,0.143812852328202,1,SUCCESS
GSE106878,SIG023,786,-0.2251313937300818,1,SUCCESS
GSE106878,SIG023,787,0.1041855092065865,1,SUCCESS
GSE106878,SIG023,788,0.3529900225301357,1,SUCCESS
GSE106878,SIG023,789,-0.0563953700377287,1,SUCCESS
GSE106878,SIG023,790,-0.1502692131876765,1,SUCCESS
GSE106878,SIG023,791,0.2291929368019701,1,SUCCESS
GSE106878,SIG023,792,0.1076425130452234,1,SUCCESS
GSE106878,SIG023,793,-0.0398055840013591,1,SUCCESS
GSE106878,SIG023,794,-0.1347486479871975,1,SUCCESS
GSE106878,SIG023,795,-0.0750725226556812,1,SUCCESS
GSE106878,SIG023,796,0.3695360029696342,1,SUCCESS
GSE106878,SIG023,797,1.1456277900990095,1,SUCCESS
GSE106878,SIG023,798,-0.3205502318762551,1,SUCCESS
GSE106878,SIG023,799,-0.2936506561350244,1,SUCCESS
GSE106878,SIG023,800,-0.0879765466749849,1,SUCCESS
GSE106878,SIG023,801,0.1636484225901938,1,SUCCESS
GSE106878,SIG023,802,0.5623026325226921,1,SUCCESS
GSE106878,SIG023,803,-0.1396961426253199,1,SUCCESS
GSE106878,SIG023,804,-0.011299092914609,1,SUCCESS
GSE106878,SIG023,805,0.3057312716170781,1,SUCCESS
GSE106878,SIG023,806,0.0122629507766883,1,SUCCESS
GSE106878,SIG023,807,0.9643995150464326,1,SUCCESS
GSE106878,SIG023,808,-0.0484543358872425,1,SUCCESS
GSE106878,SIG023,809,-0.5324246378427656,1,SUCCESS
GSE106878,SIG023,810,-0.1563545935569529,1,SUCCESS
GSE106878,SIG023,811,0.3901009486589909,1,SUCCESS
GSE106878,SIG023,812,-0.1142790352684975,1,SUCCESS
GSE106878,SIG023,813,-0.1017648763070586,1,SUCCESS
GSE106878,SIG023,814,0.130522170942213,1,SUCCESS
GSE106878,SIG023,815,0.3894311151989456,1,SUCCESS
GSE106878,SIG023,816,-0.4172424264034974,1,SUCCESS
GSE106878,SIG023,817,0.123143783354388,1,SUCCESS
GSE106878,SIG023,818,0.3680722795287671,1,SUCCESS
GSE106878,SIG023,819,-0.1538684304367197,1,SUCCESS
GSE106878,SIG023,820,-0.2725389526950916,1,SUCCESS
GSE106878,SIG023,821,-0.0065426003073846,1,SUCCESS
GSE106878,SIG023,822,0.0504890974873023,1,SUCCESS
GSE106878,SIG023,823,0.7692956868079099,1,SUCCESS
GSE106878,SIG023,824,0.1510884224709695,1,SUCCESS
GSE106878,SIG023,825,-0.262093112595803,1,SUCCESS
GSE106878,SIG023,826,0.0235809160797493,1,SUCCESS
GSE106878,SIG023,827,0.339710373538194,1,SUCCESS
GSE106878,SIG023,828,-0.0174976109212973,1,SUCCESS
GSE106878,SIG023,829,-0.0335800494337815,1,SUCCESS
GSE106878,SIG023,830,1.089881696804879,1,SUCCESS
GSE106878,SIG023,831,0.1897622247661934,1,SUCCESS
GSE106878,SIG023,832,-0.1172853013587048,1,SUCCESS
GSE106878,SIG023,833,-0.3519524922479316,1,SUCCESS
GSE106878,SIG023,834,0.6913861447533927,1,SUCCESS
GSE106878,SIG023,835,-0.053075898150744,1,SUCCESS
GSE106878,SIG023,836,-0.4476528126671488,1,SUCCESS
GSE106878,SIG023,837,-0.5367478801467047,1,SUCCESS
GSE106878,SIG023,838,0.1086145595578144,1,SUCCESS
GSE106878,SIG023,839,-0.1099956742383508,1,SUCCESS
GSE106878,SIG023,840,-0.230754590742052,1,SUCCESS
GSE106878,SIG023,841,0.1661590633548683,1,SUCCESS
GSE106878,SIG023,842,0.2571877435848466,1,SUCCESS
GSE106878,SIG023,843,-0.1288482546629787,1,SUCCESS
GSE106878,SIG023,844,0.0473955780123001,1,SUCCESS
GSE106878,SIG023,845,-0.0029229550508213,1,SUCCESS
GSE106878,SIG023,846,-0.597494856062622,1,SUCCESS
GSE106878,SIG023,847,-0.179926065332663,1,SUCCESS
GSE106878,SIG023,848,0.0843378365364356,1,SUCCESS
GSE106878,SIG023,849,0.5322103188232107,1,SUCCESS
GSE106878,SIG023,850,-0.3421823065846455,1,SUCCESS
GSE106878,SIG023,851,-0.2455301238633488,1,SUCCESS
GSE106878,SIG023,852,-0.0185805133954984,1,SUCCESS
GSE106878,SIG023,853,-0.5377667036726373,1,SUCCESS
GSE106878,SIG023,854,0.2594637054042344,1,SUCCESS
GSE106878,SIG023,855,-0.1686941433399469,1,SUCCESS
GSE106878,SIG023,856,-0.3595929073212273,1,SUCCESS
GSE106878,SIG023,857,0.0410186146307926,1,SUCCESS
GSE106878,SIG023,858,0.4870541380057506,1,SUCCESS
GSE106878,SIG023,859,0.0312206038822053,1,SUCCESS
GSE106878,SIG023,860,-0.1667244637763973,1,SUCCESS
GSE106878,SIG023,861,-0.1359245135847002,1,SUCCESS
GSE106878,SIG023,862,0.4118710674387906,1,SUCCESS
GSE106878,SIG023,863,-0.0255472155761305,1,SUCCESS
GSE106878,SIG023,864,-0.3876271273678797,1,SUCCESS
GSE106878,SIG023,865,0.383871122782083,1,SUCCESS
GSE106878,SIG023,866,-0.1360861968488481,1,SUCCESS
GSE106878,SIG023,867,0.0026863895231828,1,SUCCESS
GSE106878,SIG023,868,0.1828347749420644,1,SUCCESS
GSE106878,SIG023,869,0.0764648527790078,1,SUCCESS
GSE106878,SIG023,870,0.092783680828296,1,SUCCESS
GSE106878,SIG023,871,-0.1524900524402315,1,SUCCESS
GSE106878,SIG023,872,0.2415928445571099,1,SUCCESS
GSE106878,SIG023,873,0.1083139562142311,1,SUCCESS
GSE106878,SIG023,874,-0.0952115672475657,1,SUCCESS
GSE106878,SIG023,875,0.350663044590278,1,SUCCESS
GSE106878,SIG023,876,0.2675802747229877,1,SUCCESS
GSE106878,SIG023,877,-0.0640964618301007,1,SUCCESS
GSE106878,SIG023,878,0.0405824482803704,1,SUCCESS
GSE106878,SIG023,879,-0.5354464718971104,1,SUCCESS
GSE106878,SIG023,880,-1.0267975160173983,1,SUCCESS
GSE106878,SIG023,881,-0.4116051195801929,1,SUCCESS
GSE106878,SIG023,882,0.2969385107412948,1,SUCCESS
GSE106878,SIG023,883,0.0729085996824791,1,SUCCESS
GSE106878,SIG023,884,-0.3315209331336822,1,SUCCESS
GSE106878,SIG023,885,-0.0497726125937511,1,SUCCESS
GSE106878,SIG023,886,-0.1803217710497167,1,SUCCESS
GSE106878,SIG023,887,-0.0476708903265484,1,SUCCESS
GSE106878,SIG023,888,-0.3400146202165203,1,SUCCESS
GSE106878,SIG023,889,-0.0568699093495669,1,SUCCESS
GSE106878,SIG023,890,0.1967467295452883,1,SUCCESS
GSE106878,SIG023,891,0.0412091139024586,1,SUCCESS
GSE106878,SIG023,892,-0.092230718034197,1,SUCCESS
GSE106878,SIG023,893,-0.1052117165898747,1,SUCCESS
GSE106878,SIG023,894,-0.0840280804051506,1,SUCCESS
GSE106878,SIG023,895,0.0120769139489496,1,SUCCESS
GSE106878,SIG023,896,-0.1361915370363693,1,SUCCESS
GSE106878,SIG023,897,-0.2091152729859479,1,SUCCESS
GSE106878,SIG023,898,0.1808931581095806,1,SUCCESS
GSE106878,SIG023,899,-0.3710929016720177,1,SUCCESS
GSE106878,SIG023,900,-0.2366645727939623,1,SUCCESS
GSE106878,SIG023,901,0.1964920701418913,1,SUCCESS
GSE106878,SIG023,902,-0.0322317245924186,1,SUCCESS
GSE106878,SIG023,903,-0.1201066214607664,1,SUCCESS
GSE106878,SIG023,904,-0.3569710922119412,1,SUCCESS
GSE106878,SIG023,905,-0.0329003996346153,1,SUCCESS
GSE106878,SIG023,906,-0.2091365034796748,1,SUCCESS
GSE106878,SIG023,907,0.4789070559017405,1,SUCCESS
GSE106878,SIG023,908,-0.014557944421439,1,SUCCESS
GSE106878,SIG023,909,-0.1699756087447327,1,SUCCESS
GSE106878,SIG023,910,0.4602238535581732,1,SUCCESS
GSE106878,SIG023,911,-0.3423459837701466,1,SUCCESS
GSE106878,SIG023,912,-0.0419066624123088,1,SUCCESS
GSE106878,SIG023,913,-0.2119099526233311,1,SUCCESS
GSE106878,SIG023,914,0.0596623093698335,1,SUCCESS
GSE106878,SIG023,915,-0.586687489098656,1,SUCCESS
GSE106878,SIG023,916,0.0658255711292533,1,SUCCESS
GSE106878,SIG023,917,-0.1268280071904161,1,SUCCESS
GSE106878,SIG023,918,0.0811593133000588,1,SUCCESS
GSE106878,SIG023,919,0.2496816806872792,1,SUCCESS
GSE106878,SIG023,920,0.0787937947561977,1,SUCCESS
GSE106878,SIG023,921,1.4938601806858636,1,SUCCESS
GSE106878,SIG023,922,-0.118736052164372,1,SUCCESS
GSE106878,SIG023,923,-0.1415212980370582,1,SUCCESS
GSE106878,SIG023,924,-0.3091378148792073,1,SUCCESS
GSE106878,SIG023,925,0.4461162318580112,1,SUCCESS
GSE106878,SIG023,926,-0.0211943894085803,1,SUCCESS
GSE106878,SIG023,927,-0.349877512881011,1,SUCCESS
GSE106878,SIG023,928,0.7790011523058654,1,SUCCESS
GSE106878,SIG023,929,-0.3212324640260506,1,SUCCESS
GSE106878,SIG023,930,0.4563303378769682,1,SUCCESS
GSE106878,SIG023,931,-0.2892655315952602,1,SUCCESS
GSE106878,SIG023,932,0.3249997016242238,1,SUCCESS
GSE106878,SIG023,933,-0.0649175502372333,1,SUCCESS
GSE106878,SIG023,934,-0.2562823818798916,1,SUCCESS
GSE106878,SIG023,935,0.5241640701185821,1,SUCCESS
GSE106878,SIG023,936,-0.7253853138949383,1,SUCCESS
GSE106878,SIG023,937,0.3862648628716595,1,SUCCESS
GSE106878,SIG023,938,1.065224573160236,1,SUCCESS
GSE106878,SIG023,939,-1.0177576083233346,1,SUCCESS
GSE106878,SIG023,940,-0.0407517625005679,1,SUCCESS
GSE106878,SIG023,941,0.1363073842878086,1,SUCCESS
GSE106878,SIG023,942,0.168746520438059,1,SUCCESS
GSE106878,SIG023,943,-0.1563805211936468,1,SUCCESS
GSE106878,SIG023,944,-0.0461532414553742,1,SUCCESS
GSE106878,SIG023,945,-0.660431802235288,1,SUCCESS
GSE106878,SIG023,946,-0.3892270390153839,1,SUCCESS
GSE106878,SIG023,947,0.0845259281680545,1,SUCCESS
GSE106878,SIG023,948,0.0978006947138563,1,SUCCESS
GSE106878,SIG023,949,0.1194828626121138,1,SUCCESS
GSE106878,SIG023,950,-0.1041855092065865,1,SUCCESS
GSE106878,SIG023,951,-0.2851265297529403,1,SUCCESS
GSE106878,SIG023,952,-0.0470194195583928,1,SUCCESS
GSE106878,SIG023,953,0.3364701087419674,1,SUCCESS
GSE106878,SIG023,954,0.0793201926864327,1,SUCCESS
GSE106878,SIG023,955,0.1343000434280224,1,SUCCESS
GSE106878,SIG023,956,0.0781379423445579,1,SUCCESS
GSE106878,SIG023,957,0.0748837892729648,1,SUCCESS
GSE106878,SIG023,958,-0.0555676576673346,1,SUCCESS
GSE106878,SIG023,959,-0.157849843650618,1,SUCCESS
GSE106878,SIG023,960,0.1043933112452928,1,SUCCESS
GSE106878,SIG023,961,-0.3007673328221026,1,SUCCESS
GSE106878,SIG023,962,-0.3182586731452746,1,SUCCESS
GSE106878,SIG023,963,0.3139720627244162,1,SUCCESS
GSE106878,SIG023,964,0.4479206410508815,1,SUCCESS
GSE106878,SIG023,965,-0.6173010005102935,1,SUCCESS
GSE106878,SIG023,966,-0.1442084509780154,1,SUCCESS
GSE106878,SIG023,967,0.2908771851914489,1,SUCCESS
GSE106878,SIG023,968,0.2611429199839864,1,SUCCESS
GSE106878,SIG023,969,-0.2284892793614349,1,SUCCESS
GSE106878,SIG023,970,0.0265251989284215,1,SUCCESS
GSE106878,SIG023,971,0.1618167103760658,1,SUCCESS
GSE106878,SIG023,972,0.0272155010230246,1,SUCCESS
GSE106878,SIG023,973,-0.0132014282683871,1,SUCCESS
GSE106878,SIG023,974,-0.3675424396026032,1,SUCCESS
GSE106878,SIG023,975,0.3190937841061546,1,SUCCESS
GSE106878,SIG023,976,-0.1622875814150257,1,SUCCESS
GSE106878,SIG023,977,0.0787445476412822,1,SUCCESS
GSE106878,SIG023,978,-0.2501043041387675,1,SUCCESS
GSE106878,SIG023,979,0.1929825581224803,1,SUCCESS
GSE106878,SIG023,980,-0.069812516792397,1,SUCCESS
GSE106878,SIG023,981,0.3225403306141036,1,SUCCESS
GSE106878,SIG023,982,0.3511954904883417,1,SUCCESS
GSE106878,SIG023,983,-0.7513362510539188,1,SUCCESS
GSE106878,SIG023,984,0.038701468892423,1,SUCCESS
GSE106878,SIG023,985,-0.4007231978922782,1,SUCCESS
GSE106878,SIG023,986,0.2885992641845997,1,SUCCESS
GSE106878,SIG023,987,0.8376223230649282,1,SUCCESS
GSE106878,SIG023,988,0.6651070426708566,1,SUCCESS
GSE106878,SIG023,989,-0.3692390195352452,1,SUCCESS
GSE106878,SIG023,990,0.3836219962627647,1,SUCCESS
GSE106878,SIG023,991,-0.138094242250838,1,SUCCESS
GSE106878,SIG023,992,0.4434540672755742,1,SUCCESS
GSE106878,SIG023,993,-0.5185874145732768,1,SUCCESS
GSE106878,SIG023,994,-0.1047482956646239,1,SUCCESS
GSE106878,SIG023,995,0.2139710952138724,1,SUCCESS
GSE106878,SIG023,996,-0.7261201337105919,1,SUCCESS
GSE106878,SIG023,997,-0.0594935703541168,1,SUCCESS
GSE106878,SIG023,998,-0.2978966626462969,1,SUCCESS
GSE106878,SIG023,999,-0.3548668729654194,1,SUCCESS
GSE106878,SIG023,1000,-0.1870031155874049,1,SUCCESS
GSE106878,SIG033,1,-0.3359180933334734,1,SUCCESS
GSE106878,SIG033,2,0.0192823642188963,1,SUCCESS
GSE106878,SIG033,3,0.0089225689005788,1,SUCCESS
GSE106878,SIG033,4,-1.0613913006842746,1,SUCCESS
GSE106878,SIG033,5,-0.3046434166942846,1,SUCCESS
GSE106878,SIG033,6,-0.4864844691547373,1,SUCCESS
GSE106878,SIG033,7,0.2714090339528816,1,SUCCESS
GSE106878,SIG033,8,-0.0508344212849196,1,SUCCESS
GSE106878,SIG033,9,-0.0594667595102339,1,SUCCESS
GSE106878,SIG033,10,-0.1150945917031121,1,SUCCESS
GSE106878,SIG033,11,0.3592703419736482,1,SUCCESS
GSE106878,SIG033,12,0.4703146124197643,1,SUCCESS
GSE106878,SIG033,13,-0.6106553536390134,1,SUCCESS
GSE106878,SIG033,14,0.3759405866181651,1,SUCCESS
GSE106878,SIG033,15,0.1333928034130488,1,SUCCESS
GSE106878,SIG033,16,0.324759687564311,1,SUCCESS
GSE106878,SIG033,17,0.0638663996200685,1,SUCCESS
GSE106878,SIG033,18,0.0890875176045802,1,SUCCESS
GSE106878,SIG033,19,0.0862257561614176,1,SUCCESS
GSE106878,SIG033,20,0.4943421878329916,1,SUCCESS
GSE106878,SIG033,21,-0.5132490143689917,1,SUCCESS
GSE106878,SIG033,22,-0.1336741148484105,1,SUCCESS
GSE106878,SIG033,23,-0.1878793143493167,1,SUCCESS
GSE106878,SIG033,24,0.8513058508446566,1,SUCCESS
GSE106878,SIG033,25,0.186533556609709,1,SUCCESS
GSE106878,SIG033,26,-0.0631620047095542,1,SUCCESS
GSE106878,SIG033,27,-0.0774068446502777,1,SUCCESS
GSE106878,SIG033,28,-0.1710405688209839,1,SUCCESS
GSE106878,SIG033,29,0.5687922584839196,1,SUCCESS
GSE106878,SIG033,30,0.2086794461629077,1,SUCCESS
GSE106878,SIG033,31,0.6089270793764583,1,SUCCESS
GSE106878,SIG033,32,0.1770105131036997,1,SUCCESS
GSE106878,SIG033,33,-0.0982047863296025,1,SUCCESS
GSE106878,SIG033,34,0.0459368427744204,1,SUCCESS
GSE106878,SIG033,35,-0.4514146588741439,1,SUCCESS
GSE106878,SIG033,36,-0.0157115098961447,1,SUCCESS
GSE106878,SIG033,37,-0.1682598331028376,1,SUCCESS
GSE106878,SIG033,38,-0.4508868013168275,1,SUCCESS
GSE106878,SIG033,39,0.5356618913701331,1,SUCCESS
GSE106878,SIG033,40,0.1365071314196989,1,SUCCESS
GSE106878,SIG033,41,0.0546337186521608,1,SUCCESS
GSE106878,SIG033,42,-0.0976316059753493,1,SUCCESS
GSE106878,SIG033,43,0.0447616660635991,1,SUCCESS
GSE106878,SIG033,44,-0.5666337173263193,1,SUCCESS
GSE106878,SIG033,45,-0.5289708337927862,1,SUCCESS
GSE106878,SIG033,46,1.0832763851499752,1,SUCCESS
GSE106878,SIG033,47,-0.1918888907033102,1,SUCCESS
GSE106878,SIG033,48,-0.09463495693922,1,SUCCESS
GSE106878,SIG033,49,0.2671478187699631,1,SUCCESS
GSE106878,SIG033,50,0.1053467894635271,1,SUCCESS
GSE106878,SIG033,51,0.3967347324033323,1,SUCCESS
GSE106878,SIG033,52,0.060749744943205,1,SUCCESS
GSE106878,SIG033,53,0.0560592729267611,1,SUCCESS
GSE106878,SIG033,54,-0.2108155143003016,1,SUCCESS
GSE106878,SIG033,55,-0.1662052206883257,1,SUCCESS
GSE106878,SIG033,56,-0.2390225051301369,1,SUCCESS
GSE106878,SIG033,57,0.2652400837673768,1,SUCCESS
GSE106878,SIG033,58,0.4349648942360102,1,SUCCESS
GSE106878,SIG033,59,-0.2436502172205624,1,SUCCESS
GSE106878,SIG033,60,-0.2491712460798195,1,SUCCESS
GSE106878,SIG033,61,0.0532763558398474,1,SUCCESS
GSE106878,SIG033,62,0.1347759628192294,1,SUCCESS
GSE106878,SIG033,63,0.544020069767139,1,SUCCESS
GSE106878,SIG033,64,-0.2401841047057186,1,SUCCESS
GSE106878,SIG033,65,-0.0817635010086637,1,SUCCESS
GSE106878,SIG033,66,1.1282991244364304,1,SUCCESS
GSE106878,SIG033,67,-0.2873105624424523,1,SUCCESS
GSE106878,SIG033,68,0.1902364366803,1,SUCCESS
GSE106878,SIG033,69,0.1772256124657945,1,SUCCESS
GSE106878,SIG033,70,-0.3823803274715303,1,SUCCESS
GSE106878,SIG033,71,-0.0330169547970606,1,SUCCESS
GSE106878,SIG033,72,0.3685902027724231,1,SUCCESS
GSE106878,SIG033,73,-0.178966256998889,1,SUCCESS
GSE106878,SIG033,74,1.2753956466931378,1,SUCCESS
GSE106878,SIG033,75,0.161737007951529,1,SUCCESS
GSE106878,SIG033,76,-0.4307551833004429,1,SUCCESS
GSE106878,SIG033,77,0.2220829301374766,1,SUCCESS
GSE106878,SIG033,78,-0.1473935182590053,1,SUCCESS
GSE106878,SIG033,79,0.2002259067410978,1,SUCCESS
GSE106878,SIG033,80,-0.1703618013800711,1,SUCCESS
GSE106878,SIG033,81,0.0133781342668456,1,SUCCESS
GSE106878,SIG033,82,-0.1348754536492049,1,SUCCESS
GSE106878,SIG033,83,-0.0571818708483366,1,SUCCESS
GSE106878,SIG033,84,0.2433100534027077,1,SUCCESS
GSE106878,SIG033,85,0.420327460550161,1,SUCCESS
GSE106878,SIG033,86,0.4627633358877388,1,SUCCESS
GSE106878,SIG033,87,-0.8852455872673987,1,SUCCESS
GSE106878,SIG033,88,-0.1702386412092044,1,SUCCESS
GSE106878,SIG033,89,-0.0155925484024763,1,SUCCESS
GSE106878,SIG033,90,0.1752729368476294,1,SUCCESS
GSE106878,SIG033,91,0.4042334994912626,1,SUCCESS
GSE106878,SIG033,92,-0.1315394569635689,1,SUCCESS
GSE106878,SIG033,93,-0.3522467020341546,1,SUCCESS
GSE106878,SIG033,94,0.189133118219747,1,SUCCESS
GSE106878,SIG033,95,0.7308089567787229,1,SUCCESS
GSE106878,SIG033,96,0.0887984039067668,1,SUCCESS
GSE106878,SIG033,97,0.3272244901515767,1,SUCCESS
GSE106878,SIG033,98,-0.3455963710195655,1,SUCCESS
GSE106878,SIG033,99,-0.0896377834437689,1,SUCCESS
GSE106878,SIG033,100,-0.5492969644372736,1,SUCCESS
GSE106878,SIG033,101,0.7803807084239083,1,SUCCESS
GSE106878,SIG033,102,-0.1234190339667443,1,SUCCESS
GSE106878,SIG033,103,0.8966268324211374,1,SUCCESS
GSE106878,SIG033,104,0.0125452393025729,1,SUCCESS
GSE106878,SIG033,105,0.0213999025477966,1,SUCCESS
GSE106878,SIG033,106,-0.225236280665248,1,SUCCESS
GSE106878,SIG033,107,-0.0184655840681324,1,SUCCESS
GSE106878,SIG033,108,0.2062044495120107,1,SUCCESS
GSE106878,SIG033,109,-0.4309935114252795,1,SUCCESS
GSE106878,SIG033,110,-0.0479646161673615,1,SUCCESS
GSE106878,SIG033,111,0.0961153387024475,1,SUCCESS
GSE106878,SIG033,112,-0.0787528437955,1,SUCCESS
GSE106878,SIG033,113,0.0777976734856781,1,SUCCESS
GSE106878,SIG033,114,0.2764703992889284,1,SUCCESS
GSE106878,SIG033,115,0.1618980089392922,1,SUCCESS
GSE106878,SIG033,116,-0.4415220108597011,1,SUCCESS
GSE106878,SIG033,117,-0.018291617239767,1,SUCCESS
GSE106878,SIG033,118,0.3250212986261248,1,SUCCESS
GSE106878,SIG033,119,0.7635025018794583,1,SUCCESS
GSE106878,SIG033,120,0.0113083927903466,1,SUCCESS
GSE106878,SIG033,121,-0.1262438538155126,1,SUCCESS
GSE106878,SIG033,122,-0.3754488088354326,1,SUCCESS
GSE106878,SIG033,123,0.1160421984932804,1,SUCCESS
GSE106878,SIG033,124,-0.2806388647121384,1,SUCCESS
GSE106878,SIG033,125,0.0894170487015883,1,SUCCESS
GSE106878,SIG033,126,0.012254343821903,1,SUCCESS
GSE106878,SIG033,127,-0.8313572159411873,1,SUCCESS
GSE106878,SIG033,128,0.0469561938264765,1,SUCCESS
GSE106878,SIG033,129,0.0205048604060592,1,SUCCESS
GSE106878,SIG033,130,-0.1789880033722276,1,SUCCESS
GSE106878,SIG033,131,0.7474623738593095,1,SUCCESS
GSE106878,SIG033,132,0.3992836186134397,1,SUCCESS
GSE106878,SIG033,133,0.2906682599343167,1,SUCCESS
GSE106878,SIG033,134,0.2124518299106117,1,SUCCESS
GSE106878,SIG033,135,-0.234679089011591,1,SUCCESS
GSE106878,SIG033,136,0.3111971926065616,1,SUCCESS
GSE106878,SIG033,137,-0.4449742373064237,1,SUCCESS
GSE106878,SIG033,138,-0.0601995048130879,1,SUCCESS
GSE106878,SIG033,139,0.3087458527397347,1,SUCCESS
GSE106878,SIG033,140,0.5392611919701726,1,SUCCESS
GSE106878,SIG033,141,-0.3222272712428828,1,SUCCESS
GSE106878,SIG033,142,0.1945621420313528,1,SUCCESS
GSE106878,SIG033,143,-0.1306511388767874,1,SUCCESS
GSE106878,SIG033,144,-0.3561764975417477,1,SUCCESS
GSE106878,SIG033,145,-0.191264902126576,1,SUCCESS
GSE106878,SIG033,146,0.3700661298306122,1,SUCCESS
GSE106878,SIG033,147,0.3962910632596165,1,SUCCESS
GSE106878,SIG033,148,0.3115508505833848,1,SUCCESS
GSE106878,SIG033,149,0.0280737565350848,1,SUCCESS
GSE106878,SIG033,150,0.1084034412520201,1,SUCCESS
GSE106878,SIG033,151,0.1041070435559236,1,SUCCESS
GSE106878,SIG033,152,-0.6280922890271345,1,SUCCESS
GSE106878,SIG033,153,0.3678511136524823,1,SUCCESS
GSE106878,SIG033,154,0.00464820755273,1,SUCCESS
GSE106878,SIG033,155,-0.0493674706698988,1,SUCCESS
GSE106878,SIG033,156,0.3579630252763345,1,SUCCESS
GSE106878,SIG033,157,-0.0940997475146513,1,SUCCESS
GSE106878,SIG033,158,0.0421157769352691,1,SUCCESS
GSE106878,SIG033,159,0.068331849475693,1,SUCCESS
GSE106878,SIG033,160,0.4052917191352159,1,SUCCESS
GSE106878,SIG033,161,-0.2581436069314393,1,SUCCESS
GSE106878,SIG033,162,0.2144584875405015,1,SUCCESS
GSE106878,SIG033,163,0.547746842999845,1,SUCCESS
GSE106878,SIG033,164,-0.4307886492183722,1,SUCCESS
GSE106878,SIG033,165,0.6267718694365125,1,SUCCESS
GSE106878,SIG033,166,0.4262800395984147,1,SUCCESS
GSE106878,SIG033,167,0.2042411812534485,1,SUCCESS
GSE106878,SIG033,168,0.0502016172169168,1,SUCCESS
GSE106878,SIG033,169,0.0243332140400792,1,SUCCESS
GSE106878,SIG033,170,0.1046156969811464,1,SUCCESS
GSE106878,SIG033,171,0.0136821627136084,1,SUCCESS
GSE106878,SIG033,172,-0.5458404934510935,1,SUCCESS
GSE106878,SIG033,173,0.1755371436530471,1,SUCCESS
GSE106878,SIG033,174,0.3958138162555303,1,SUCCESS
GSE106878,SIG033,175,-0.232025680002889,1,SUCCESS
GSE106878,SIG033,176,-0.0807153267191398,1,SUCCESS
GSE106878,SIG033,177,-0.0738515024828184,1,SUCCESS
GSE106878,SIG033,178,0.1170599670920631,1,SUCCESS
GSE106878,SIG033,179,-0.1020310017592785,1,SUCCESS
GSE106878,SIG033,180,-0.4012131526019116,1,SUCCESS
GSE106878,SIG033,181,-0.0628487292778629,1,SUCCESS
GSE106878,SIG033,182,-0.3382962077407574,1,SUCCESS
GSE106878,SIG033,183,0.2927195134178733,1,SUCCESS
GSE106878,SIG033,184,-0.3272440250356727,1,SUCCESS
GSE106878,SIG033,185,0.4304299318372608,1,SUCCESS
GSE106878,SIG033,186,-0.2920802836266423,1,SUCCESS
GSE106878,SIG033,187,0.7021184135047929,1,SUCCESS
GSE106878,SIG033,188,0.0614593699383655,1,SUCCESS
GSE106878,SIG033,189,-0.4066764679737211,1,SUCCESS
GSE106878,SIG033,190,-0.1204575110196396,1,SUCCESS
GSE106878,SIG033,191,-0.4412133702182041,1,SUCCESS
GSE106878,SIG033,192,-0.5402425121326307,1,SUCCESS
GSE106878,SIG033,193,0.3282186527404786,1,SUCCESS
GSE106878,SIG033,194,0.1724148007651425,1,SUCCESS
GSE106878,SIG033,195,-0.0649604198801739,1,SUCCESS
GSE106878,SIG033,196,-0.4070113792369173,1,SUCCESS
GSE106878,SIG033,197,0.3951931662088382,1,SUCCESS
GSE106878,SIG033,198,-0.4040486640255745,1,SUCCESS
GSE106878,SIG033,199,0.4446562810408459,1,SUCCESS
GSE106878,SIG033,200,-0.7507570858342338,1,SUCCESS
GSE106878,SIG033,201,0.2655681538331956,1,SUCCESS
GSE106878,SIG033,202,-0.4250111204546662,1,SUCCESS
GSE106878,SIG033,203,0.3812279252947345,1,SUCCESS
GSE106878,SIG033,204,0.0326691186125363,1,SUCCESS
GSE106878,SIG033,205,-0.2026847176918562,1,SUCCESS
GSE106878,SIG033,206,-0.0038869434894773,1,SUCCESS
GSE106878,SIG033,207,-0.0337894917281478,1,SUCCESS
GSE106878,SIG033,208,-0.3639717199390315,1,SUCCESS
GSE106878,SIG033,209,0.731448308894514,1,SUCCESS
GSE106878,SIG033,210,0.173125795625733,1,SUCCESS
GSE106878,SIG033,211,0.1115280130651258,1,SUCCESS
GSE106878,SIG033,212,-0.0954622676630851,1,SUCCESS
GSE106878,SIG033,213,-0.3843925614767175,1,SUCCESS
GSE106878,SIG033,214,-0.1146613377453482,1,SUCCESS
GSE106878,SIG033,215,-0.2804403541410682,1,SUCCESS
GSE106878,SIG033,216,-0.0149886876379638,1,SUCCESS
GSE106878,SIG033,217,0.0964375237576272,1,SUCCESS
GSE106878,SIG033,218,-0.8240172345481345,1,SUCCESS
GSE106878,SIG033,219,0.0853200366807034,1,SUCCESS
GSE106878,SIG033,220,-0.209926402131443,1,SUCCESS
GSE106878,SIG033,221,-0.1590322797037423,1,SUCCESS
GSE106878,SIG033,222,-0.0953951883010507,1,SUCCESS
GSE106878,SIG033,223,0.1502283981184141,1,SUCCESS
GSE106878,SIG033,224,-0.2186330816285818,1,SUCCESS
GSE106878,SIG033,225,-0.295708675536462,1,SUCCESS
GSE106878,SIG033,226,0.688719186807685,1,SUCCESS
GSE106878,SIG033,227,-0.3634740717599413,1,SUCCESS
GSE106878,SIG033,228,0.0555216581072941,1,SUCCESS
GSE106878,SIG033,229,-0.2518212008254148,1,SUCCESS
GSE106878,SIG033,230,0.5917067845356955,1,SUCCESS
GSE106878,SIG033,231,-0.2728435550826404,1,SUCCESS
GSE106878,SIG033,232,-0.2505113176650139,1,SUCCESS
GSE106878,SIG033,233,-0.8727514744143686,1,SUCCESS
GSE106878,SIG033,234,0.3682755184909005,1,SUCCESS
GSE106878,SIG033,235,0.2128863658101441,1,SUCCESS
GSE106878,SIG033,236,0.3392519429465402,1,SUCCESS
GSE106878,SIG033,237,0.1555371252900314,1,SUCCESS
GSE106878,SIG033,238,0.7669105651455964,1,SUCCESS
GSE106878,SIG033,239,0.1873875502493636,1,SUCCESS
GSE106878,SIG033,240,-0.4019715696726422,1,SUCCESS
GSE106878,SIG033,241,-0.4682968796626033,1,SUCCESS
GSE106878,SIG033,242,0.0301294686705737,1,SUCCESS
GSE106878,SIG033,243,-0.1388909669801306,1,SUCCESS
GSE106878,SIG033,244,-0.0487699601973174,1,SUCCESS
GSE106878,SIG033,245,-0.4408923040179918,1,SUCCESS
GSE106878,SIG033,246,-0.2554219259535298,1,SUCCESS
GSE106878,SIG033,247,0.4386837403569518,1,SUCCESS
GSE106878,SIG033,248,0.3641783129303917,1,SUCCESS
GSE106878,SIG033,249,0.9214451139612356,1,SUCCESS
GSE106878,SIG033,250,0.4897754528446486,1,SUCCESS
GSE106878,SIG033,251,0.0205590521777079,1,SUCCESS
GSE106878,SIG033,252,0.4956163746401642,1,SUCCESS
GSE106878,SIG033,253,0.1299013150423983,1,SUCCESS
GSE106878,SIG033,254,0.160216703137362,1,SUCCESS
GSE106878,SIG033,255,-0.2996726150703422,1,SUCCESS
GSE106878,SIG033,256,-0.1440405646496994,1,SUCCESS
GSE106878,SIG033,257,-0.1347953665572597,1,SUCCESS
GSE106878,SIG033,258,0.6696658770763984,1,SUCCESS
GSE106878,SIG033,259,0.2528263876676325,1,SUCCESS
GSE106878,SIG033,260,0.2285662914408617,1,SUCCESS
GSE106878,SIG033,261,-0.3178002532561902,1,SUCCESS
GSE106878,SIG033,262,0.095668161157131,1,SUCCESS
GSE106878,SIG033,263,0.3724069675624138,1,SUCCESS
GSE106878,SIG033,264,0.4002282327022432,1,SUCCESS
GSE106878,SIG033,265,-0.3634674137675303,1,SUCCESS
GSE106878,SIG033,266,0.3631968792660481,1,SUCCESS
GSE106878,SIG033,267,0.4903967917961985,1,SUCCESS
GSE106878,SIG033,268,-0.069767708680106,1,SUCCESS
GSE106878,SIG033,269,0.2290208875691196,1,SUCCESS
GSE106878,SIG033,270,-0.2415352654091659,1,SUCCESS
GSE106878,SIG033,271,0.1260323573789206,1,SUCCESS
GSE106878,SIG033,272,-0.1489722909468311,1,SUCCESS
GSE106878,SIG033,273,-0.3978487616957492,1,SUCCESS
GSE106878,SIG033,274,0.1457084359879292,1,SUCCESS
GSE106878,SIG033,275,-0.039884222996269,1,SUCCESS
GSE106878,SIG033,276,-0.6472628072413789,1,SUCCESS
GSE106878,SIG033,277,-0.0176062210506226,1,SUCCESS
GSE106878,SIG033,278,0.3713791075515474,1,SUCCESS
GSE106878,SIG033,279,0.0742797044419449,1,SUCCESS
GSE106878,SIG033,280,-0.0497813186432956,1,SUCCESS
GSE106878,SIG033,281,-0.0580761220317115,1,SUCCESS
GSE106878,SIG033,282,-0.1382500496135305,1,SUCCESS
GSE106878,SIG033,283,-0.3967107822180495,1,SUCCESS
GSE106878,SIG033,284,-0.224594449041794,1,SUCCESS
GSE106878,SIG033,285,0.0609889049321803,1,SUCCESS
GSE106878,SIG033,286,-0.5611169236984328,1,SUCCESS
GSE106878,SIG033,287,-0.268593504165791,1,SUCCESS
GSE106878,SIG033,288,0.0858403975365748,1,SUCCESS
GSE106878,SIG033,289,-0.7645761645079859,1,SUCCESS
GSE106878,SIG033,290,0.1396004559396572,1,SUCCESS
GSE106878,SIG033,291,-0.2142743295751935,1,SUCCESS
GSE106878,SIG033,292,-0.2649507994404512,1,SUCCESS
GSE106878,SIG033,293,0.1969831199602222,1,SUCCESS
GSE106878,SIG033,294,0.292330945951041,1,SUCCESS
GSE106878,SIG033,295,-0.2101034568518576,1,SUCCESS
GSE106878,SIG033,296,-0.2883171263780135,1,SUCCESS
GSE106878,SIG033,297,-0.206216849387275,1,SUCCESS
GSE106878,SIG033,298,0.1732628124972396,1,SUCCESS
GSE106878,SIG033,299,0.1343504506881514,1,SUCCESS
GSE106878,SIG033,300,0.2205938270271083,1,SUCCESS
GSE106878,SIG033,301,-0.380122686713261,1,SUCCESS
GSE106878,SIG033,302,-0.2610821885390014,1,SUCCESS
GSE106878,SIG033,303,-0.1543833978417954,1,SUCCESS
GSE106878,SIG033,304,0.0166054452123053,1,SUCCESS
GSE106878,SIG033,305,-0.1896309445948438,1,SUCCESS
GSE106878,SIG033,306,-0.0199321328425489,1,SUCCESS
GSE106878,SIG033,307,-0.2152567948217579,1,SUCCESS
GSE106878,SIG033,308,0.2340699927904526,1,SUCCESS
GSE106878,SIG033,309,0.0594186557829284,1,SUCCESS
GSE106878,SIG033,310,-0.4798618811354114,1,SUCCESS
GSE106878,SIG033,311,-0.0686231012621704,1,SUCCESS
GSE106878,SIG033,312,0.4836321414725621,1,SUCCESS
GSE106878,SIG033,313,0.1733447663696484,1,SUCCESS
GSE106878,SIG033,314,0.0556995568523891,1,SUCCESS
GSE106878,SIG033,315,0.515382947397501,1,SUCCESS
GSE106878,SIG033,316,-0.2780000525374272,1,SUCCESS
GSE106878,SIG033,317,-0.1414832064825908,1,SUCCESS
GSE106878,SIG033,318,0.8368770265777186,1,SUCCESS
GSE106878,SIG033,319,-0.5040352661373965,1,SUCCESS
GSE106878,SIG033,320,-0.3210690002959575,1,SUCCESS
GSE106878,SIG033,321,0.319232411038879,1,SUCCESS
GSE106878,SIG033,322,0.1095418199363608,1,SUCCESS
GSE106878,SIG033,323,-0.3100377138710576,1,SUCCESS
GSE106878,SIG033,324,0.3044842590226418,1,SUCCESS
GSE106878,SIG033,325,-0.2325112184169807,1,SUCCESS
GSE106878,SIG033,326,-0.2310272760322199,1,SUCCESS
GSE106878,SIG033,327,0.1573927555104859,1,SUCCESS
GSE106878,SIG033,328,-0.3175172741042168,1,SUCCESS
GSE106878,SIG033,329,-0.2575743352709521,1,SUCCESS
GSE106878,SIG033,330,0.4527010404384058,1,SUCCESS
GSE106878,SIG033,331,0.080461451128372,1,SUCCESS
GSE106878,SIG033,332,0.2249663785718191,1,SUCCESS
GSE106878,SIG033,333,0.3261952038262059,1,SUCCESS
GSE106878,SIG033,334,-0.3993209241242791,1,SUCCESS
GSE106878,SIG033,335,-0.2186682150764055,1,SUCCESS
GSE106878,SIG033,336,0.138453043066591,1,SUCCESS
GSE106878,SIG033,337,0.2233529201821266,1,SUCCESS
GSE106878,SIG033,338,0.2970935760892604,1,SUCCESS
GSE106878,SIG033,339,-0.3452770048424031,1,SUCCESS
GSE106878,SIG033,340,-0.0043362802808422,1,SUCCESS
GSE106878,SIG033,341,0.3482333396076176,1,SUCCESS
GSE106878,SIG033,342,-0.3775254511107472,1,SUCCESS
GSE106878,SIG033,343,-0.0256613630294499,1,SUCCESS
GSE106878,SIG033,344,-0.1644632931750106,1,SUCCESS
GSE106878,SIG033,345,-0.2489703708961785,1,SUCCESS
GSE106878,SIG033,346,0.4426050996756751,1,SUCCESS
GSE106878,SIG033,347,-0.2234799593606722,1,SUCCESS
GSE106878,SIG033,348,0.3214596704361947,1,SUCCESS
GSE106878,SIG033,349,-0.4225073933187408,1,SUCCESS
GSE106878,SIG033,350,0.447748493967796,1,SUCCESS
GSE106878,SIG033,351,-0.5484085837890471,1,SUCCESS
GSE106878,SIG033,352,-0.1762963204482474,1,SUCCESS
GSE106878,SIG033,353,0.2834760651576078,1,SUCCESS
GSE106878,SIG033,354,0.270605972934593,1,SUCCESS
GSE106878,SIG033,355,0.0876775385625455,1,SUCCESS
GSE106878,SIG033,356,0.3606986344929258,1,SUCCESS
GSE106878,SIG033,357,0.4068814777524234,1,SUCCESS
GSE106878,SIG033,358,0.0455749243922238,1,SUCCESS
GSE106878,SIG033,359,0.1124454251251679,1,SUCCESS
GSE106878,SIG033,360,0.36388460316329,1,SUCCESS
GSE106878,SIG033,361,0.098826573227286,1,SUCCESS
GSE106878,SIG033,362,-0.0904138772602668,1,SUCCESS
GSE106878,SIG033,363,-0.0614712955779431,1,SUCCESS
GSE106878,SIG033,364,-0.1096297212425099,1,SUCCESS
GSE106878,SIG033,365,-0.1645180029846643,1,SUCCESS
GSE106878,SIG033,366,-0.4013266455736887,1,SUCCESS
GSE106878,SIG033,367,0.0620909699729311,1,SUCCESS
GSE106878,SIG033,368,-0.3183016513146509,1,SUCCESS
GSE106878,SIG033,369,-0.0612019752581271,1,SUCCESS
GSE106878,SIG033,370,0.9815255976043042,1,SUCCESS
GSE106878,SIG033,371,-0.0627031142679628,1,SUCCESS
GSE106878,SIG033,372,-0.3785134342744379,1,SUCCESS
GSE106878,SIG033,373,-0.0300498987332821,1,SUCCESS
GSE106878,SIG033,374,-0.1688042398985763,1,SUCCESS
GSE106878,SIG033,375,-0.078536013444724,1,SUCCESS
GSE106878,SIG033,376,0.4497747871918708,1,SUCCESS
GSE106878,SIG033,377,0.3878266237713994,1,SUCCESS
GSE106878,SIG033,378,-0.2560944106280895,1,SUCCESS
GSE106878,SIG033,379,0.2642997180565595,1,SUCCESS
GSE106878,SIG033,380,-0.480466160224876,1,SUCCESS
GSE106878,SIG033,381,-0.2409643980780242,1,SUCCESS
GSE106878,SIG033,382,0.3584259595974847,1,SUCCESS
GSE106878,SIG033,383,0.1987629704548043,1,SUCCESS
GSE106878,SIG033,384,0.2890760248666597,1,SUCCESS
GSE106878,SIG033,385,0.355784137810023,1,SUCCESS
GSE106878,SIG033,386,-0.0315933334199587,1,SUCCESS
GSE106878,SIG033,387,0.125539677939511,1,SUCCESS
GSE106878,SIG033,388,-0.0310535184615669,1,SUCCESS
GSE106878,SIG033,389,0.8368190228282394,1,SUCCESS
GSE106878,SIG033,390,0.0493058556572032,1,SUCCESS
GSE106878,SIG033,391,-0.0260104435425221,1,SUCCESS
GSE106878,SIG033,392,0.0240041218161629,1,SUCCESS
GSE106878,SIG033,393,0.0013788013857614,1,SUCCESS
GSE106878,SIG033,394,0.4250850814026646,1,SUCCESS
GSE106878,SIG033,395,0.163606046250797,1,SUCCESS
GSE106878,SIG033,396,0.8555441821861203,1,SUCCESS
GSE106878,SIG033,397,0.0712013473366252,1,SUCCESS
GSE106878,SIG033,398,0.4748314446533351,1,SUCCESS
GSE106878,SIG033,399,-0.0236285895808296,1,SUCCESS
GSE106878,SIG033,400,0.2744914147678792,1,SUCCESS
GSE106878,SIG033,401,0.0271657606354793,1,SUCCESS
GSE106878,SIG033,402,-0.4692059647393083,1,SUCCESS
GSE106878,SIG033,403,-0.3417797879965904,1,SUCCESS
GSE106878,SIG033,404,0.0551935097796915,1,SUCCESS
GSE106878,SIG033,405,0.8042316640542879,1,SUCCESS
GSE106878,SIG033,406,-0.1383900048785288,1,SUCCESS
GSE106878,SIG033,407,0.6079144665716456,1,SUCCESS
GSE106878,SIG033,408,0.8126590088398226,1,SUCCESS
GSE106878,SIG033,409,-0.0987373504384653,1,SUCCESS
GSE106878,SIG033,410,-0.2386618237014874,1,SUCCESS
GSE106878,SIG033,411,0.2931617852717387,1,SUCCESS
GSE106878,SIG033,412,0.0809046477384968,1,SUCCESS
GSE106878,SIG033,413,-0.2571317450410917,1,SUCCESS
GSE106878,SIG033,414,0.3594583287435466,1,SUCCESS
GSE106878,SIG033,415,-0.0683153941811099,1,SUCCESS
GSE106878,SIG033,416,0.4205687912734688,1,SUCCESS
GSE106878,SIG033,417,-0.2434606137226591,1,SUCCESS
GSE106878,SIG033,418,-0.3649002722713684,1,SUCCESS
GSE106878,SIG033,419,-0.2291971374844434,1,SUCCESS
GSE106878,SIG033,420,-0.029876108722723,1,SUCCESS
GSE106878,SIG033,421,0.65046426482811,1,SUCCESS
GSE106878,SIG033,422,-0.1561461805342114,1,SUCCESS
GSE106878,SIG033,423,-0.1134893963898062,1,SUCCESS
GSE106878,SIG033,424,0.0726097760161457,1,SUCCESS
GSE106878,SIG033,425,0.3281038807388591,1,SUCCESS
GSE106878,SIG033,426,-0.2849434520925221,1,SUCCESS
GSE106878,SIG033,427,0.3525601575577523,1,SUCCESS
GSE106878,SIG033,428,0.0868693860401439,1,SUCCESS
GSE106878,SIG033,429,0.3036546570290633,1,SUCCESS
GSE106878,SIG033,430,0.4365901420472854,1,SUCCESS
GSE106878,SIG033,431,-0.4763735254577357,1,SUCCESS
GSE106878,SIG033,432,0.5312986684245424,1,SUCCESS
GSE106878,SIG033,433,0.2468854127998393,1,SUCCESS
GSE106878,SIG033,434,0.0308204047905994,1,SUCCESS
GSE106878,SIG033,435,0.1262763566589753,1,SUCCESS
GSE106878,SIG033,436,-0.0224688292883174,1,SUCCESS
GSE106878,SIG033,437,-0.4479385786695014,1,SUCCESS
GSE106878,SIG033,438,-0.0228439062990346,1,SUCCESS
GSE106878,SIG033,439,-0.0427062310999579,1,SUCCESS
GSE106878,SIG033,440,0.0557307033318181,1,SUCCESS
GSE106878,SIG033,441,0.0114597943423233,1,SUCCESS
GSE106878,SIG033,442,0.4569924286635124,1,SUCCESS
GSE106878,SIG033,443,-0.3158138629242902,1,SUCCESS
GSE106878,SIG033,444,-0.4856530278240661,1,SUCCESS
GSE106878,SIG033,445,0.2738665418970054,1,SUCCESS
GSE106878,SIG033,446,-0.1815122453822374,1,SUCCESS
GSE106878,SIG033,447,0.0035156374747708,1,SUCCESS
GSE106878,SIG033,448,-0.1441006554998954,1,SUCCESS
GSE106878,SIG033,449,-0.1069749731292672,1,SUCCESS
GSE106878,SIG033,450,0.5327928564252026,1,SUCCESS
GSE106878,SIG033,451,0.2536251810700455,1,SUCCESS
GSE106878,SIG033,452,-0.604294367813915,1,SUCCESS
GSE106878,SIG033,453,-0.0901033831198566,1,SUCCESS
GSE106878,SIG033,454,-0.1485143144776408,1,SUCCESS
GSE106878,SIG033,455,0.3897800249353162,1,SUCCESS
GSE106878,SIG033,456,-0.3416834561808583,1,SUCCESS
GSE106878,SIG033,457,0.3433592256538225,1,SUCCESS
GSE106878,SIG033,458,0.1795916517604951,1,SUCCESS
GSE106878,SIG033,459,-0.4227203705356086,1,SUCCESS
GSE106878,SIG033,460,-0.11840308586252,1,SUCCESS
GSE106878,SIG033,461,-0.0887077118123155,1,SUCCESS
GSE106878,SIG033,462,-0.3839156887939041,1,SUCCESS
GSE106878,SIG033,463,0.9630764187419544,1,SUCCESS
GSE106878,SIG033,464,0.1186815206230578,1,SUCCESS
GSE106878,SIG033,465,0.0084040388609325,1,SUCCESS
GSE106878,SIG033,466,0.0639443007949443,1,SUCCESS
GSE106878,SIG033,467,0.0195507683337431,1,SUCCESS
GSE106878,SIG033,468,-0.2400323612898674,1,SUCCESS
GSE106878,SIG033,469,0.4254738866962399,1,SUCCESS
GSE106878,SIG033,470,-0.0141566115828523,1,SUCCESS
GSE106878,SIG033,471,0.4029285183056931,1,SUCCESS
GSE106878,SIG033,472,0.3070836426309172,1,SUCCESS
GSE106878,SIG033,473,-0.6033544504335098,1,SUCCESS
GSE106878,SIG033,474,0.0665102957265391,1,SUCCESS
GSE106878,SIG033,475,-0.3811990689123005,1,SUCCESS
GSE106878,SIG033,476,-0.561704043773457,1,SUCCESS
GSE106878,SIG033,477,0.4322745028064402,1,SUCCESS
GSE106878,SIG033,478,-0.0317817672282551,1,SUCCESS
GSE106878,SIG033,479,-0.1291615068920241,1,SUCCESS
GSE106878,SIG033,480,0.4804943803796817,1,SUCCESS
GSE106878,SIG033,481,0.4436957915846911,1,SUCCESS
GSE106878,SIG033,482,0.2741968040175913,1,SUCCESS
GSE106878,SIG033,483,-0.3938507151478509,1,SUCCESS
GSE106878,SIG033,484,0.1745282389033594,1,SUCCESS
GSE106878,SIG033,485,-0.1126442780840786,1,SUCCESS
GSE106878,SIG033,486,-0.1690213035273113,1,SUCCESS
GSE106878,SIG033,487,-0.3895492923208747,1,SUCCESS
GSE106878,SIG033,488,0.1342583912127672,1,SUCCESS
GSE106878,SIG033,489,-0.1908413019143078,1,SUCCESS
GSE106878,SIG033,490,0.3337295254352024,1,SUCCESS
GSE106878,SIG033,491,-0.0780341547992551,1,SUCCESS
GSE106878,SIG033,492,-0.1134021204884295,1,SUCCESS
GSE106878,SIG033,493,0.2333826084736185,1,SUCCESS
GSE106878,SIG033,494,0.4380700342229208,1,SUCCESS
GSE106878,SIG033,495,-0.1926123358006641,1,SUCCESS
GSE106878,SIG033,496,0.3190020710029742,1,SUCCESS
GSE106878,SIG033,497,0.012344529011275,1,SUCCESS
GSE106878,SIG033,498,-0.2967588906606383,1,SUCCESS
GSE106878,SIG033,499,-0.4364493028206476,1,SUCCESS
GSE106878,SIG033,500,0.2830370472621244,1,SUCCESS
GSE106878,SIG033,501,0.2694462191137452,1,SUCCESS
GSE106878,SIG033,502,-0.4527378222602341,1,SUCCESS
GSE106878,SIG033,503,-0.1222052322697282,1,SUCCESS
GSE106878,SIG033,504,-0.2883683733667459,1,SUCCESS
GSE106878,SIG033,505,0.2468189274965344,1,SUCCESS
GSE106878,SIG033,506,-0.2833519054369662,1,SUCCESS
GSE106878,SIG033,507,-0.0667853711007174,1,SUCCESS
GSE106878,SIG033,508,-0.3820642875596709,1,SUCCESS
GSE106878,SIG033,509,0.3403983615129188,1,SUCCESS
GSE106878,SIG033,510,0.0877777278307492,1,SUCCESS
GSE106878,SIG033,511,-0.4929485248485337,1,SUCCESS
GSE106878,SIG033,512,0.0805869129327014,1,SUCCESS
GSE106878,SIG033,513,0.1236780167178278,1,SUCCESS
GSE106878,SIG033,514,-0.390870814904018,1,SUCCESS
GSE106878,SIG033,515,0.0771186114599852,1,SUCCESS
GSE106878,SIG033,516,-0.577950250096343,1,SUCCESS
GSE106878,SIG033,517,0.0122927856454624,1,SUCCESS
GSE106878,SIG033,518,0.5412692713952364,1,SUCCESS
GSE106878,SIG033,519,0.2152124857714321,1,SUCCESS
GSE106878,SIG033,520,0.2335948296718981,1,SUCCESS
GSE106878,SIG033,521,0.0464632991186187,1,SUCCESS
GSE106878,SIG033,522,0.1626014945203894,1,SUCCESS
GSE106878,SIG033,523,-0.0231357414426456,1,SUCCESS
GSE106878,SIG033,524,0.6832876031878002,1,SUCCESS
GSE106878,SIG033,525,0.5053379951003742,1,SUCCESS
GSE106878,SIG033,526,0.4874769025020631,1,SUCCESS
GSE106878,SIG033,527,-0.2959506216832922,1,SUCCESS
GSE106878,SIG033,528,-0.075626016755652,1,SUCCESS
GSE106878,SIG033,529,0.055143094591852,1,SUCCESS
GSE106878,SIG033,530,-0.0124547933127219,1,SUCCESS
GSE106878,SIG033,531,0.0290235948522941,1,SUCCESS
GSE106878,SIG033,532,0.041349339974046,1,SUCCESS
GSE106878,SIG033,533,-0.18819085843618,1,SUCCESS
GSE106878,SIG033,534,0.2787172344678666,1,SUCCESS
GSE106878,SIG033,535,-0.0229943097842543,1,SUCCESS
GSE106878,SIG033,536,-0.2963334861815727,1,SUCCESS
GSE106878,SIG033,537,0.0553277728221975,1,SUCCESS
GSE106878,SIG033,538,-0.545520883762452,1,SUCCESS
GSE106878,SIG033,539,-0.3091805133183601,1,SUCCESS
GSE106878,SIG033,540,0.168563715832544,1,SUCCESS
GSE106878,SIG033,541,0.3197344965635127,1,SUCCESS
GSE106878,SIG033,542,-0.0204437807678891,1,SUCCESS
GSE106878,SIG033,543,0.0735793901395117,1,SUCCESS
GSE106878,SIG033,544,0.506877273970984,1,SUCCESS
GSE106878,SIG033,545,0.1917722416901251,1,SUCCESS
GSE106878,SIG033,546,-0.4897261648951561,1,SUCCESS
GSE106878,SIG033,547,-0.628121794164613,1,SUCCESS
GSE106878,SIG033,548,0.1080918348143822,1,SUCCESS
GSE106878,SIG033,549,0.1072342252191443,1,SUCCESS
GSE106878,SIG033,550,0.1623542068320274,1,SUCCESS
GSE106878,SIG033,551,-0.0131531620782186,1,SUCCESS
GSE106878,SIG033,552,0.6287849130415113,1,SUCCESS
GSE106878,SIG033,553,0.119666037662366,1,SUCCESS
GSE106878,SIG033,554,0.8424549977315938,1,SUCCESS
GSE106878,SIG033,555,0.1011641551687867,1,SUCCESS
GSE106878,SIG033,556,-0.5276187231630797,1,SUCCESS
GSE106878,SIG033,557,0.2142528020060194,1,SUCCESS
GSE106878,SIG033,558,0.090885576358029,1,SUCCESS
GSE106878,SIG033,559,0.0704290237546318,1,SUCCESS
GSE106878,SIG033,560,-0.1871252836899403,1,SUCCESS
GSE106878,SIG033,561,0.2724545349865997,1,SUCCESS
GSE106878,SIG033,562,0.0452926928855206,1,SUCCESS
GSE106878,SIG033,563,-0.0758498619614835,1,SUCCESS
GSE106878,SIG033,564,-0.5707595619971438,1,SUCCESS
GSE106878,SIG033,565,0.6078822103914171,1,SUCCESS
GSE106878,SIG033,566,-0.2038948822866321,1,SUCCESS
GSE106878,SIG033,567,0.2709152406982032,1,SUCCESS
GSE106878,SIG033,568,0.2306054914931702,1,SUCCESS
GSE106878,SIG033,569,-0.1500942938746174,1,SUCCESS
GSE106878,SIG033,570,0.5287810349827146,1,SUCCESS
GSE106878,SIG033,571,0.5693508154721398,1,SUCCESS
GSE106878,SIG033,572,0.7938653830818414,1,SUCCESS
GSE106878,SIG033,573,0.0183096901818542,1,SUCCESS
GSE106878,SIG033,574,-0.574649294479351,1,SUCCESS
GSE106878,SIG033,575,0.1613826205753111,1,SUCCESS
GSE106878,SIG033,576,0.5632169938241148,1,SUCCESS
GSE106878,SIG033,577,0.2020050199734128,1,SUCCESS
GSE106878,SIG033,578,-0.0927170117411339,1,SUCCESS
GSE106878,SIG033,579,0.5738219428723162,1,SUCCESS
GSE106878,SIG033,580,-0.0037137806857381,1,SUCCESS
GSE106878,SIG033,581,-0.1205490084143419,1,SUCCESS
GSE106878,SIG033,582,-0.33229160844891,1,SUCCESS
GSE106878,SIG033,583,-0.2019966940700277,1,SUCCESS
GSE106878,SIG033,584,-0.1367866965128021,1,SUCCESS
GSE106878,SIG033,585,-0.0586928580203113,1,SUCCESS
GSE106878,SIG033,586,0.0434465189835223,1,SUCCESS
GSE106878,SIG033,587,-0.3984211264386423,1,SUCCESS
GSE106878,SIG033,588,-0.040105950780293,1,SUCCESS
GSE106878,SIG033,589,-0.2561146769968535,1,SUCCESS
GSE106878,SIG033,590,-0.2903218593752892,1,SUCCESS
GSE106878,SIG033,591,0.4432414706768459,1,SUCCESS
GSE106878,SIG033,592,0.7666644494533398,1,SUCCESS
GSE106878,SIG033,593,0.3461716075897158,1,SUCCESS
GSE106878,SIG033,594,-0.0064396142657093,1,SUCCESS
GSE106878,SIG033,595,0.0188646862343415,1,SUCCESS
GSE106878,SIG033,596,0.8245719850601831,1,SUCCESS
GSE106878,SIG033,597,0.2373085444807226,1,SUCCESS
GSE106878,SIG033,598,-0.239975990673147,1,SUCCESS
GSE106878,SIG033,599,0.3008966363050186,1,SUCCESS
GSE106878,SIG033,600,0.4645830046472489,1,SUCCESS
GSE106878,SIG033,601,-0.2121641648318408,1,SUCCESS
GSE106878,SIG033,602,0.3518958312449281,1,SUCCESS
GSE106878,SIG033,603,0.5918660493486619,1,SUCCESS
GSE106878,SIG033,604,-0.0554682963544741,1,SUCCESS
GSE106878,SIG033,605,-0.2843674038396181,1,SUCCESS
GSE106878,SIG033,606,0.0489515363796803,1,SUCCESS
GSE106878,SIG033,607,-0.5544200641838978,1,SUCCESS
GSE106878,SIG033,608,0.0425679846373569,1,SUCCESS
GSE106878,SIG033,609,-0.1419364293125956,1,SUCCESS
GSE106878,SIG033,610,-0.2076296361771423,1,SUCCESS
GSE106878,SIG033,611,0.2896206101560825,1,SUCCESS
GSE106878,SIG033,612,0.3907165658914108,1,SUCCESS
GSE106878,SIG033,613,0.3984569915888877,1,SUCCESS
GSE106878,SIG033,614,-0.0110713219169008,1,SUCCESS
GSE106878,SIG033,615,-0.5402705352480965,1,SUCCESS
GSE106878,SIG033,616,-0.4651842769166332,1,SUCCESS
GSE106878,SIG033,617,-0.3631800615874231,1,SUCCESS
GSE106878,SIG033,618,0.3553635060595791,1,SUCCESS
GSE106878,SIG033,619,-0.2929859858811132,1,SUCCESS
GSE106878,SIG033,620,0.6482756850198613,1,SUCCESS
GSE106878,SIG033,621,-0.1600814253322707,1,SUCCESS
GSE106878,SIG033,622,-0.245178141847479,1,SUCCESS
GSE106878,SIG033,623,0.5844961641012961,1,SUCCESS
GSE106878,SIG033,624,0.159512765990348,1,SUCCESS
GSE106878,SIG033,625,-0.1180748523410156,1,SUCCESS
GSE106878,SIG033,626,-0.2567875061848523,1,SUCCESS
GSE106878,SIG033,627,0.3561318424234995,1,SUCCESS
GSE106878,SIG033,628,-0.4716783789795377,1,SUCCESS
GSE106878,SIG033,629,0.6499541008570884,1,SUCCESS
GSE106878,SIG033,630,-0.4406378121512102,1,SUCCESS
GSE106878,SIG033,631,-0.0402803229227269,1,SUCCESS
GSE106878,SIG033,632,0.352868867603107,1,SUCCESS
GSE106878,SIG033,633,0.0118248449669998,1,SUCCESS
GSE106878,SIG033,634,-0.2390759793910754,1,SUCCESS
GSE106878,SIG033,635,0.2009279902298419,1,SUCCESS
GSE106878,SIG033,636,0.0335022436484225,1,SUCCESS
GSE106878,SIG033,637,-0.4804591476644253,1,SUCCESS
GSE106878,SIG033,638,-0.0402448589549165,1,SUCCESS
GSE106878,SIG033,639,-0.6006518326638567,1,SUCCESS
GSE106878,SIG033,640,0.176939929998883,1,SUCCESS
GSE106878,SIG033,641,0.386591630198653,1,SUCCESS
GSE106878,SIG033,642,-0.8098648825271246,1,SUCCESS
GSE106878,SIG033,643,0.4322799939245402,1,SUCCESS
GSE106878,SIG033,644,-0.0345272679427117,1,SUCCESS
GSE106878,SIG033,645,0.6379238614843038,1,SUCCESS
GSE106878,SIG033,646,0.0497913313856681,1,SUCCESS
GSE106878,SIG033,647,-0.7284652151066666,1,SUCCESS
GSE106878,SIG033,648,0.1008615868440586,1,SUCCESS
GSE106878,SIG033,649,-0.3916452575303788,1,SUCCESS
GSE106878,SIG033,650,0.2097014943664847,1,SUCCESS
GSE106878,SIG033,651,-0.4214126535813861,1,SUCCESS
GSE106878,SIG033,652,0.5257883292965574,1,SUCCESS
GSE106878,SIG033,653,-0.0610263299616595,1,SUCCESS
GSE106878,SIG033,654,-0.3168931465658112,1,SUCCESS
GSE106878,SIG033,655,0.3001537098173007,1,SUCCESS
GSE106878,SIG033,656,-0.2494365358144086,1,SUCCESS
GSE106878,SIG033,657,0.1743301148171336,1,SUCCESS
GSE106878,SIG033,658,0.5284896967935113,1,SUCCESS
GSE106878,SIG033,659,0.6287575430679746,1,SUCCESS
GSE106878,SIG033,660,0.2683546777895572,1,SUCCESS
GSE106878,SIG033,661,0.4277363786737019,1,SUCCESS
GSE106878,SIG033,662,-0.009151679306677,1,SUCCESS
GSE106878,SIG033,663,-0.1886503954991794,1,SUCCESS
GSE106878,SIG033,664,0.4260198865352642,1,SUCCESS
GSE106878,SIG033,665,0.5277181302222924,1,SUCCESS
GSE106878,SIG033,666,-0.803046168783007,1,SUCCESS
GSE106878,SIG033,667,0.4726524537976432,1,SUCCESS
GSE106878,SIG033,668,0.3513693187765213,1,SUCCESS
GSE106878,SIG033,669,0.624957028188591,1,SUCCESS
GSE106878,SIG033,670,-7.354659530703887e-07,1,SUCCESS
GSE106878,SIG033,671,0.1840108061635293,1,SUCCESS
GSE106878,SIG033,672,0.1653396079540676,1,SUCCESS
GSE106878,SIG033,673,0.3957128819249174,1,SUCCESS
GSE106878,SIG033,674,-0.6216241693661773,1,SUCCESS
GSE106878,SIG033,675,-0.0961949032717811,1,SUCCESS
GSE106878,SIG033,676,-0.3880559985750356,1,SUCCESS
GSE106878,SIG033,677,-0.077336624180628,1,SUCCESS
GSE106878,SIG033,678,-0.4429216336745871,1,SUCCESS
GSE106878,SIG033,679,-0.5401644492889142,1,SUCCESS
GSE106878,SIG033,680,-0.1225952629753888,1,SUCCESS
GSE106878,SIG033,681,0.2395505008533313,1,SUCCESS
GSE106878,SIG033,682,0.1219891309977535,1,SUCCESS
GSE106878,SIG033,683,0.3204239257966083,1,SUCCESS
GSE106878,SIG033,684,-0.0420151475881094,1,SUCCESS
GSE106878,SIG033,685,-0.3382771511477898,1,SUCCESS
GSE106878,SIG033,686,-0.3432473502320366,1,SUCCESS
GSE106878,SIG033,687,0.1393592278444505,1,SUCCESS
GSE106878,SIG033,688,-0.0855144653659917,1,SUCCESS
GSE106878,SIG033,689,0.1001518792766934,1,SUCCESS
GSE106878,SIG033,690,-0.0109167846134674,1,SUCCESS
GSE106878,SIG033,691,0.2714111847126007,1,SUCCESS
GSE106878,SIG033,692,-0.6361311500795209,1,SUCCESS
GSE106878,SIG033,693,0.6507334908463135,1,SUCCESS
GSE106878,SIG033,694,-0.4930508395027893,1,SUCCESS
GSE106878,SIG033,695,0.4890043729052197,1,SUCCESS
GSE106878,SIG033,696,-0.3171197174915253,1,SUCCESS
GSE106878,SIG033,697,-0.2102486838346037,1,SUCCESS
GSE106878,SIG033,698,0.6641795317273783,1,SUCCESS
GSE106878,SIG033,699,-0.440809542233826,1,SUCCESS
GSE106878,SIG033,700,0.2081029747901605,1,SUCCESS
GSE106878,SIG033,701,0.3963887480216977,1,SUCCESS
GSE106878,SIG033,702,-0.4988293016213759,1,SUCCESS
GSE106878,SIG033,703,0.2773185957516321,1,SUCCESS
GSE106878,SIG033,704,-0.1921175852409885,1,SUCCESS
GSE106878,SIG033,705,-0.2357475291524709,1,SUCCESS
GSE106878,SIG033,706,0.2899273648858773,1,SUCCESS
GSE106878,SIG033,707,0.2832307950628745,1,SUCCESS
GSE106878,SIG033,708,0.2928266916962796,1,SUCCESS
GSE106878,SIG033,709,-0.2596265166865505,1,SUCCESS
GSE106878,SIG033,710,0.2202336716562295,1,SUCCESS
GSE106878,SIG033,711,-0.1499332695454142,1,SUCCESS
GSE106878,SIG033,712,0.194164463725331,1,SUCCESS
GSE106878,SIG033,713,0.4868563561980428,1,SUCCESS
GSE106878,SIG033,714,-0.6380237067261869,1,SUCCESS
GSE106878,SIG033,715,0.4037630478321015,1,SUCCESS
GSE106878,SIG033,716,-0.1573575623226607,1,SUCCESS
GSE106878,SIG033,717,-0.2970050377663421,1,SUCCESS
GSE106878,SIG033,718,0.258723057002684,1,SUCCESS
GSE106878,SIG033,719,-0.1748399560537636,1,SUCCESS
GSE106878,SIG033,720,0.2581490396417983,1,SUCCESS
GSE106878,SIG033,721,-0.0352349480755644,1,SUCCESS
GSE106878,SIG033,722,0.0727528358629946,1,SUCCESS
GSE106878,SIG033,723,0.0019861402359024,1,SUCCESS
GSE106878,SIG033,724,0.1939114998009647,1,SUCCESS
GSE106878,SIG033,725,-0.1301453107410261,1,SUCCESS
GSE106878,SIG033,726,-0.4323371708666786,1,SUCCESS
GSE106878,SIG033,727,0.321614727514545,1,SUCCESS
GSE106878,SIG033,728,0.4975685416963146,1,SUCCESS
GSE106878,SIG033,729,-0.1228445163066239,1,SUCCESS
GSE106878,SIG033,730,-0.3749180966589798,1,SUCCESS
GSE106878,SIG033,731,0.4913821385459403,1,SUCCESS
GSE106878,SIG033,732,-0.2823977192504727,1,SUCCESS
GSE106878,SIG033,733,0.0257468591230956,1,SUCCESS
GSE106878,SIG033,734,0.6004865235670753,1,SUCCESS
GSE106878,SIG033,735,0.6797736197359824,1,SUCCESS
GSE106878,SIG033,736,0.2385286295348418,1,SUCCESS
GSE106878,SIG033,737,-0.0391412934373323,1,SUCCESS
GSE106878,SIG033,738,0.2496904659571565,1,SUCCESS
GSE106878,SIG033,739,0.1107869113668039,1,SUCCESS
GSE106878,SIG033,740,-0.4436232668096767,1,SUCCESS
GSE106878,SIG033,741,0.4960159964690478,1,SUCCESS
GSE106878,SIG033,742,0.3557564028677907,1,SUCCESS
GSE106878,SIG033,743,-0.2569356778576917,1,SUCCESS
GSE106878,SIG033,744,0.3015239345702765,1,SUCCESS
GSE106878,SIG033,745,-0.3458619908902198,1,SUCCESS
GSE106878,SIG033,746,0.1966389178734481,1,SUCCESS
GSE106878,SIG033,747,0.8995664754905712,1,SUCCESS
GSE106878,SIG033,748,0.1323344095769346,1,SUCCESS
GSE106878,SIG033,749,-0.293384962959929,1,SUCCESS
GSE106878,SIG033,750,0.3250351212483289,1,SUCCESS
GSE106878,SIG033,751,0.5103762300382193,1,SUCCESS
GSE106878,SIG033,752,-0.0342451160680954,1,SUCCESS
GSE106878,SIG033,753,-0.171367442569841,1,SUCCESS
GSE106878,SIG033,754,-0.3507230149206121,1,SUCCESS
GSE106878,SIG033,755,0.2799623308128509,1,SUCCESS
GSE106878,SIG033,756,-0.1476714167418627,1,SUCCESS
GSE106878,SIG033,757,0.8654214059037633,1,SUCCESS
GSE106878,SIG033,758,0.1538410015392837,1,SUCCESS
GSE106878,SIG033,759,-0.2428180540346606,1,SUCCESS
GSE106878,SIG033,760,-0.2336196830276266,1,SUCCESS
GSE106878,SIG033,761,0.1756962297095427,1,SUCCESS
GSE106878,SIG033,762,-0.3933754873268548,1,SUCCESS
GSE106878,SIG033,763,0.5746444981839248,1,SUCCESS
GSE106878,SIG033,764,0.5000256266890064,1,SUCCESS
GSE106878,SIG033,765,0.6507315442850894,1,SUCCESS
GSE106878,SIG033,766,-0.0576789388801957,1,SUCCESS
GSE106878,SIG033,767,0.150642008543631,1,SUCCESS
GSE106878,SIG033,768,-0.2622277672121482,1,SUCCESS
GSE106878,SIG033,769,-0.1913757967601515,1,SUCCESS
GSE106878,SIG033,770,-0.1312434453633364,1,SUCCESS
GSE106878,SIG033,771,-0.3373323608456725,1,SUCCESS
GSE106878,SIG033,772,-0.1242959311839296,1,SUCCESS
GSE106878,SIG033,773,-0.1602466618634652,1,SUCCESS
GSE106878,SIG033,774,-0.0300168517490587,1,SUCCESS
GSE106878,SIG033,775,0.1173836809563323,1,SUCCESS
GSE106878,SIG033,776,0.0166980298308984,1,SUCCESS
GSE106878,SIG033,777,-0.5471231056876035,1,SUCCESS
GSE106878,SIG033,778,-0.1956301667670497,1,SUCCESS
GSE106878,SIG033,779,-0.6818627628963019,1,SUCCESS
GSE106878,SIG033,780,-0.7205669415717711,1,SUCCESS
GSE106878,SIG033,781,0.3763454867286406,1,SUCCESS
GSE106878,SIG033,782,-0.004227571286974,1,SUCCESS
GSE106878,SIG033,783,0.0699756577147963,1,SUCCESS
GSE106878,SIG033,784,-0.0327980146998183,1,SUCCESS
GSE106878,SIG033,785,0.376748518840483,1,SUCCESS
GSE106878,SIG033,786,0.0326509220101349,1,SUCCESS
GSE106878,SIG033,787,0.2252096065265718,1,SUCCESS
GSE106878,SIG033,788,0.1246845574872387,1,SUCCESS
GSE106878,SIG033,789,-0.3072605927163815,1,SUCCESS
GSE106878,SIG033,790,0.2955611364054857,1,SUCCESS
GSE106878,SIG033,791,0.2775770534130931,1,SUCCESS
GSE106878,SIG033,792,-0.0343279804955173,1,SUCCESS
GSE106878,SIG033,793,-0.1567821056259014,1,SUCCESS
GSE106878,SIG033,794,-0.0229882599632461,1,SUCCESS
GSE106878,SIG033,795,-0.213798596625605,1,SUCCESS
GSE106878,SIG033,796,0.0054055327600228,1,SUCCESS
GSE106878,SIG033,797,-0.6067450362478846,1,SUCCESS
GSE106878,SIG033,798,0.191555808505027,1,SUCCESS
GSE106878,SIG033,799,0.063510101347549,1,SUCCESS
GSE106878,SIG033,800,0.03638091735283,1,SUCCESS
GSE106878,SIG033,801,-0.0977518190836559,1,SUCCESS
GSE106878,SIG033,802,-0.2358784467761806,1,SUCCESS
GSE106878,SIG033,803,-0.2521136662466836,1,SUCCESS
GSE106878,SIG033,804,0.2630575357650697,1,SUCCESS
GSE106878,SIG033,805,0.0399573630293267,1,SUCCESS
GSE106878,SIG033,806,1.0270978559735362,1,SUCCESS
GSE106878,SIG033,807,-0.4299708518273164,1,SUCCESS
GSE106878,SIG033,808,0.0754130522767747,1,SUCCESS
GSE106878,SIG033,809,0.360484337391612,1,SUCCESS
GSE106878,SIG033,810,-0.5055484124664578,1,SUCCESS
GSE106878,SIG033,811,-0.5980063646318134,1,SUCCESS
GSE106878,SIG033,812,0.074824738201335,1,SUCCESS
GSE106878,SIG033,813,0.1024129692188657,1,SUCCESS
GSE106878,SIG033,814,0.1506085717300045,1,SUCCESS
GSE106878,SIG033,815,0.5574122776694794,1,SUCCESS
GSE106878,SIG033,816,0.3858404798659886,1,SUCCESS
GSE106878,SIG033,817,-0.1123160564638608,1,SUCCESS
GSE106878,SIG033,818,0.0667187224164276,1,SUCCESS
GSE106878,SIG033,819,0.7270775634260568,1,SUCCESS
GSE106878,SIG033,820,-0.674567992339029,1,SUCCESS
GSE106878,SIG033,821,-0.6535442953038458,1,SUCCESS
GSE106878,SIG033,822,0.1529858443731436,1,SUCCESS
GSE106878,SIG033,823,-0.1049813570057983,1,SUCCESS
GSE106878,SIG033,824,-0.17981273141374,1,SUCCESS
GSE106878,SIG033,825,-0.0671720889774163,1,SUCCESS
GSE106878,SIG033,826,-0.2925330610601009,1,SUCCESS
GSE106878,SIG033,827,-0.3780805878878501,1,SUCCESS
GSE106878,SIG033,828,-0.3334974341115888,1,SUCCESS
GSE106878,SIG033,829,0.1478540051876586,1,SUCCESS
GSE106878,SIG033,830,0.1073611410472192,1,SUCCESS
GSE106878,SIG033,831,0.1521830310423845,1,SUCCESS
GSE106878,SIG033,832,0.0105869524479225,1,SUCCESS
GSE106878,SIG033,833,-0.2124264794491981,1,SUCCESS
GSE106878,SIG033,834,-0.3148994407477349,1,SUCCESS
GSE106878,SIG033,835,-0.0901507188108012,1,SUCCESS
GSE106878,SIG033,836,-0.7710012191700801,1,SUCCESS
GSE106878,SIG033,837,-0.3777988802373874,1,SUCCESS
GSE106878,SIG033,838,0.2667816120914982,1,SUCCESS
GSE106878,SIG033,839,0.973903568742298,1,SUCCESS
GSE106878,SIG033,840,-0.5218924171496758,1,SUCCESS
GSE106878,SIG033,841,-0.6038208400876799,1,SUCCESS
GSE106878,SIG033,842,-0.3489632487136413,1,SUCCESS
GSE106878,SIG033,843,-0.667308919283352,1,SUCCESS
GSE106878,SIG033,844,0.1505988877801173,1,SUCCESS
GSE106878,SIG033,845,0.0387120553881889,1,SUCCESS
GSE106878,SIG033,846,0.3550314094867444,1,SUCCESS
GSE106878,SIG033,847,-0.0960395092991301,1,SUCCESS
GSE106878,SIG033,848,0.3776739148954253,1,SUCCESS
GSE106878,SIG033,849,-0.1583946147624678,1,SUCCESS
GSE106878,SIG033,850,-0.7055083576075221,1,SUCCESS
GSE106878,SIG033,851,-0.0642758403657702,1,SUCCESS
GSE106878,SIG033,852,0.745229877749023,1,SUCCESS
GSE106878,SIG033,853,-0.3271868317713626,1,SUCCESS
GSE106878,SIG033,854,-0.2063989628257113,1,SUCCESS
GSE106878,SIG033,855,-0.3626675105180698,1,SUCCESS
GSE106878,SIG033,856,0.1356655561517322,1,SUCCESS
GSE106878,SIG033,857,-0.1651303329116671,1,SUCCESS
GSE106878,SIG033,858,0.1653145157028999,1,SUCCESS
GSE106878,SIG033,859,-0.6032728633135935,1,SUCCESS
GSE106878,SIG033,860,0.1174193273476175,1,SUCCESS
GSE106878,SIG033,861,0.1525226447536075,1,SUCCESS
GSE106878,SIG033,862,-0.3835928601413577,1,SUCCESS
GSE106878,SIG033,863,0.2047589691289534,1,SUCCESS
GSE106878,SIG033,864,0.4760816654723679,1,SUCCESS
GSE106878,SIG033,865,0.0871994931176292,1,SUCCESS
GSE106878,SIG033,866,0.3178034484916138,1,SUCCESS
GSE106878,SIG033,867,-0.3343203399309315,1,SUCCESS
GSE106878,SIG033,868,0.2314105192984327,1,SUCCESS
GSE106878,SIG033,869,0.0249672639119488,1,SUCCESS
GSE106878,SIG033,870,0.3442967740301043,1,SUCCESS
GSE106878,SIG033,871,-0.1993708206717918,1,SUCCESS
GSE106878,SIG033,872,-0.3397530514279763,1,SUCCESS
GSE106878,SIG033,873,0.0258363541798746,1,SUCCESS
GSE106878,SIG033,874,-0.614119799986606,1,SUCCESS
GSE106878,SIG033,875,-0.2749096853221051,1,SUCCESS
GSE106878,SIG033,876,-0.4026506750694544,1,SUCCESS
GSE106878,SIG033,877,0.2937553246574291,1,SUCCESS
GSE106878,SIG033,878,-0.2490132113038781,1,SUCCESS
GSE106878,SIG033,879,-0.3100514587042748,1,SUCCESS
GSE106878,SIG033,880,-0.086439360322807,1,SUCCESS
GSE106878,SIG033,881,-0.80456862555257,1,SUCCESS
GSE106878,SIG033,882,0.267917019299017,1,SUCCESS
GSE106878,SIG033,883,-0.0366504570215336,1,SUCCESS
GSE106878,SIG033,884,0.1673566745248499,1,SUCCESS
GSE106878,SIG033,885,-0.2234246461418062,1,SUCCESS
GSE106878,SIG033,886,0.0883309238363412,1,SUCCESS
GSE106878,SIG033,887,0.1673760101215489,1,SUCCESS
GSE106878,SIG033,888,0.2250957919455825,1,SUCCESS
GSE106878,SIG033,889,0.1552245337594197,1,SUCCESS
GSE106878,SIG033,890,0.9352466586758303,1,SUCCESS
GSE106878,SIG033,891,0.0659186841318953,1,SUCCESS
GSE106878,SIG033,892,0.1436872566993627,1,SUCCESS
GSE106878,SIG033,893,-0.3644994988212031,1,SUCCESS
GSE106878,SIG033,894,0.0530712396847076,1,SUCCESS
GSE106878,SIG033,895,-0.7714134154658706,1,SUCCESS
GSE106878,SIG033,896,0.174056402903237,1,SUCCESS
GSE106878,SIG033,897,-0.3772429050245836,1,SUCCESS
GSE106878,SIG033,898,0.2113891660507068,1,SUCCESS
GSE106878,SIG033,899,-0.5913701013481555,1,SUCCESS
GSE106878,SIG033,900,-0.0975547911034846,1,SUCCESS
GSE106878,SIG033,901,0.0971222392666671,1,SUCCESS
GSE106878,SIG033,902,-0.5094826974966776,1,SUCCESS
GSE106878,SIG033,903,0.2242754053965684,1,SUCCESS
GSE106878,SIG033,904,-0.3804016529181811,1,SUCCESS
GSE106878,SIG033,905,0.7977130596381306,1,SUCCESS
GSE106878,SIG033,906,0.5780254907843536,1,SUCCESS
GSE106878,SIG033,907,0.8324778418294034,1,SUCCESS
GSE106878,SIG033,908,-0.1688988985422714,1,SUCCESS
GSE106878,SIG033,909,0.8687789089214281,1,SUCCESS
GSE106878,SIG033,910,0.4803431197871207,1,SUCCESS
GSE106878,SIG033,911,-0.3177201469394162,1,SUCCESS
GSE106878,SIG033,912,-0.1204512348977178,1,SUCCESS
GSE106878,SIG033,913,0.5719348470133105,1,SUCCESS
GSE106878,SIG033,914,-0.0745170631784198,1,SUCCESS
GSE106878,SIG033,915,-0.3643915936827457,1,SUCCESS
GSE106878,SIG033,916,0.0691988671018086,1,SUCCESS
GSE106878,SIG033,917,0.1611117157710985,1,SUCCESS
GSE106878,SIG033,918,0.5278984022223617,1,SUCCESS
GSE106878,SIG033,919,0.5650238143443513,1,SUCCESS
GSE106878,SIG033,920,0.2106496893958979,1,SUCCESS
GSE106878,SIG033,921,-0.6634181511011947,1,SUCCESS
GSE106878,SIG033,922,-0.2427616041453323,1,SUCCESS
GSE106878,SIG033,923,0.2157830236378975,1,SUCCESS
GSE106878,SIG033,924,0.4558053320562205,1,SUCCESS
GSE106878,SIG033,925,-0.466621019319783,1,SUCCESS
GSE106878,SIG033,926,0.0575795161527569,1,SUCCESS
GSE106878,SIG033,927,-0.364191879605667,1,SUCCESS
GSE106878,SIG033,928,0.0646529049865637,1,SUCCESS
GSE106878,SIG033,929,-0.0431349745403849,1,SUCCESS
GSE106878,SIG033,930,-0.0193671217638489,1,SUCCESS
GSE106878,SIG033,931,0.1011045419090592,1,SUCCESS
GSE106878,SIG033,932,0.3190523781203612,1,SUCCESS
GSE106878,SIG033,933,0.1244802079353832,1,SUCCESS
GSE106878,SIG033,934,-0.2623141454630551,1,SUCCESS
GSE106878,SIG033,935,0.7084411990120166,1,SUCCESS
GSE106878,SIG033,936,0.0293599943013539,1,SUCCESS
GSE106878,SIG033,937,-0.4933384793705276,1,SUCCESS
GSE106878,SIG033,938,-0.1863135191537868,1,SUCCESS
GSE106878,SIG033,939,0.134215906876648,1,SUCCESS
GSE106878,SIG033,940,0.0016750484779998,1,SUCCESS
GSE106878,SIG033,941,-0.2190105157388723,1,SUCCESS
GSE106878,SIG033,942,0.5590138866641076,1,SUCCESS
GSE106878,SIG033,943,-0.1087192295170808,1,SUCCESS
GSE106878,SIG033,944,-0.4938050231515688,1,SUCCESS
GSE106878,SIG033,945,0.103186547913208,1,SUCCESS
GSE106878,SIG033,946,-0.1570391023492084,1,SUCCESS
GSE106878,SIG033,947,0.0175389957923759,1,SUCCESS
GSE106878,SIG033,948,0.0527304427474358,1,SUCCESS
GSE106878,SIG033,949,-0.1909376820960682,1,SUCCESS
GSE106878,SIG033,950,0.5548616955575048,1,SUCCESS
GSE106878,SIG033,951,-0.370853895351599,1,SUCCESS
GSE106878,SIG033,952,0.9630699750071828,1,SUCCESS
GSE106878,SIG033,953,0.4302780548819127,1,SUCCESS
GSE106878,SIG033,954,0.1067854093854981,1,SUCCESS
GSE106878,SIG033,955,-0.3981303218355163,1,SUCCESS
GSE106878,SIG033,956,-0.2600996794607623,1,SUCCESS
GSE106878,SIG033,957,0.2252607165178757,1,SUCCESS
GSE106878,SIG033,958,-0.7341873962281662,1,SUCCESS
GSE106878,SIG033,959,0.1579118548495904,1,SUCCESS
GSE106878,SIG033,960,0.1765777826009576,1,SUCCESS
GSE106878,SIG033,961,0.1625803108141162,1,SUCCESS
GSE106878,SIG033,962,0.0928724122474202,1,SUCCESS
GSE106878,SIG033,963,-0.4208326720660655,1,SUCCESS
GSE106878,SIG033,964,-0.1896140040977009,1,SUCCESS
GSE106878,SIG033,965,0.3557726817276716,1,SUCCESS
GSE106878,SIG033,966,0.3564312488306985,1,SUCCESS
GSE106878,SIG033,967,-0.3327227743746713,1,SUCCESS
GSE106878,SIG033,968,0.1517994081459639,1,SUCCESS
GSE106878,SIG033,969,-0.7491216800359335,1,SUCCESS
GSE106878,SIG033,970,0.0336846885753241,1,SUCCESS
GSE106878,SIG033,971,0.5316822220153741,1,SUCCESS
GSE106878,SIG033,972,-0.2570419430901657,1,SUCCESS
GSE106878,SIG033,973,-0.4396060762384536,1,SUCCESS
GSE106878,SIG033,974,-0.330994872544693,1,SUCCESS
GSE106878,SIG033,975,0.066951472256816,1,SUCCESS
GSE106878,SIG033,976,0.1731045094590489,1,SUCCESS
GSE106878,SIG033,977,0.5335690435475788,1,SUCCESS
GSE106878,SIG033,978,0.0060750868582546,1,SUCCESS
GSE106878,SIG033,979,0.2923833082806906,1,SUCCESS
GSE106878,SIG033,980,-0.5069522627624522,1,SUCCESS
GSE106878,SIG033,981,0.9075039615249192,1,SUCCESS
GSE106878,SIG033,982,0.7460670467944767,1,SUCCESS
GSE106878,SIG033,983,0.4498914888549498,1,SUCCESS
GSE106878,SIG033,984,0.1170053957585003,1,SUCCESS
GSE106878,SIG033,985,-0.5839641938945364,1,SUCCESS
GSE106878,SIG033,986,0.005114873420196,1,SUCCESS
GSE106878,SIG033,987,-0.6189133113340703,1,SUCCESS
GSE106878,SIG033,988,0.4301850966076625,1,SUCCESS
GSE106878,SIG033,989,0.2337006711747275,1,SUCCESS
GSE106878,SIG033,990,-0.8355319206689573,1,SUCCESS
GSE106878,SIG033,991,0.4156639513813916,1,SUCCESS
GSE106878,SIG033,992,0.378816812879014,1,SUCCESS
GSE106878,SIG033,993,0.2972242233123301,1,SUCCESS
GSE106878,SIG033,994,0.0406242057901007,1,SUCCESS
GSE106878,SIG033,995,-0.4375677683592948,1,SUCCESS
GSE106878,SIG033,996,-0.5611795991407283,1,SUCCESS
GSE106878,SIG033,997,0.2460238016921855,1,SUCCESS
GSE106878,SIG033,998,-0.2382405333900585,1,SUCCESS
GSE106878,SIG033,999,0.6108156577449273,1,SUCCESS
GSE106878,SIG033,1000,0.4262998503579251,1,SUCCESS
GSE106878,SIG034,1,0.3820767102041857,1,SUCCESS
GSE106878,SIG034,2,-0.3162717284969609,1,SUCCESS
GSE106878,SIG034,3,-0.9090260944205084,1,SUCCESS
GSE106878,SIG034,4,-0.1057964830330476,1,SUCCESS
GSE106878,SIG034,5,0.2050975031298997,1,SUCCESS
GSE106878,SIG034,6,-0.3382474592742088,1,SUCCESS
GSE106878,SIG034,7,0.6281622647259628,1,SUCCESS
GSE106878,SIG034,8,-0.6734798276593444,1,SUCCESS
GSE106878,SIG034,9,-0.4379086998898872,1,SUCCESS
GSE106878,SIG034,10,-0.2901567217611194,1,SUCCESS
GSE106878,SIG034,11,-0.7617094203702033,1,SUCCESS
GSE106878,SIG034,12,0.1076715956797586,1,SUCCESS
GSE106878,SIG034,13,0.2082455944108463,1,SUCCESS
GSE106878,SIG034,14,0.2364761689434662,1,SUCCESS
GSE106878,SIG034,15,-0.8172119104535093,1,SUCCESS
GSE106878,SIG034,16,0.1679550200964408,1,SUCCESS
GSE106878,SIG034,17,0.4949884577751381,1,SUCCESS
GSE106878,SIG034,18,0.0175068636564487,1,SUCCESS
GSE106878,SIG034,19,-0.0469929201553467,1,SUCCESS
GSE106878,SIG034,20,-0.3843537760335523,1,SUCCESS
GSE106878,SIG034,21,0.3327413198454672,1,SUCCESS
GSE106878,SIG034,22,-0.0977870061956668,1,SUCCESS
GSE106878,SIG034,23,-0.3537678393470547,1,SUCCESS
GSE106878,SIG034,24,0.1258571669847192,1,SUCCESS
GSE106878,SIG034,25,-0.5038127734047062,1,SUCCESS
GSE106878,SIG034,26,0.2651910048403779,1,SUCCESS
GSE106878,SIG034,27,-0.195277075647884,1,SUCCESS
GSE106878,SIG034,28,-0.0070221928885148,1,SUCCESS
GSE106878,SIG034,29,-0.2395117551177232,1,SUCCESS
GSE106878,SIG034,30,0.1517666686157086,1,SUCCESS
GSE106878,SIG034,31,-0.5809842861080674,1,SUCCESS
GSE106878,SIG034,32,-0.1002480350044504,1,SUCCESS
GSE106878,SIG034,33,-0.2201741482756742,1,SUCCESS
GSE106878,SIG034,34,-0.04902598757744,1,SUCCESS
GSE106878,SIG034,35,-0.1145894483979847,1,SUCCESS
GSE106878,SIG034,36,-0.394359293329535,1,SUCCESS
GSE106878,SIG034,37,-0.8904744000035562,1,SUCCESS
GSE106878,SIG034,38,-0.4487538902509739,1,SUCCESS
GSE106878,SIG034,39,-0.2542519105395051,1,SUCCESS
GSE106878,SIG034,40,0.0073447570566623,1,SUCCESS
GSE106878,SIG034,41,-0.10870051296081,1,SUCCESS
GSE106878,SIG034,42,-0.092782357970108,1,SUCCESS
GSE106878,SIG034,43,-0.3760077803151085,1,SUCCESS
GSE106878,SIG034,44,0.145712772430015,1,SUCCESS
GSE106878,SIG034,45,0.3239889054941528,1,SUCCESS
GSE106878,SIG034,46,-0.5038265739901288,1,SUCCESS
GSE106878,SIG034,47,0.0703657486032099,1,SUCCESS
GSE106878,SIG034,48,-0.3214534816803162,1,SUCCESS
GSE106878,SIG034,49,0.4888889182158861,1,SUCCESS
GSE106878,SIG034,50,-0.0052459126599364,1,SUCCESS
GSE106878,SIG034,51,0.0607095152160193,1,SUCCESS
GSE106878,SIG034,52,-0.4376932028971648,1,SUCCESS
GSE106878,SIG034,53,0.1517979630749697,1,SUCCESS
GSE106878,SIG034,54,-0.1769399697677408,1,SUCCESS
GSE106878,SIG034,55,0.0914855928484411,1,SUCCESS
GSE106878,SIG034,56,-0.0296472202118345,1,SUCCESS
GSE106878,SIG034,57,-0.0150808106278525,1,SUCCESS
GSE106878,SIG034,58,0.2734064711682906,1,SUCCESS
GSE106878,SIG034,59,-0.2344168268568048,1,SUCCESS
GSE106878,SIG034,60,-0.2910901743116572,1,SUCCESS
GSE106878,SIG034,61,-0.3608942520385192,1,SUCCESS
GSE106878,SIG034,62,-0.2720034179797375,1,SUCCESS
GSE106878,SIG034,63,0.7997509686334012,1,SUCCESS
GSE106878,SIG034,64,-0.3861838273784315,1,SUCCESS
GSE106878,SIG034,65,-0.526533141759017,1,SUCCESS
GSE106878,SIG034,66,-0.560343626046756,1,SUCCESS
GSE106878,SIG034,67,-0.6796203721337002,1,SUCCESS
GSE106878,SIG034,68,0.3688251827066452,1,SUCCESS
GSE106878,SIG034,69,0.3450419579205773,1,SUCCESS
GSE106878,SIG034,70,-0.3798281514270319,1,SUCCESS
GSE106878,SIG034,71,-0.7000768656002014,1,SUCCESS
GSE106878,SIG034,72,-0.8009614219640576,1,SUCCESS
GSE106878,SIG034,73,-0.5930563400561376,1,SUCCESS
GSE106878,SIG034,74,-0.832023671584948,1,SUCCESS
GSE106878,SIG034,75,0.3379164699653791,1,SUCCESS
GSE106878,SIG034,76,-0.1570063856301347,1,SUCCESS
GSE106878,SIG034,77,0.1685827527116624,1,SUCCESS
GSE106878,SIG034,78,0.0401517532621647,1,SUCCESS
GSE106878,SIG034,79,-0.1150029930618568,1,SUCCESS
GSE106878,SIG034,80,0.3243646801808552,1,SUCCESS
GSE106878,SIG034,81,0.1973051643677129,1,SUCCESS
GSE106878,SIG034,82,-0.537526597737698,1,SUCCESS
GSE106878,SIG034,83,-0.1166037042923614,1,SUCCESS
GSE106878,SIG034,84,0.4810831268834796,1,SUCCESS
GSE106878,SIG034,85,-0.1239512386180859,1,SUCCESS
GSE106878,SIG034,86,0.1683449465016661,1,SUCCESS
GSE106878,SIG034,87,0.2539619288165631,1,SUCCESS
GSE106878,SIG034,88,-0.4809312544659448,1,SUCCESS
GSE106878,SIG034,89,-0.2216086916068541,1,SUCCESS
GSE106878,SIG034,90,-0.2172341489545411,1,SUCCESS
GSE106878,SIG034,91,0.4957412986817707,1,SUCCESS
GSE106878,SIG034,92,-0.4477817516106785,1,SUCCESS
GSE106878,SIG034,93,-0.1815176871381276,1,SUCCESS
GSE106878,SIG034,94,-0.2211046771416498,1,SUCCESS
GSE106878,SIG034,95,-0.1814735108855633,1,SUCCESS
GSE106878,SIG034,96,0.622458936574449,1,SUCCESS
GSE106878,SIG034,97,-0.6521125888469343,1,SUCCESS
GSE106878,SIG034,98,0.1300106361287578,1,SUCCESS
GSE106878,SIG034,99,-0.0793235859907952,1,SUCCESS
GSE106878,SIG034,100,-0.2076791975273888,1,SUCCESS
GSE106878,SIG034,101,-0.3509337489184875,1,SUCCESS
GSE106878,SIG034,102,-0.375278770563147,1,SUCCESS
GSE106878,SIG034,103,-0.2424187623821028,1,SUCCESS
GSE106878,SIG034,104,-0.2330849301206933,1,SUCCESS
GSE106878,SIG034,105,0.5017280223436597,1,SUCCESS
GSE106878,SIG034,106,0.2433790217241579,1,SUCCESS
GSE106878,SIG034,107,0.2753739468932896,1,SUCCESS
GSE106878,SIG034,108,-0.1290491269226278,1,SUCCESS
GSE106878,SIG034,109,0.178507984513864,1,SUCCESS
GSE106878,SIG034,110,0.2430693262260238,1,SUCCESS
GSE106878,SIG034,111,0.0090653477052737,1,SUCCESS
GSE106878,SIG034,112,-0.1943922597657188,1,SUCCESS
GSE106878,SIG034,113,0.0061104187735409,1,SUCCESS
GSE106878,SIG034,114,0.3845730925445559,1,SUCCESS
GSE106878,SIG034,115,-0.143885052493223,1,SUCCESS
GSE106878,SIG034,116,-0.4738726503187422,1,SUCCESS
GSE106878,SIG034,117,0.292232284466387,1,SUCCESS
GSE106878,SIG034,118,-0.0122933709712615,1,SUCCESS
GSE106878,SIG034,119,-0.0306833829813653,1,SUCCESS
GSE106878,SIG034,120,-0.2682717996726277,1,SUCCESS
GSE106878,SIG034,121,-0.544473594609918,1,SUCCESS
GSE106878,SIG034,122,0.0577646869095912,1,SUCCESS
GSE106878,SIG034,123,-0.0636822974925599,1,SUCCESS
GSE106878,SIG034,124,0.6132445385273877,1,SUCCESS
GSE106878,SIG034,125,0.5064101901490436,1,SUCCESS
GSE106878,SIG034,126,0.2767497021524575,1,SUCCESS
GSE106878,SIG034,127,0.0051721215733514,1,SUCCESS
GSE106878,SIG034,128,-0.2517400158637504,1,SUCCESS
GSE106878,SIG034,129,0.0535389973406565,1,SUCCESS
GSE106878,SIG034,130,0.1984421110473255,1,SUCCESS
GSE106878,SIG034,131,-0.4254695134405507,1,SUCCESS
GSE106878,SIG034,132,-0.5827429785349317,1,SUCCESS
GSE106878,SIG034,133,-0.0801600962292997,1,SUCCESS
GSE106878,SIG034,134,-0.4231831090617711,1,SUCCESS
GSE106878,SIG034,135,0.1929609695202529,1,SUCCESS
GSE106878,SIG034,136,0.3448036525766172,1,SUCCESS
GSE106878,SIG034,137,-0.4623667860392489,1,SUCCESS
GSE106878,SIG034,138,-0.2908657062240097,1,SUCCESS
GSE106878,SIG034,139,-0.2188498041600782,1,SUCCESS
GSE106878,SIG034,140,0.0167140271305227,1,SUCCESS
GSE106878,SIG034,141,0.1162085916350071,1,SUCCESS
GSE106878,SIG034,142,-0.1311790465566477,1,SUCCESS
GSE106878,SIG034,143,0.0290825058598992,1,SUCCESS
GSE106878,SIG034,144,0.3838102991854215,1,SUCCESS
GSE106878,SIG034,145,0.2328839262687263,1,SUCCESS
GSE106878,SIG034,146,0.2208496476072581,1,SUCCESS
GSE106878,SIG034,147,0.1568630855160343,1,SUCCESS
GSE106878,SIG034,148,-0.2660097608511247,1,SUCCESS
GSE106878,SIG034,149,-0.2542053700883147,1,SUCCESS
GSE106878,SIG034,150,-0.0568140510715262,1,SUCCESS
GSE106878,SIG034,151,-0.2156404884173104,1,SUCCESS
GSE106878,SIG034,152,0.3585783669339059,1,SUCCESS
GSE106878,SIG034,153,-0.2404082820986268,1,SUCCESS
GSE106878,SIG034,154,-0.4765173240494678,1,SUCCESS
GSE106878,SIG034,155,0.0716460945840973,1,SUCCESS
GSE106878,SIG034,156,-0.2353064353331791,1,SUCCESS
GSE106878,SIG034,157,0.0089130544217151,1,SUCCESS
GSE106878,SIG034,158,-0.796124691399699,1,SUCCESS
GSE106878,SIG034,159,0.0375422681679047,1,SUCCESS
GSE106878,SIG034,160,0.0637534089172689,1,SUCCESS
GSE106878,SIG034,161,0.1012692081838162,1,SUCCESS
GSE106878,SIG034,162,-0.2499897899174434,1,SUCCESS
GSE106878,SIG034,163,-0.5188522392871072,1,SUCCESS
GSE106878,SIG034,164,0.346434036196663,1,SUCCESS
GSE106878,SIG034,165,0.0837588267662401,1,SUCCESS
GSE106878,SIG034,166,0.0098683920495959,1,SUCCESS
GSE106878,SIG034,167,-0.6100893626155176,1,SUCCESS
GSE106878,SIG034,168,-0.3301918335981382,1,SUCCESS
GSE106878,SIG034,169,-0.7100639874207546,1,SUCCESS
GSE106878,SIG034,170,-0.5272822526494391,1,SUCCESS
GSE106878,SIG034,171,0.0439659395174141,1,SUCCESS
GSE106878,SIG034,172,0.3877471469843029,1,SUCCESS
GSE106878,SIG034,173,-1.003165085640161,1,SUCCESS
GSE106878,SIG034,174,-0.1040487463225398,1,SUCCESS
GSE106878,SIG034,175,-0.0408819168815739,1,SUCCESS
GSE106878,SIG034,176,0.0711185821863345,1,SUCCESS
GSE106878,SIG034,177,0.2705119642218599,1,SUCCESS
GSE106878,SIG034,178,-0.8518278778110304,1,SUCCESS
GSE106878,SIG034,179,-0.318287561987723,1,SUCCESS
GSE106878,SIG034,180,-0.283511867397356,1,SUCCESS
GSE106878,SIG034,181,0.1706985658580365,1,SUCCESS
GSE106878,SIG034,182,-0.2435197722095192,1,SUCCESS
GSE106878,SIG034,183,-0.0974285411695189,1,SUCCESS
GSE106878,SIG034,184,-0.2092728610912041,1,SUCCESS
GSE106878,SIG034,185,-0.0777281783758831,1,SUCCESS
GSE106878,SIG034,186,0.2186307601817187,1,SUCCESS
GSE106878,SIG034,187,-0.4409950505787003,1,SUCCESS
GSE106878,SIG034,188,-0.2637670065926668,1,SUCCESS
GSE106878,SIG034,189,-0.0040648917718166,1,SUCCESS
GSE106878,SIG034,190,-0.6184862016457985,1,SUCCESS
GSE106878,SIG034,191,0.1910297204287983,1,SUCCESS
GSE106878,SIG034,192,0.5698470593906182,1,SUCCESS
GSE106878,SIG034,193,0.2676936289679332,1,SUCCESS
GSE106878,SIG034,194,-0.0114144999051753,1,SUCCESS
GSE106878,SIG034,195,0.0506252979114397,1,SUCCESS
GSE106878,SIG034,196,-0.4699167785166646,1,SUCCESS
GSE106878,SIG034,197,0.0312920656352053,1,SUCCESS
GSE106878,SIG034,198,-0.0511746126630913,1,SUCCESS
GSE106878,SIG034,199,0.0293158075230738,1,SUCCESS
GSE106878,SIG034,200,0.4382777774176059,1,SUCCESS
GSE106878,SIG034,201,-0.6134298709099861,1,SUCCESS
GSE106878,SIG034,202,0.3705424728329801,1,SUCCESS
GSE106878,SIG034,203,0.3701086431530703,1,SUCCESS
GSE106878,SIG034,204,-0.3623503234141556,1,SUCCESS
GSE106878,SIG034,205,0.1790316006356265,1,SUCCESS
GSE106878,SIG034,206,0.4157349478183524,1,SUCCESS
GSE106878,SIG034,207,-0.2839734680543009,1,SUCCESS
GSE106878,SIG034,208,-0.5463466036137858,1,SUCCESS
GSE106878,SIG034,209,-0.4004123817162204,1,SUCCESS
GSE106878,SIG034,210,-0.1464234089088365,1,SUCCESS
GSE106878,SIG034,211,0.1273906619486074,1,SUCCESS
GSE106878,SIG034,212,-0.4299909485314614,1,SUCCESS
GSE106878,SIG034,213,-0.7070181909187616,1,SUCCESS
GSE106878,SIG034,214,-0.1243574516752492,1,SUCCESS
GSE106878,SIG034,215,-0.2240489240625629,1,SUCCESS
GSE106878,SIG034,216,-0.1684885178501497,1,SUCCESS
GSE106878,SIG034,217,-0.3796100732065528,1,SUCCESS
GSE106878,SIG034,218,0.2987744796229323,1,SUCCESS
GSE106878,SIG034,219,0.0891191176382832,1,SUCCESS
GSE106878,SIG034,220,-0.2927412912769965,1,SUCCESS
GSE106878,SIG034,221,0.0379334630477488,1,SUCCESS
GSE106878,SIG034,222,-0.583759699155058,1,SUCCESS
GSE106878,SIG034,223,0.3200993760770337,1,SUCCESS
GSE106878,SIG034,224,0.0710526166234262,1,SUCCESS
GSE106878,SIG034,225,-0.2409160050219725,1,SUCCESS
GSE106878,SIG034,226,-0.5481118856354178,1,SUCCESS
GSE106878,SIG034,227,-0.6175234235476321,1,SUCCESS
GSE106878,SIG034,228,-0.3625240691035733,1,SUCCESS
GSE106878,SIG034,229,-0.2063233981956894,1,SUCCESS
GSE106878,SIG034,230,-0.1470786039472651,1,SUCCESS
GSE106878,SIG034,231,-0.5276431079449678,1,SUCCESS
GSE106878,SIG034,232,0.2318802971599835,1,SUCCESS
GSE106878,SIG034,233,-0.0158481522810616,1,SUCCESS
GSE106878,SIG034,234,-0.062630145722163,1,SUCCESS
GSE106878,SIG034,235,0.160954066903637,1,SUCCESS
GSE106878,SIG034,236,-0.0934953573461434,1,SUCCESS
GSE106878,SIG034,237,-0.3688907330860688,1,SUCCESS
GSE106878,SIG034,238,0.2279879202249245,1,SUCCESS
GSE106878,SIG034,239,-0.5941844031579162,1,SUCCESS
GSE106878,SIG034,240,-0.5305666149928617,1,SUCCESS
GSE106878,SIG034,241,-0.1104602178210916,1,SUCCESS
GSE106878,SIG034,242,-0.0778197281913779,1,SUCCESS
GSE106878,SIG034,243,0.2631462329067499,1,SUCCESS
GSE106878,SIG034,244,0.1666436254013346,1,SUCCESS
GSE106878,SIG034,245,-0.1146886804152915,1,SUCCESS
GSE106878,SIG034,246,0.1151712576035736,1,SUCCESS
GSE106878,SIG034,247,-0.1632506597553417,1,SUCCESS
GSE106878,SIG034,248,0.1821588618355692,1,SUCCESS
GSE106878,SIG034,249,-0.3223429826189468,1,SUCCESS
GSE106878,SIG034,250,-0.2659457576222755,1,SUCCESS
GSE106878,SIG034,251,-0.0386128365133131,1,SUCCESS
GSE106878,SIG034,252,-0.4414658080712451,1,SUCCESS
GSE106878,SIG034,253,-0.6840611281787666,1,SUCCESS
GSE106878,SIG034,254,-0.23640260592426,1,SUCCESS
GSE106878,SIG034,255,0.091684608099203,1,SUCCESS
GSE106878,SIG034,256,-0.6639096814073948,1,SUCCESS
GSE106878,SIG034,257,-0.2077145436276839,1,SUCCESS
GSE106878,SIG034,258,0.0301642555063154,1,SUCCESS
GSE106878,SIG034,259,0.112519193034533,1,SUCCESS
GSE106878,SIG034,260,-0.376241564213277,1,SUCCESS
GSE106878,SIG034,261,-0.2150833778568257,1,SUCCESS
GSE106878,SIG034,262,-0.2208376557953077,1,SUCCESS
GSE106878,SIG034,263,0.421540033396285,1,SUCCESS
GSE106878,SIG034,264,0.3217569287590059,1,SUCCESS
GSE106878,SIG034,265,0.7389502574064646,1,SUCCESS
GSE106878,SIG034,266,0.1358772832773311,1,SUCCESS
GSE106878,SIG034,267,-0.0664347722168006,1,SUCCESS
GSE106878,SIG034,268,-0.2138663505972877,1,SUCCESS
GSE106878,SIG034,269,0.0406997043287573,1,SUCCESS
GSE106878,SIG034,270,0.2410158532192948,1,SUCCESS
GSE106878,SIG034,271,0.1878209565749795,1,SUCCESS
GSE106878,SIG034,272,-0.0991838781940089,1,SUCCESS
GSE106878,SIG034,273,0.1617968228921968,1,SUCCESS
GSE106878,SIG034,274,-0.1113453689904959,1,SUCCESS
GSE106878,SIG034,275,-0.4911266334547137,1,SUCCESS
GSE106878,SIG034,276,0.1197234936938657,1,SUCCESS
GSE106878,SIG034,277,0.0855597115338189,1,SUCCESS
GSE106878,SIG034,278,0.0967281242320695,1,SUCCESS
GSE106878,SIG034,279,-0.6179775049648416,1,SUCCESS
GSE106878,SIG034,280,0.1400700518490266,1,SUCCESS
GSE106878,SIG034,281,0.1076115143924602,1,SUCCESS
GSE106878,SIG034,282,-1.01462265778033,1,SUCCESS
GSE106878,SIG034,283,-0.4738429962991084,1,SUCCESS
GSE106878,SIG034,284,0.1598613859534475,1,SUCCESS
GSE106878,SIG034,285,-0.07629879889192,1,SUCCESS
GSE106878,SIG034,286,-0.7834477033450514,1,SUCCESS
GSE106878,SIG034,287,-0.3808610521639742,1,SUCCESS
GSE106878,SIG034,288,-0.1458715513886475,1,SUCCESS
GSE106878,SIG034,289,-0.4038656594263375,1,SUCCESS
GSE106878,SIG034,290,-0.5589777738908847,1,SUCCESS
GSE106878,SIG034,291,0.4998410320011128,1,SUCCESS
GSE106878,SIG034,292,-0.1982777797881231,1,SUCCESS
GSE106878,SIG034,293,-0.56745059088003,1,SUCCESS
GSE106878,SIG034,294,0.3239019086883449,1,SUCCESS
GSE106878,SIG034,295,-0.1814741178587896,1,SUCCESS
GSE106878,SIG034,296,-0.5022966786195519,1,SUCCESS
GSE106878,SIG034,297,-0.3800131171166966,1,SUCCESS
GSE106878,SIG034,298,-0.3063883735975909,1,SUCCESS
GSE106878,SIG034,299,-0.5886827027679901,1,SUCCESS
GSE106878,SIG034,300,-0.4479202446878473,1,SUCCESS
GSE106878,SIG034,301,0.20121551564092,1,SUCCESS
GSE106878,SIG034,302,-0.4049584310113063,1,SUCCESS
GSE106878,SIG034,303,-0.1332122562554782,1,SUCCESS
GSE106878,SIG034,304,-0.112629018125404,1,SUCCESS
GSE106878,SIG034,305,0.3664411334388445,1,SUCCESS
GSE106878,SIG034,306,0.3701957521787961,1,SUCCESS
GSE106878,SIG034,307,-1.0122417704213356,1,SUCCESS
GSE106878,SIG034,308,-0.5547354590959204,1,SUCCESS
GSE106878,SIG034,309,-0.2029118455332768,1,SUCCESS
GSE106878,SIG034,310,0.1293398114593874,1,SUCCESS
GSE106878,SIG034,311,-0.4538633575408323,1,SUCCESS
GSE106878,SIG034,312,0.093010186238745,1,SUCCESS
GSE106878,SIG034,313,0.2238170894958608,1,SUCCESS
GSE106878,SIG034,314,0.3487387038521711,1,SUCCESS
GSE106878,SIG034,315,0.2642350813463553,1,SUCCESS
GSE106878,SIG034,316,-0.6408677698050289,1,SUCCESS
GSE106878,SIG034,317,-0.8544258533157225,1,SUCCESS
GSE106878,SIG034,318,-0.1279046140683447,1,SUCCESS
GSE106878,SIG034,319,-0.2898050324980836,1,SUCCESS
GSE106878,SIG034,320,0.0027741943363192,1,SUCCESS
GSE106878,SIG034,321,-0.1582892447781839,1,SUCCESS
GSE106878,SIG034,322,-0.2565885029689227,1,SUCCESS
GSE106878,SIG034,323,0.0931700586673092,1,SUCCESS
GSE106878,SIG034,324,-0.2761656645767857,1,SUCCESS
GSE106878,SIG034,325,0.0790598873593282,1,SUCCESS
GSE106878,SIG034,326,-0.1584982485643467,1,SUCCESS
GSE106878,SIG034,327,-0.1639778894754877,1,SUCCESS
GSE106878,SIG034,328,-0.4523674502459242,1,SUCCESS
GSE106878,SIG034,329,0.053510642334282,1,SUCCESS
GSE106878,SIG034,330,-0.4930279608790067,1,SUCCESS
GSE106878,SIG034,331,0.0867281637985923,1,SUCCESS
GSE106878,SIG034,332,-0.1962369690089996,1,SUCCESS
GSE106878,SIG034,333,0.1193607867806617,1,SUCCESS
GSE106878,SIG034,334,0.3123515274287747,1,SUCCESS
GSE106878,SIG034,335,-0.0855437215125931,1,SUCCESS
GSE106878,SIG034,336,-0.1883998122148897,1,SUCCESS
GSE106878,SIG034,337,0.1891941914721018,1,SUCCESS
GSE106878,SIG034,338,-0.1211734232429547,1,SUCCESS
GSE106878,SIG034,339,-0.1858449975934689,1,SUCCESS
GSE106878,SIG034,340,-0.3671781258354681,1,SUCCESS
GSE106878,SIG034,341,-0.2154878286555865,1,SUCCESS
GSE106878,SIG034,342,-0.4232442709186732,1,SUCCESS
GSE106878,SIG034,343,-0.3546863404899397,1,SUCCESS
GSE106878,SIG034,344,0.522174163020119,1,SUCCESS
GSE106878,SIG034,345,0.1384586640559864,1,SUCCESS
GSE106878,SIG034,346,0.0699993631528125,1,SUCCESS
GSE106878,SIG034,347,0.1646444747485256,1,SUCCESS
GSE106878,SIG034,348,-0.0411324888607452,1,SUCCESS
GSE106878,SIG034,349,-0.5544931420666261,1,SUCCESS
GSE106878,SIG034,350,-0.3198820700134495,1,SUCCESS
GSE106878,SIG034,351,-0.7568336076744724,1,SUCCESS
GSE106878,SIG034,352,-0.4404601783267102,1,SUCCESS
GSE106878,SIG034,353,0.1354092359459587,1,SUCCESS
GSE106878,SIG034,354,-0.4325899017813109,1,SUCCESS
GSE106878,SIG034,355,0.2722845308405194,1,SUCCESS
GSE106878,SIG034,356,-0.2771197280084234,1,SUCCESS
GSE106878,SIG034,357,-0.3253682967851568,1,SUCCESS
GSE106878,SIG034,358,0.0514495383951058,1,SUCCESS
GSE106878,SIG034,359,0.1861853853451262,1,SUCCESS
GSE106878,SIG034,360,-0.2002373186309275,1,SUCCESS
GSE106878,SIG034,361,-0.4607040786459404,1,SUCCESS
GSE106878,SIG034,362,-0.8055424634404916,1,SUCCESS
GSE106878,SIG034,363,-0.4593758591662674,1,SUCCESS
GSE106878,SIG034,364,-0.7000373818096515,1,SUCCESS
GSE106878,SIG034,365,-0.4533397412926225,1,SUCCESS
GSE106878,SIG034,366,-0.0769906610044913,1,SUCCESS
GSE106878,SIG034,367,-0.772164513342515,1,SUCCESS
GSE106878,SIG034,368,-0.3263838796070993,1,SUCCESS
GSE106878,SIG034,369,-0.3625969421006796,1,SUCCESS
GSE106878,SIG034,370,0.0390019052527792,1,SUCCESS
GSE106878,SIG034,371,-0.879069632292671,1,SUCCESS
GSE106878,SIG034,372,-0.0743223440397406,1,SUCCESS
GSE106878,SIG034,373,-0.1342478245156023,1,SUCCESS
GSE106878,SIG034,374,-0.2608976736389367,1,SUCCESS
GSE106878,SIG034,375,0.1711174728851208,1,SUCCESS
GSE106878,SIG034,376,0.1537031168965769,1,SUCCESS
GSE106878,SIG034,377,0.179462564805495,1,SUCCESS
GSE106878,SIG034,378,0.1402398195233631,1,SUCCESS
GSE106878,SIG034,379,0.2347264616096262,1,SUCCESS
GSE106878,SIG034,380,-0.3573117822851162,1,SUCCESS
GSE106878,SIG034,381,-0.2342593602289385,1,SUCCESS
GSE106878,SIG034,382,-0.3609561910662562,1,SUCCESS
GSE106878,SIG034,383,-0.3230621282910459,1,SUCCESS
GSE106878,SIG034,384,0.2108531866436622,1,SUCCESS
GSE106878,SIG034,385,-0.1843373523137716,1,SUCCESS
GSE106878,SIG034,386,-0.0493451657491159,1,SUCCESS
GSE106878,SIG034,387,0.6561011512578199,1,SUCCESS
GSE106878,SIG034,388,-0.1311328602948453,1,SUCCESS
GSE106878,SIG034,389,-0.2609038346598437,1,SUCCESS
GSE106878,SIG034,390,-0.4085799223433119,1,SUCCESS
GSE106878,SIG034,391,-0.5037163861295664,1,SUCCESS
GSE106878,SIG034,392,-0.2553780297578422,1,SUCCESS
GSE106878,SIG034,393,-0.2130048220550196,1,SUCCESS
GSE106878,SIG034,394,-0.3846488365532753,1,SUCCESS
GSE106878,SIG034,395,-0.9003681274769328,1,SUCCESS
GSE106878,SIG034,396,-0.7450319016729867,1,SUCCESS
GSE106878,SIG034,397,0.0265654021867446,1,SUCCESS
GSE106878,SIG034,398,-0.1731309578219658,1,SUCCESS
GSE106878,SIG034,399,-0.2502802347730766,1,SUCCESS
GSE106878,SIG034,400,-0.6906770214200724,1,SUCCESS
GSE106878,SIG034,401,0.0985209154008211,1,SUCCESS
GSE106878,SIG034,402,-0.2172533726146483,1,SUCCESS
GSE106878,SIG034,403,-0.8003860293614173,1,SUCCESS
GSE106878,SIG034,404,-0.265253352331784,1,SUCCESS
GSE106878,SIG034,405,-0.4221561875421492,1,SUCCESS
GSE106878,SIG034,406,-0.4706205413899008,1,SUCCESS
GSE106878,SIG034,407,-0.4046753209750471,1,SUCCESS
GSE106878,SIG034,408,-0.529740009025212,1,SUCCESS
GSE106878,SIG034,409,0.2139478320810115,1,SUCCESS
GSE106878,SIG034,410,-0.183550743476593,1,SUCCESS
GSE106878,SIG034,411,-0.0595568502967039,1,SUCCESS
GSE106878,SIG034,412,-0.6520579876283554,1,SUCCESS
GSE106878,SIG034,413,-0.7746282053247848,1,SUCCESS
GSE106878,SIG034,414,0.2521693128803692,1,SUCCESS
GSE106878,SIG034,415,-1.0381368630447094,1,SUCCESS
GSE106878,SIG034,416,0.192567294911455,1,SUCCESS
GSE106878,SIG034,417,0.0044517020714606,1,SUCCESS
GSE106878,SIG034,418,-0.4742034547215229,1,SUCCESS
GSE106878,SIG034,419,-0.1023369217820931,1,SUCCESS
GSE106878,SIG034,420,0.1554185788417125,1,SUCCESS
GSE106878,SIG034,421,-0.1389953670484379,1,SUCCESS
GSE106878,SIG034,422,-0.6013929955416948,1,SUCCESS
GSE106878,SIG034,423,-0.4847738822595134,1,SUCCESS
GSE106878,SIG034,424,-0.3654180053341658,1,SUCCESS
GSE106878,SIG034,425,0.3292416474953659,1,SUCCESS
GSE106878,SIG034,426,0.2986282929536283,1,SUCCESS
GSE106878,SIG034,427,-0.3377027962251527,1,SUCCESS
GSE106878,SIG034,428,-0.2722523550288744,1,SUCCESS
GSE106878,SIG034,429,-0.2728938882995336,1,SUCCESS
GSE106878,SIG034,430,-0.2044630129609195,1,SUCCESS
GSE106878,SIG034,431,-0.7108116732131393,1,SUCCESS
GSE106878,SIG034,432,-0.000121114769956,1,SUCCESS
GSE106878,SIG034,433,0.1902856407006528,1,SUCCESS
GSE106878,SIG034,434,-0.1952393330131918,1,SUCCESS
GSE106878,SIG034,435,-0.0290662067066796,1,SUCCESS
GSE106878,SIG034,436,0.327964981502914,1,SUCCESS
GSE106878,SIG034,437,-0.4918161729041799,1,SUCCESS
GSE106878,SIG034,438,-0.7450005652653899,1,SUCCESS
GSE106878,SIG034,439,-0.5380125152860221,1,SUCCESS
GSE106878,SIG034,440,-0.4461162778920541,1,SUCCESS
GSE106878,SIG034,441,-0.4539983582328997,1,SUCCESS
GSE106878,SIG034,442,-0.3644202732495132,1,SUCCESS
GSE106878,SIG034,443,-0.480067528104022,1,SUCCESS
GSE106878,SIG034,444,-0.0427833066551785,1,SUCCESS
GSE106878,SIG034,445,-0.5001927059904231,1,SUCCESS
GSE106878,SIG034,446,-0.3056128723764901,1,SUCCESS
GSE106878,SIG034,447,-0.0778108219132682,1,SUCCESS
GSE106878,SIG034,448,0.470601097262905,1,SUCCESS
GSE106878,SIG034,449,0.2231814760238849,1,SUCCESS
GSE106878,SIG034,450,-0.5138294098051026,1,SUCCESS
GSE106878,SIG034,451,0.0558814087807883,1,SUCCESS
GSE106878,SIG034,452,-0.3779355220218144,1,SUCCESS
GSE106878,SIG034,453,-0.1721791610856702,1,SUCCESS
GSE106878,SIG034,454,-0.2282273545883406,1,SUCCESS
GSE106878,SIG034,455,-0.3387468218135989,1,SUCCESS
GSE106878,SIG034,456,0.0492377318093656,1,SUCCESS
GSE106878,SIG034,457,-0.5721468248238472,1,SUCCESS
GSE106878,SIG034,458,0.3447270623386113,1,SUCCESS
GSE106878,SIG034,459,0.3154285791010569,1,SUCCESS
GSE106878,SIG034,460,-0.2885844258873254,1,SUCCESS
GSE106878,SIG034,461,-0.5131702981862413,1,SUCCESS
GSE106878,SIG034,462,0.0822963483511155,1,SUCCESS
GSE106878,SIG034,463,-0.4831779930786386,1,SUCCESS
GSE106878,SIG034,464,-0.3987306442426165,1,SUCCESS
GSE106878,SIG034,465,0.152005312667032,1,SUCCESS
GSE106878,SIG034,466,-0.283167911507792,1,SUCCESS
GSE106878,SIG034,467,-0.2114177851133501,1,SUCCESS
GSE106878,SIG034,468,-0.4958675939807467,1,SUCCESS
GSE106878,SIG034,469,-0.0220876113419557,1,SUCCESS
GSE106878,SIG034,470,0.0070764628417027,1,SUCCESS
GSE106878,SIG034,471,0.3429539479650322,1,SUCCESS
GSE106878,SIG034,472,-0.6654330886770429,1,SUCCESS
GSE106878,SIG034,473,-0.4338291484498546,1,SUCCESS
GSE106878,SIG034,474,-0.3370880205373728,1,SUCCESS
GSE106878,SIG034,475,-0.2907840869612551,1,SUCCESS
GSE106878,SIG034,476,0.6302776389080839,1,SUCCESS
GSE106878,SIG034,477,-0.8098441767847363,1,SUCCESS
GSE106878,SIG034,478,-0.3682666464742719,1,SUCCESS
GSE106878,SIG034,479,-0.1506922078195801,1,SUCCESS
GSE106878,SIG034,480,-0.6578052013830801,1,SUCCESS
GSE106878,SIG034,481,-0.0534015234510308,1,SUCCESS
GSE106878,SIG034,482,0.1037121877108627,1,SUCCESS
GSE106878,SIG034,483,-0.827186238875599,1,SUCCESS
GSE106878,SIG034,484,-0.0970852048669073,1,SUCCESS
GSE106878,SIG034,485,-0.2221935340568091,1,SUCCESS
GSE106878,SIG034,486,-0.193342792112699,1,SUCCESS
GSE106878,SIG034,487,-0.3197360602371227,1,SUCCESS
GSE106878,SIG034,488,0.5508876423720067,1,SUCCESS
GSE106878,SIG034,489,0.135459139124092,1,SUCCESS
GSE106878,SIG034,490,-0.6312966708256323,1,SUCCESS
GSE106878,SIG034,491,-0.2957216410877515,1,SUCCESS
GSE106878,SIG034,492,-0.4634979808124291,1,SUCCESS
GSE106878,SIG034,493,-0.444963608308359,1,SUCCESS
GSE106878,SIG034,494,0.0577869100495252,1,SUCCESS
GSE106878,SIG034,495,0.1985001650873439,1,SUCCESS
GSE106878,SIG034,496,0.2472510701459352,1,SUCCESS
GSE106878,SIG034,497,0.4924964575863139,1,SUCCESS
GSE106878,SIG034,498,0.2432248334295503,1,SUCCESS
GSE106878,SIG034,499,-0.4403619584796941,1,SUCCESS
GSE106878,SIG034,500,-0.518054399079002,1,SUCCESS
GSE106878,SIG034,501,0.1022301642735445,1,SUCCESS
GSE106878,SIG034,502,0.0329966870452438,1,SUCCESS
GSE106878,SIG034,503,0.3692589141999532,1,SUCCESS
GSE106878,SIG034,504,0.7022044518226087,1,SUCCESS
GSE106878,SIG034,505,-0.3011756839589027,1,SUCCESS
GSE106878,SIG034,506,-0.125436047809887,1,SUCCESS
GSE106878,SIG034,507,-0.2545994100190437,1,SUCCESS
GSE106878,SIG034,508,-0.4014005176687766,1,SUCCESS
GSE106878,SIG034,509,-0.3727244392828487,1,SUCCESS
GSE106878,SIG034,510,-0.3221622341049748,1,SUCCESS
GSE106878,SIG034,511,-0.3642709379973511,1,SUCCESS
GSE106878,SIG034,512,0.4521756650787426,1,SUCCESS
GSE106878,SIG034,513,-0.1816182161015286,1,SUCCESS
GSE106878,SIG034,514,-0.0031387461091189,1,SUCCESS
GSE106878,SIG034,515,-0.0941980894914634,1,SUCCESS
GSE106878,SIG034,516,-0.1661794847610231,1,SUCCESS
GSE106878,SIG034,517,0.4091511248444191,1,SUCCESS
GSE106878,SIG034,518,0.3566058770812808,1,SUCCESS
GSE106878,SIG034,519,0.3385968928275885,1,SUCCESS
GSE106878,SIG034,520,0.4392036915394825,1,SUCCESS
GSE106878,SIG034,521,0.2619137821760153,1,SUCCESS
GSE106878,SIG034,522,-0.012852461111059,1,SUCCESS
GSE106878,SIG034,523,-0.5561764801329179,1,SUCCESS
GSE106878,SIG034,524,0.1484757456942879,1,SUCCESS
GSE106878,SIG034,525,-0.4250038983457053,1,SUCCESS
GSE106878,SIG034,526,-0.5370546781063246,1,SUCCESS
GSE106878,SIG034,527,-0.2542887706201565,1,SUCCESS
GSE106878,SIG034,528,-0.0764725290165431,1,SUCCESS
GSE106878,SIG034,529,-0.628727442391915,1,SUCCESS
GSE106878,SIG034,530,-0.0348878656615756,1,SUCCESS
GSE106878,SIG034,531,-0.4114352223175852,1,SUCCESS
GSE106878,SIG034,532,0.2835853992556701,1,SUCCESS
GSE106878,SIG034,533,-0.1867680635659838,1,SUCCESS
GSE106878,SIG034,534,0.125956557521997,1,SUCCESS
GSE106878,SIG034,535,-0.2160506727503124,1,SUCCESS
GSE106878,SIG034,536,-0.2194175372166344,1,SUCCESS
GSE106878,SIG034,537,0.1786237509236631,1,SUCCESS
GSE106878,SIG034,538,-0.2392478509443434,1,SUCCESS
GSE106878,SIG034,539,0.0887070633841285,1,SUCCESS
GSE106878,SIG034,540,0.2886790623802847,1,SUCCESS
GSE106878,SIG034,541,0.4104719335629872,1,SUCCESS
GSE106878,SIG034,542,-0.374515977979681,1,SUCCESS
GSE106878,SIG034,543,-0.2989551052262127,1,SUCCESS
GSE106878,SIG034,544,0.0068405849907927,1,SUCCESS
GSE106878,SIG034,545,0.0271018408826778,1,SUCCESS
GSE106878,SIG034,546,-0.0608756764732418,1,SUCCESS
GSE106878,SIG034,547,0.2257795135186547,1,SUCCESS
GSE106878,SIG034,548,0.4576794419565778,1,SUCCESS
GSE106878,SIG034,549,-0.1572182387024607,1,SUCCESS
GSE106878,SIG034,550,-0.085051769682873,1,SUCCESS
GSE106878,SIG034,551,0.4289445682019515,1,SUCCESS
GSE106878,SIG034,552,0.3814546114375202,1,SUCCESS
GSE106878,SIG034,553,0.194309289170835,1,SUCCESS
GSE106878,SIG034,554,-0.0379344633052399,1,SUCCESS
GSE106878,SIG034,555,-0.3102638202395071,1,SUCCESS
GSE106878,SIG034,556,0.4041776117817723,1,SUCCESS
GSE106878,SIG034,557,0.452604140486435,1,SUCCESS
GSE106878,SIG034,558,-0.3345194638335054,1,SUCCESS
GSE106878,SIG034,559,-0.1036564246890623,1,SUCCESS
GSE106878,SIG034,560,0.1780791937554251,1,SUCCESS
GSE106878,SIG034,561,-0.1649700671739599,1,SUCCESS
GSE106878,SIG034,562,0.1624973706352294,1,SUCCESS
GSE106878,SIG034,563,-0.4350343766104596,1,SUCCESS
GSE106878,SIG034,564,0.318610898679414,1,SUCCESS
GSE106878,SIG034,565,0.1748724031902478,1,SUCCESS
GSE106878,SIG034,566,0.2953156553283933,1,SUCCESS
GSE106878,SIG034,567,-0.0919090174607786,1,SUCCESS
GSE106878,SIG034,568,-0.1462635599840226,1,SUCCESS
GSE106878,SIG034,569,-0.4304732974957289,1,SUCCESS
GSE106878,SIG034,570,0.3572355172178788,1,SUCCESS
GSE106878,SIG034,571,-0.1153364202321835,1,SUCCESS
GSE106878,SIG034,572,0.0634693725932649,1,SUCCESS
GSE106878,SIG034,573,-0.0031564619590556,1,SUCCESS
GSE106878,SIG034,574,0.6193424091504673,1,SUCCESS
GSE106878,SIG034,575,0.1305024079953951,1,SUCCESS
GSE106878,SIG034,576,-0.3973577661634162,1,SUCCESS
GSE106878,SIG034,577,0.1843541561782082,1,SUCCESS
GSE106878,SIG034,578,0.1762922184455739,1,SUCCESS
GSE106878,SIG034,579,0.0529566526120428,1,SUCCESS
GSE106878,SIG034,580,-0.3032093095297711,1,SUCCESS
GSE106878,SIG034,581,-0.2922473305999393,1,SUCCESS
GSE106878,SIG034,582,-0.1972638901429986,1,SUCCESS
GSE106878,SIG034,583,0.4637373535998856,1,SUCCESS
GSE106878,SIG034,584,0.1468876830317685,1,SUCCESS
GSE106878,SIG034,585,-0.2124733033546905,1,SUCCESS
GSE106878,SIG034,586,-0.2265764406878737,1,SUCCESS
GSE106878,SIG034,587,-0.2220887037774787,1,SUCCESS
GSE106878,SIG034,588,-0.2279503836373481,1,SUCCESS
GSE106878,SIG034,589,-0.2535709350316874,1,SUCCESS
GSE106878,SIG034,590,-0.2524987061083075,1,SUCCESS
GSE106878,SIG034,591,0.1113932179510495,1,SUCCESS
GSE106878,SIG034,592,0.2555135384526872,1,SUCCESS
GSE106878,SIG034,593,-0.4976723402829906,1,SUCCESS
GSE106878,SIG034,594,0.348243910735583,1,SUCCESS
GSE106878,SIG034,595,-0.2010531945142469,1,SUCCESS
GSE106878,SIG034,596,-0.2243705992652719,1,SUCCESS
GSE106878,SIG034,597,-0.5530155332921335,1,SUCCESS
GSE106878,SIG034,598,0.4639194377398773,1,SUCCESS
GSE106878,SIG034,599,-0.5457921732229339,1,SUCCESS
GSE106878,SIG034,600,0.2856470459822443,1,SUCCESS
GSE106878,SIG034,601,-0.3077440082453808,1,SUCCESS
GSE106878,SIG034,602,0.0589394951958241,1,SUCCESS
GSE106878,SIG034,603,-0.4749155661702974,1,SUCCESS
GSE106878,SIG034,604,-0.2874686489674699,1,SUCCESS
GSE106878,SIG034,605,-1.0245852827367743,1,SUCCESS
GSE106878,SIG034,606,-0.7057937545621294,1,SUCCESS
GSE106878,SIG034,607,0.5588277146771289,1,SUCCESS
GSE106878,SIG034,608,0.2742257355722852,1,SUCCESS
GSE106878,SIG034,609,-0.3465913095498812,1,SUCCESS
GSE106878,SIG034,610,-0.0951188949394165,1,SUCCESS
GSE106878,SIG034,611,-0.0065964766113873,1,SUCCESS
GSE106878,SIG034,612,-0.0360971380569479,1,SUCCESS
GSE106878,SIG034,613,-0.1838271647187109,1,SUCCESS
GSE106878,SIG034,614,-0.2376382706033676,1,SUCCESS
GSE106878,SIG034,615,-0.0079324891428376,1,SUCCESS
GSE106878,SIG034,616,-0.5621665189465355,1,SUCCESS
GSE106878,SIG034,617,-0.7515543706992476,1,SUCCESS
GSE106878,SIG034,618,0.1250822004476509,1,SUCCESS
GSE106878,SIG034,619,-0.2641988055374589,1,SUCCESS
GSE106878,SIG034,620,0.0902801516994313,1,SUCCESS
GSE106878,SIG034,621,0.455744143024005,1,SUCCESS
GSE106878,SIG034,622,0.082675849410216,1,SUCCESS
GSE106878,SIG034,623,-0.3047042397269655,1,SUCCESS
GSE106878,SIG034,624,-0.3909824750656624,1,SUCCESS
GSE106878,SIG034,625,-0.2818718330674443,1,SUCCESS
GSE106878,SIG034,626,-0.142161701836715,1,SUCCESS
GSE106878,SIG034,627,0.0499772223091721,1,SUCCESS
GSE106878,SIG034,628,-0.164606419488586,1,SUCCESS
GSE106878,SIG034,629,-0.0570995077764114,1,SUCCESS
GSE106878,SIG034,630,-0.1922668025117989,1,SUCCESS
GSE106878,SIG034,631,0.4564294803209474,1,SUCCESS
GSE106878,SIG034,632,-0.4629918442805322,1,SUCCESS
GSE106878,SIG034,633,-0.3088564121519418,1,SUCCESS
GSE106878,SIG034,634,0.1584468056466474,1,SUCCESS
GSE106878,SIG034,635,-0.3984107083380394,1,SUCCESS
GSE106878,SIG034,636,-0.2847013703761751,1,SUCCESS
GSE106878,SIG034,637,0.1661505162457068,1,SUCCESS
GSE106878,SIG034,638,0.4636115035670654,1,SUCCESS
GSE106878,SIG034,639,-0.6159342595597336,1,SUCCESS
GSE106878,SIG034,640,-0.1343319034946681,1,SUCCESS
GSE106878,SIG034,641,-0.1377345931789848,1,SUCCESS
GSE106878,SIG034,642,-0.5174242960927795,1,SUCCESS
GSE106878,SIG034,643,0.3698679590211916,1,SUCCESS
GSE106878,SIG034,644,0.4776741188542821,1,SUCCESS
GSE106878,SIG034,645,-0.6521313282533316,1,SUCCESS
GSE106878,SIG034,646,0.1155029311768936,1,SUCCESS
GSE106878,SIG034,647,-0.0447899770087905,1,SUCCESS
GSE106878,SIG034,648,0.4717982151949019,1,SUCCESS
GSE106878,SIG034,649,-0.2495121590594495,1,SUCCESS
GSE106878,SIG034,650,-0.375340078092982,1,SUCCESS
GSE106878,SIG034,651,-0.3551830655120526,1,SUCCESS
GSE106878,SIG034,652,-0.7258895976226256,1,SUCCESS
GSE106878,SIG034,653,-0.5995316574465118,1,SUCCESS
GSE106878,SIG034,654,0.0389701776039388,1,SUCCESS
GSE106878,SIG034,655,-0.2795693396737636,1,SUCCESS
GSE106878,SIG034,656,0.453005307177977,1,SUCCESS
GSE106878,SIG034,657,0.2071411064110646,1,SUCCESS
GSE106878,SIG034,658,0.079652722387049,1,SUCCESS
GSE106878,SIG034,659,-0.0703120501582,1,SUCCESS
GSE106878,SIG034,660,0.0650375100022831,1,SUCCESS
GSE106878,SIG034,661,-0.398786282483224,1,SUCCESS
GSE106878,SIG034,662,-0.1760591232708778,1,SUCCESS
GSE106878,SIG034,663,-0.3416950134399181,1,SUCCESS
GSE106878,SIG034,664,-0.5416106340807558,1,SUCCESS
GSE106878,SIG034,665,0.1585968588784682,1,SUCCESS
GSE106878,SIG034,666,-0.204731930417297,1,SUCCESS
GSE106878,SIG034,667,-0.1838459921007889,1,SUCCESS
GSE106878,SIG034,668,0.6787142420453766,1,SUCCESS
GSE106878,SIG034,669,0.1060076945213095,1,SUCCESS
GSE106878,SIG034,670,-0.0242017101041899,1,SUCCESS
GSE106878,SIG034,671,-0.474685504718186,1,SUCCESS
GSE106878,SIG034,672,0.1850752081333419,1,SUCCESS
GSE106878,SIG034,673,-0.3293965473463706,1,SUCCESS
GSE106878,SIG034,674,-0.410490488035123,1,SUCCESS
GSE106878,SIG034,675,-0.4587024753672687,1,SUCCESS
GSE106878,SIG034,676,0.4266038748550534,1,SUCCESS
GSE106878,SIG034,677,0.5795729744315784,1,SUCCESS
GSE106878,SIG034,678,-0.0064815725758676,1,SUCCESS
GSE106878,SIG034,679,0.0848304357479714,1,SUCCESS
GSE106878,SIG034,680,-0.4192286426755456,1,SUCCESS
GSE106878,SIG034,681,0.0101034537277563,1,SUCCESS
GSE106878,SIG034,682,-0.0079187889816584,1,SUCCESS
GSE106878,SIG034,683,-0.6851778368021867,1,SUCCESS
GSE106878,SIG034,684,0.2727589570017115,1,SUCCESS
GSE106878,SIG034,685,-0.729870985524666,1,SUCCESS
GSE106878,SIG034,686,-0.3164758060932079,1,SUCCESS
GSE106878,SIG034,687,-0.6925881575793725,1,SUCCESS
GSE106878,SIG034,688,-0.4015549251046568,1,SUCCESS
GSE106878,SIG034,689,0.1853683957880555,1,SUCCESS
GSE106878,SIG034,690,-0.5948849361994486,1,SUCCESS
GSE106878,SIG034,691,-0.0337270674741875,1,SUCCESS
GSE106878,SIG034,692,-0.4472172334467161,1,SUCCESS
GSE106878,SIG034,693,-0.4758167574035753,1,SUCCESS
GSE106878,SIG034,694,-0.3605924098412524,1,SUCCESS
GSE106878,SIG034,695,-0.1636274772072873,1,SUCCESS
GSE106878,SIG034,696,0.4298060934974627,1,SUCCESS
GSE106878,SIG034,697,-0.2732713430677016,1,SUCCESS
GSE106878,SIG034,698,-0.303813633467764,1,SUCCESS
GSE106878,SIG034,699,0.1967099591527038,1,SUCCESS
GSE106878,SIG034,700,-0.306555015085993,1,SUCCESS
GSE106878,SIG034,701,0.5571143912469105,1,SUCCESS
GSE106878,SIG034,702,0.2362503912664634,1,SUCCESS
GSE106878,SIG034,703,0.0270551473386576,1,SUCCESS
GSE106878,SIG034,704,0.1651461480969031,1,SUCCESS
GSE106878,SIG034,705,0.1640610375896221,1,SUCCESS
GSE106878,SIG034,706,-1.0155588078242268,1,SUCCESS
GSE106878,SIG034,707,-0.1489117604181493,1,SUCCESS
GSE106878,SIG034,708,-0.0902603223218266,1,SUCCESS
GSE106878,SIG034,709,0.0042575504314472,1,SUCCESS
GSE106878,SIG034,710,-0.3202907577867461,1,SUCCESS
GSE106878,SIG034,711,0.2110233023501528,1,SUCCESS
GSE106878,SIG034,712,-0.1378776512745423,1,SUCCESS
GSE106878,SIG034,713,-0.1874851126381325,1,SUCCESS
GSE106878,SIG034,714,0.1516752533007428,1,SUCCESS
GSE106878,SIG034,715,-0.0570922950710217,1,SUCCESS
GSE106878,SIG034,716,0.2341127660471574,1,SUCCESS
GSE106878,SIG034,717,0.1159855342690913,1,SUCCESS
GSE106878,SIG034,718,-0.4990462556891455,1,SUCCESS
GSE106878,SIG034,719,-0.3264207513895518,1,SUCCESS
GSE106878,SIG034,720,0.0543067305194365,1,SUCCESS
GSE106878,SIG034,721,-0.0736941367290942,1,SUCCESS
GSE106878,SIG034,722,-0.2839768969500099,1,SUCCESS
GSE106878,SIG034,723,-0.2446441128956597,1,SUCCESS
GSE106878,SIG034,724,0.5514688025064818,1,SUCCESS
GSE106878,SIG034,725,-0.4318563622627697,1,SUCCESS
GSE106878,SIG034,726,-0.0911927900183621,1,SUCCESS
GSE106878,SIG034,727,-0.7735000232891708,1,SUCCESS
GSE106878,SIG034,728,0.1580079219434914,1,SUCCESS
GSE106878,SIG034,729,-0.0396311517766234,1,SUCCESS
GSE106878,SIG034,730,-0.1425557964765594,1,SUCCESS
GSE106878,SIG034,731,0.1050450500633093,1,SUCCESS
GSE106878,SIG034,732,0.4388005008327087,1,SUCCESS
GSE106878,SIG034,733,-0.1753105007984083,1,SUCCESS
GSE106878,SIG034,734,0.0274327697484272,1,SUCCESS
GSE106878,SIG034,735,-0.6878534700267218,1,SUCCESS
GSE106878,SIG034,736,-0.1629949409776778,1,SUCCESS
GSE106878,SIG034,737,0.3359210667103847,1,SUCCESS
GSE106878,SIG034,738,0.315741812046724,1,SUCCESS
GSE106878,SIG034,739,-0.5675939661589021,1,SUCCESS
GSE106878,SIG034,740,-0.3492788891393339,1,SUCCESS
GSE106878,SIG034,741,0.1553477960197396,1,SUCCESS
GSE106878,SIG034,742,-0.2495807647128741,1,SUCCESS
GSE106878,SIG034,743,-0.1929645443355592,1,SUCCESS
GSE106878,SIG034,744,-0.2641960076108565,1,SUCCESS
GSE106878,SIG034,745,0.0809417964082477,1,SUCCESS
GSE106878,SIG034,746,0.069723500738511,1,SUCCESS
GSE106878,SIG034,747,0.1671024660293771,1,SUCCESS
GSE106878,SIG034,748,-0.1606732930944878,1,SUCCESS
GSE106878,SIG034,749,-0.1470559431928851,1,SUCCESS
GSE106878,SIG034,750,-0.6322656757740218,1,SUCCESS
GSE106878,SIG034,751,-0.340891011641969,1,SUCCESS
GSE106878,SIG034,752,0.2414958212568699,1,SUCCESS
GSE106878,SIG034,753,-0.1657938571564573,1,SUCCESS
GSE106878,SIG034,754,0.8055095699725386,1,SUCCESS
GSE106878,SIG034,755,0.1352960358252088,1,SUCCESS
GSE106878,SIG034,756,-0.1452408789998195,1,SUCCESS
GSE106878,SIG034,757,0.1946696367847963,1,SUCCESS
GSE106878,SIG034,758,-0.3766090532373315,1,SUCCESS
GSE106878,SIG034,759,-0.08216537772902,1,SUCCESS
GSE106878,SIG034,760,0.2497169037531997,1,SUCCESS
GSE106878,SIG034,761,0.1153493758567665,1,SUCCESS
GSE106878,SIG034,762,0.3305392096177474,1,SUCCESS
GSE106878,SIG034,763,0.2255527712148476,1,SUCCESS
GSE106878,SIG034,764,0.1813888883888419,1,SUCCESS
GSE106878,SIG034,765,-0.1987475461985653,1,SUCCESS
GSE106878,SIG034,766,-0.5494159614101526,1,SUCCESS
GSE106878,SIG034,767,0.3035231814819285,1,SUCCESS
GSE106878,SIG034,768,0.1151124307267057,1,SUCCESS
GSE106878,SIG034,769,-0.340387200960258,1,SUCCESS
GSE106878,SIG034,770,0.1844635301985428,1,SUCCESS
GSE106878,SIG034,771,-0.2001982057460781,1,SUCCESS
GSE106878,SIG034,772,-0.1457848517694024,1,SUCCESS
GSE106878,SIG034,773,-0.1918825861332928,1,SUCCESS
GSE106878,SIG034,774,-0.0451593470670406,1,SUCCESS
GSE106878,SIG034,775,-0.2495765966079007,1,SUCCESS
GSE106878,SIG034,776,0.0329241500280316,1,SUCCESS
GSE106878,SIG034,777,0.1020477540292086,1,SUCCESS
GSE106878,SIG034,778,-0.31633604703832,1,SUCCESS
GSE106878,SIG034,779,-0.3344097946983866,1,SUCCESS
GSE106878,SIG034,780,-0.7757411895997293,1,SUCCESS
GSE106878,SIG034,781,-0.6924037501191586,1,SUCCESS
GSE106878,SIG034,782,0.6244111063256966,1,SUCCESS
GSE106878,SIG034,783,0.4467702323454981,1,SUCCESS
GSE106878,SIG034,784,0.1852583656580489,1,SUCCESS
GSE106878,SIG034,785,0.2621211366137879,1,SUCCESS
GSE106878,SIG034,786,-0.6148275357309214,1,SUCCESS
GSE106878,SIG034,787,-0.1479423843751929,1,SUCCESS
GSE106878,SIG034,788,0.0842856138751184,1,SUCCESS
GSE106878,SIG034,789,-0.0565986578516315,1,SUCCESS
GSE106878,SIG034,790,-0.0937009200528493,1,SUCCESS
GSE106878,SIG034,791,0.1811931123437364,1,SUCCESS
GSE106878,SIG034,792,-0.1862231047668311,1,SUCCESS
GSE106878,SIG034,793,-0.231446108162418,1,SUCCESS
GSE106878,SIG034,794,0.3624013083076491,1,SUCCESS
GSE106878,SIG034,795,0.2611076848211112,1,SUCCESS
GSE106878,SIG034,796,0.0762908540418636,1,SUCCESS
GSE106878,SIG034,797,-0.1716989627638191,1,SUCCESS
GSE106878,SIG034,798,-0.6774726352951805,1,SUCCESS
GSE106878,SIG034,799,-0.004136295683678,1,SUCCESS
GSE106878,SIG034,800,0.3803614870828065,1,SUCCESS
GSE106878,SIG034,801,0.0016852315592241,1,SUCCESS
GSE106878,SIG034,802,0.3012522274739864,1,SUCCESS
GSE106878,SIG034,803,-0.5927985714117987,1,SUCCESS
GSE106878,SIG034,804,0.1788569328462054,1,SUCCESS
GSE106878,SIG034,805,-0.0544608758674614,1,SUCCESS
GSE106878,SIG034,806,0.0158197129892303,1,SUCCESS
GSE106878,SIG034,807,-0.3965702939055876,1,SUCCESS
GSE106878,SIG034,808,-0.2799810940072019,1,SUCCESS
GSE106878,SIG034,809,0.3195572755007261,1,SUCCESS
GSE106878,SIG034,810,-0.5416136877760556,1,SUCCESS
GSE106878,SIG034,811,0.1355542737480378,1,SUCCESS
GSE106878,SIG034,812,0.1360877020944343,1,SUCCESS
GSE106878,SIG034,813,-0.4100884571448185,1,SUCCESS
GSE106878,SIG034,814,-0.4756881297955483,1,SUCCESS
GSE106878,SIG034,815,-0.4749362906297026,1,SUCCESS
GSE106878,SIG034,816,-0.09517890969012,1,SUCCESS
GSE106878,SIG034,817,0.1531290637119735,1,SUCCESS
GSE106878,SIG034,818,-0.3470976279147423,1,SUCCESS
GSE106878,SIG034,819,-0.1124602828045548,1,SUCCESS
GSE106878,SIG034,820,0.4970106310854797,1,SUCCESS
GSE106878,SIG034,821,0.0461142715503103,1,SUCCESS
GSE106878,SIG034,822,-0.7815829581628839,1,SUCCESS
GSE106878,SIG034,823,-0.0378472824785301,1,SUCCESS
GSE106878,SIG034,824,0.1567159663964229,1,SUCCESS
GSE106878,SIG034,825,-0.3526443630200393,1,SUCCESS
GSE106878,SIG034,826,-0.4547736874189018,1,SUCCESS
GSE106878,SIG034,827,-0.0346574363580931,1,SUCCESS
GSE106878,SIG034,828,-0.3693910862741722,1,SUCCESS
GSE106878,SIG034,829,-0.1866355535558353,1,SUCCESS
GSE106878,SIG034,830,0.6549556982779035,1,SUCCESS
GSE106878,SIG034,831,-0.2862606481284669,1,SUCCESS
GSE106878,SIG034,832,-0.3542734815339861,1,SUCCESS
GSE106878,SIG034,833,0.5131257492858203,1,SUCCESS
GSE106878,SIG034,834,-0.0733677475173377,1,SUCCESS
GSE106878,SIG034,835,-0.1635404860011433,1,SUCCESS
GSE106878,SIG034,836,-0.1803914889594862,1,SUCCESS
GSE106878,SIG034,837,0.7190448047291974,1,SUCCESS
GSE106878,SIG034,838,0.2388772728303685,1,SUCCESS
GSE106878,SIG034,839,0.5324799352603905,1,SUCCESS
GSE106878,SIG034,840,0.1305089277744278,1,SUCCESS
GSE106878,SIG034,841,0.5152663039372446,1,SUCCESS
GSE106878,SIG034,842,0.5744791183814021,1,SUCCESS
GSE106878,SIG034,843,0.217814013839844,1,SUCCESS
GSE106878,SIG034,844,-0.1909232459667194,1,SUCCESS
GSE106878,SIG034,845,-0.1308718832155545,1,SUCCESS
GSE106878,SIG034,846,-0.551728613250191,1,SUCCESS
GSE106878,SIG034,847,0.538563306314163,1,SUCCESS
GSE106878,SIG034,848,-0.6978776913668279,1,SUCCESS
GSE106878,SIG034,849,-0.5456596395693804,1,SUCCESS
GSE106878,SIG034,850,0.272335059607033,1,SUCCESS
GSE106878,SIG034,851,-0.1744385184705431,1,SUCCESS
GSE106878,SIG034,852,0.7471348372026545,1,SUCCESS
GSE106878,SIG034,853,-0.0837480654002833,1,SUCCESS
GSE106878,SIG034,854,0.1570236754934786,1,SUCCESS
GSE106878,SIG034,855,-0.0446984328419479,1,SUCCESS
GSE106878,SIG034,856,-0.1066817664789671,1,SUCCESS
GSE106878,SIG034,857,-0.0539660888459967,1,SUCCESS
GSE106878,SIG034,858,-0.0553564299844274,1,SUCCESS
GSE106878,SIG034,859,0.0295614580161577,1,SUCCESS
GSE106878,SIG034,860,-0.2586653424896284,1,SUCCESS
GSE106878,SIG034,861,-0.948189569577744,1,SUCCESS
GSE106878,SIG034,862,0.0800287430274354,1,SUCCESS
GSE106878,SIG034,863,0.1854296428976919,1,SUCCESS
GSE106878,SIG034,864,-0.185137902428121,1,SUCCESS
GSE106878,SIG034,865,0.0068725368060724,1,SUCCESS
GSE106878,SIG034,866,0.3774919035530476,1,SUCCESS
GSE106878,SIG034,867,0.3078938626557573,1,SUCCESS
GSE106878,SIG034,868,-0.5923256900837145,1,SUCCESS
GSE106878,SIG034,869,0.0042927334679708,1,SUCCESS
GSE106878,SIG034,870,-0.4707422842445117,1,SUCCESS
GSE106878,SIG034,871,-0.2896273763254699,1,SUCCESS
GSE106878,SIG034,872,0.32276362160589,1,SUCCESS
GSE106878,SIG034,873,0.0543082926861459,1,SUCCESS
GSE106878,SIG034,874,0.5131612891841145,1,SUCCESS
GSE106878,SIG034,875,0.4538254322478521,1,SUCCESS
GSE106878,SIG034,876,0.4528745736991623,1,SUCCESS
GSE106878,SIG034,877,-0.1715672120768837,1,SUCCESS
GSE106878,SIG034,878,-0.146477165229811,1,SUCCESS
GSE106878,SIG034,879,-0.4693148687073914,1,SUCCESS
GSE106878,SIG034,880,-0.4383472416200502,1,SUCCESS
GSE106878,SIG034,881,0.311674517772785,1,SUCCESS
GSE106878,SIG034,882,-0.6090599696568835,1,SUCCESS
GSE106878,SIG034,883,-0.5295670430983851,1,SUCCESS
GSE106878,SIG034,884,-0.0995559575752626,1,SUCCESS
GSE106878,SIG034,885,0.4693903240080526,1,SUCCESS
GSE106878,SIG034,886,0.3758857713466019,1,SUCCESS
GSE106878,SIG034,887,-0.5398526408555056,1,SUCCESS
GSE106878,SIG034,888,0.3826139235837869,1,SUCCESS
GSE106878,SIG034,889,0.4747125995513599,1,SUCCESS
GSE106878,SIG034,890,0.0741413979026476,1,SUCCESS
GSE106878,SIG034,891,0.1448043260551328,1,SUCCESS
GSE106878,SIG034,892,-0.4060538109953779,1,SUCCESS
GSE106878,SIG034,893,0.3845076904111393,1,SUCCESS
GSE106878,SIG034,894,0.019796499241101,1,SUCCESS
GSE106878,SIG034,895,-0.070839558184285,1,SUCCESS
GSE106878,SIG034,896,0.1854943428758043,1,SUCCESS
GSE106878,SIG034,897,0.3957113813150977,1,SUCCESS
GSE106878,SIG034,898,0.1128944678807056,1,SUCCESS
GSE106878,SIG034,899,-0.551947179610838,1,SUCCESS
GSE106878,SIG034,900,0.1539587888768961,1,SUCCESS
GSE106878,SIG034,901,-0.827902746922699,1,SUCCESS
GSE106878,SIG034,902,0.0598270677423706,1,SUCCESS
GSE106878,SIG034,903,-0.5881866471274334,1,SUCCESS
GSE106878,SIG034,904,0.0187453008460159,1,SUCCESS
GSE106878,SIG034,905,-0.323551248989513,1,SUCCESS
GSE106878,SIG034,906,-0.8818464130651245,1,SUCCESS
GSE106878,SIG034,907,-0.1472732472982037,1,SUCCESS
GSE106878,SIG034,908,-0.3867060954614685,1,SUCCESS
GSE106878,SIG034,909,0.0072719350113496,1,SUCCESS
GSE106878,SIG034,910,-0.066363580737988,1,SUCCESS
GSE106878,SIG034,911,-0.6612617522548601,1,SUCCESS
GSE106878,SIG034,912,0.1616939060417064,1,SUCCESS
GSE106878,SIG034,913,-0.5151737283716848,1,SUCCESS
GSE106878,SIG034,914,-0.2478694736767071,1,SUCCESS
GSE106878,SIG034,915,0.043251607856242,1,SUCCESS
GSE106878,SIG034,916,-0.2873501859497045,1,SUCCESS
GSE106878,SIG034,917,-0.2424141769243475,1,SUCCESS
GSE106878,SIG034,918,-0.0486876245824304,1,SUCCESS
GSE106878,SIG034,919,-0.0494625251934536,1,SUCCESS
GSE106878,SIG034,920,-0.6386609639151405,1,SUCCESS
GSE106878,SIG034,921,0.0089726523331768,1,SUCCESS
GSE106878,SIG034,922,-0.5570185766095751,1,SUCCESS
GSE106878,SIG034,923,-0.1174820395451766,1,SUCCESS
GSE106878,SIG034,924,-0.0252824014533509,1,SUCCESS
GSE106878,SIG034,925,-0.1209402226986724,1,SUCCESS
GSE106878,SIG034,926,-0.3000067165104445,1,SUCCESS
GSE106878,SIG034,927,-0.1942407470289835,1,SUCCESS
GSE106878,SIG034,928,-0.422106783829156,1,SUCCESS
GSE106878,SIG034,929,-0.2644743341113976,1,SUCCESS
GSE106878,SIG034,930,0.3069392045933979,1,SUCCESS
GSE106878,SIG034,931,0.0699084000350678,1,SUCCESS
GSE106878,SIG034,932,-0.0514000362042145,1,SUCCESS
GSE106878,SIG034,933,0.3363133316407116,1,SUCCESS
GSE106878,SIG034,934,0.2339949595764254,1,SUCCESS
GSE106878,SIG034,935,0.1153566851250224,1,SUCCESS
GSE106878,SIG034,936,-0.4078136299136465,1,SUCCESS
GSE106878,SIG034,937,-0.6157708778844124,1,SUCCESS
GSE106878,SIG034,938,-0.3744403966091667,1,SUCCESS
GSE106878,SIG034,939,-0.0522946666417458,1,SUCCESS
GSE106878,SIG034,940,-0.3028335887199075,1,SUCCESS
GSE106878,SIG034,941,0.7888189568982443,1,SUCCESS
GSE106878,SIG034,942,0.0142845696884653,1,SUCCESS
GSE106878,SIG034,943,0.0415644288860452,1,SUCCESS
GSE106878,SIG034,944,0.2453280837503494,1,SUCCESS
GSE106878,SIG034,945,-0.4871799660652464,1,SUCCESS
GSE106878,SIG034,946,0.1348689221344279,1,SUCCESS
GSE106878,SIG034,947,-0.3562697513393494,1,SUCCESS
GSE106878,SIG034,948,0.2395410348492451,1,SUCCESS
GSE106878,SIG034,949,-0.4128748975895021,1,SUCCESS
GSE106878,SIG034,950,0.6920930001662267,1,SUCCESS
GSE106878,SIG034,951,-0.0626961163657641,1,SUCCESS
GSE106878,SIG034,952,-0.1085049676945429,1,SUCCESS
GSE106878,SIG034,953,0.4527197496999356,1,SUCCESS
GSE106878,SIG034,954,0.5369685494235065,1,SUCCESS
GSE106878,SIG034,955,0.4062425074960874,1,SUCCESS
GSE106878,SIG034,956,-0.4428481874878898,1,SUCCESS
GSE106878,SIG034,957,0.4119298647834913,1,SUCCESS
GSE106878,SIG034,958,-0.1896670354847553,1,SUCCESS
GSE106878,SIG034,959,-0.3807432457497944,1,SUCCESS
GSE106878,SIG034,960,-0.3410108218221365,1,SUCCESS
GSE106878,SIG034,961,0.2440765162393806,1,SUCCESS
GSE106878,SIG034,962,-0.0557475787086351,1,SUCCESS
GSE106878,SIG034,963,0.3588634244013706,1,SUCCESS
GSE106878,SIG034,964,-0.2991139041074846,1,SUCCESS
GSE106878,SIG034,965,0.0079079980100784,1,SUCCESS
GSE106878,SIG034,966,0.3275815628994202,1,SUCCESS
GSE106878,SIG034,967,-0.334118045893827,1,SUCCESS
GSE106878,SIG034,968,0.3790817612951686,1,SUCCESS
GSE106878,SIG034,969,0.2904603831962549,1,SUCCESS
GSE106878,SIG034,970,-0.5062879131997788,1,SUCCESS
GSE106878,SIG034,971,0.1499560342804113,1,SUCCESS
GSE106878,SIG034,972,0.3186626506039997,1,SUCCESS
GSE106878,SIG034,973,0.3760752496690279,1,SUCCESS
GSE106878,SIG034,974,0.146094576781923,1,SUCCESS
GSE106878,SIG034,975,-0.3615402852973093,1,SUCCESS
GSE106878,SIG034,976,-0.3492928123535651,1,SUCCESS
GSE106878,SIG034,977,-0.5072735363777081,1,SUCCESS
GSE106878,SIG034,978,0.4663508074345586,1,SUCCESS
GSE106878,SIG034,979,0.2825872408560785,1,SUCCESS
GSE106878,SIG034,980,-0.0224015614476408,1,SUCCESS
GSE106878,SIG034,981,-0.2480480040397486,1,SUCCESS
GSE106878,SIG034,982,0.471013373264237,1,SUCCESS
GSE106878,SIG034,983,-0.2019124500356978,1,SUCCESS
GSE106878,SIG034,984,0.2559794227872773,1,SUCCESS
GSE106878,SIG034,985,-0.5113867241663765,1,SUCCESS
GSE106878,SIG034,986,0.0335449652854463,1,SUCCESS
GSE106878,SIG034,987,-0.0418702432968955,1,SUCCESS
GSE106878,SIG034,988,0.4658835605362273,1,SUCCESS
GSE106878,SIG034,989,-0.4946482237550556,1,SUCCESS
GSE106878,SIG034,990,-0.1076144542262388,1,SUCCESS
GSE106878,SIG034,991,0.3221657973405412,1,SUCCESS
GSE106878,SIG034,992,-0.3295125413637675,1,SUCCESS
GSE106878,SIG034,993,-0.1115462876204366,1,SUCCESS
GSE106878,SIG034,994,0.2572765611360757,1,SUCCESS
GSE106878,SIG034,995,-0.1742667480807575,1,SUCCESS
GSE106878,SIG034,996,0.350409853417903,1,SUCCESS
GSE106878,SIG034,997,-0.1254601547481075,1,SUCCESS
GSE106878,SIG034,998,0.2337628433308785,1,SUCCESS
GSE106878,SIG034,999,-0.3223932576299571,1,SUCCESS
GSE106878,SIG034,1000,0.2074283979957005,1,SUCCESS
